FULL_PATH,FILE_NAME,EXTENSION,SIZE_BYTES,CREATED_UTC,MODIFIED_UTC,SOURCE_ROLE,COPY_STATUS,HYDRATION_STATUS
C:\RSOS\RSOS  Python Results\V7_CROSSMODEL_DEPLOYMENT_LOCALIZATION\00_FROZEN_RUNNER.py,00_FROZEN_RUNNER.py,.py,63499,2026-09-10T20:36:26.0315166Z,2026-09-10T20:36:22.4547515Z,AUTHORITY_OR_FREEZE|RUNNER,PRIMARY_OR_UNRESOLVED,NOT_YET_COPIED
C:\RSOS\RSOS  Python Results\V7_CROSSMODEL_DEPLOYMENT_LOCALIZATION\00_RUNNER_SHA256.txt,00_RUNNER_SHA256.txt,.txt,66,2026-09-10T20:36:26.0315166Z,2026-09-10T20:36:26.0315166Z,OTHER_SOURCE,PRIMARY_OR_UNRESOLVED,NOT_YET_COPIED
C:\RSOS\RSOS  Python Results\V7_CROSSMODEL_DEPLOYMENT_LOCALIZATION\01_RAW_RESPONSES.jsonl,01_RAW_RESPONSES.jsonl,.jsonl,7815317,2026-09-10T20:36:29.5685899Z,2026-09-10T21:33:28.0063392Z,OTHER_SOURCE,PRIMARY_OR_UNRESOLVED,NOT_YET_COPIED
C:\RSOS\RSOS  Python Results\V7_CROSSMODEL_DEPLOYMENT_LOCALIZATION\03_FROZEN_SPECIFICATION.json,03_FROZEN_SPECIFICATION.json,.json,2067,2026-09-10T20:36:26.0315166Z,2026-09-10T20:36:26.0315166Z,AUTHORITY_OR_FREEZE|PROTOCOL_OR_METHOD,PRIMARY_OR_UNRESOLVED,NOT_YET_COPIED
C:\RSOS\RSOS  Python Results\V7_CROSSMODEL_DEPLOYMENT_LOCALIZATION\04_FROZEN_SPECIFICATION_SHA256.txt,04_FROZEN_SPECIFICATION_SHA256.txt,.txt,66,2026-09-10T20:36:26.0315166Z,2026-09-10T20:36:26.0315166Z,AUTHORITY_OR_FREEZE|PROTOCOL_OR_METHOD,PRIMARY_OR_UNRESOLVED,NOT_YET_COPIED
C:\RSOS\RSOS  Python Results\V7_CROSSMODEL_DEPLOYMENT_LOCALIZATION\05_FROZEN_PROMPTS.csv,05_FROZEN_PROMPTS.csv,.csv,802657,2026-09-10T20:36:26.0940224Z,2026-09-10T20:36:26.1252656Z,AUTHORITY_OR_FREEZE,PRIMARY_OR_UNRESOLVED,NOT_YET_COPIED
C:\RSOS\RSOS  Python Results\V7_CROSSMODEL_DEPLOYMENT_LOCALIZATION\06_RESPONSE_FEATURES.csv,06_RESPONSE_FEATURES.csv,.csv,1652389,2026-09-10T21:33:34.6015086Z,2026-09-10T21:33:34.7477360Z,RESULT_OR_OUTPUT,PRIMARY_OR_UNRESOLVED,NOT_YET_COPIED
C:\RSOS\RSOS  Python Results\V7_CROSSMODEL_DEPLOYMENT_LOCALIZATION\07_SEED_LEVEL_RESULTS.csv,07_SEED_LEVEL_RESULTS.csv,.csv,512687,2026-09-10T21:33:36.7919072Z,2026-09-10T21:33:36.8400443Z,RESULT_OR_OUTPUT,PRIMARY_OR_UNRESOLVED,NOT_YET_COPIED
C:\RSOS\RSOS  Python Results\V7_CROSSMODEL_DEPLOYMENT_LOCALIZATION\08_MODEL_CONDITION_RESULTS.csv,08_MODEL_CONDITION_RESULTS.csv,.csv,4441,2026-09-10T21:33:36.8868068Z,2026-09-10T21:33:36.8868068Z,RESULT_OR_OUTPUT,PRIMARY_OR_UNRESOLVED,NOT_YET_COPIED
C:\RSOS\RSOS  Python Results\V7_CROSSMODEL_DEPLOYMENT_LOCALIZATION\09_MODEL_STRUCTURAL_CONTRASTS.csv,09_MODEL_STRUCTURAL_CONTRASTS.csv,.csv,2870,2026-09-10T21:33:59.3089819Z,2026-09-10T21:33:59.3089819Z,RESULT_OR_OUTPUT,PRIMARY_OR_UNRESOLVED,NOT_YET_COPIED
C:\RSOS\RSOS  Python Results\V7_CROSSMODEL_DEPLOYMENT_LOCALIZATION\10_MODEL_EFFECT_VECTORS.csv,10_MODEL_EFFECT_VECTORS.csv,.csv,382,2026-09-10T21:33:59.3089819Z,2026-09-10T21:33:59.3089819Z,RESULT_OR_OUTPUT,PRIMARY_OR_UNRESOLVED,NOT_YET_COPIED
C:\RSOS\RSOS  Python Results\V7_CROSSMODEL_DEPLOYMENT_LOCALIZATION\11_CROSS_MODEL_VECTOR_SIMILARITY.csv,11_CROSS_MODEL_VECTOR_SIMILARITY.csv,.csv,244,2026-09-10T21:33:59.3245908Z,2026-09-10T21:33:59.3245908Z,RESULT_OR_OUTPUT,PRIMARY_OR_UNRESOLVED,NOT_YET_COPIED
C:\RSOS\RSOS  Python Results\V7_CROSSMODEL_DEPLOYMENT_LOCALIZATION\12_SIGN_REPLICATION.csv,12_SIGN_REPLICATION.csv,.csv,493,2026-09-10T21:33:59.3402148Z,2026-09-10T21:33:59.3402148Z,OTHER_SOURCE,PRIMARY_OR_UNRESOLVED,NOT_YET_COPIED
C:\RSOS\RSOS  Python Results\V7_CROSSMODEL_DEPLOYMENT_LOCALIZATION\13_HELDOUT_GENERALIZATION.csv,13_HELDOUT_GENERALIZATION.csv,.csv,338,2026-09-10T21:34:03.6814482Z,2026-09-10T21:34:03.6814482Z,OTHER_SOURCE,PRIMARY_OR_UNRESOLVED,NOT_YET_COPIED
C:\RSOS\RSOS  Python Results\V7_CROSSMODEL_DEPLOYMENT_LOCALIZATION\15_MISSING_CELLS.csv,15_MISSING_CELLS.csv,.csv,35,2026-09-10T21:33:28.4133242Z,2026-09-10T21:33:28.4133242Z,OTHER_SOURCE,PRIMARY_OR_UNRESOLVED,NOT_YET_COPIED
C:\RSOS\RSOS  Python Results\V7_CROSSMODEL_DEPLOYMENT_LOCALIZATION\16_FINAL_SUMMARY.json,16_FINAL_SUMMARY.json,.json,12447,2026-09-10T21:34:03.6985658Z,2026-09-10T21:34:03.6985658Z,AUTHORITY_OR_FREEZE|RESULT_OR_OUTPUT,PRIMARY_OR_UNRESOLVED,NOT_YET_COPIED
C:\RSOS\Training data\F2_BR0_FULL_FINGERPRINT_RECOVERY\01_CANONICAL_INPUTS\V7_CROSSMODEL_DEPLOYMENT_LOCALIZATION\00_FROZEN_RUNNER.py,00_FROZEN_RUNNER.py,.py,63499,2026-09-11T22:07:23.3759665Z,2026-09-10T20:36:22.4547515Z,AUTHORITY_OR_FREEZE|RUNNER,PRIMARY_OR_UNRESOLVED,NOT_YET_COPIED
C:\RSOS\Training data\F2_BR0_FULL_FINGERPRINT_RECOVERY\01_CANONICAL_INPUTS\V7_CROSSMODEL_DEPLOYMENT_LOCALIZATION\00_RUNNER_SHA256.txt,00_RUNNER_SHA256.txt,.txt,66,2026-09-11T22:07:23.3783364Z,2026-09-10T20:36:26.0315166Z,OTHER_SOURCE,PRIMARY_OR_UNRESOLVED,NOT_YET_COPIED
C:\RSOS\Training data\F2_BR0_FULL_FINGERPRINT_RECOVERY\01_CANONICAL_INPUTS\V7_CROSSMODEL_DEPLOYMENT_LOCALIZATION\01_RAW_RESPONSES.jsonl,01_RAW_RESPONSES.jsonl,.jsonl,7815317,2026-09-11T22:07:23.3803341Z,2026-09-10T21:33:28.0063392Z,OTHER_SOURCE,PRIMARY_OR_UNRESOLVED,NOT_YET_COPIED
C:\RSOS\Training data\F2_BR0_FULL_FINGERPRINT_RECOVERY\01_CANONICAL_INPUTS\V7_CROSSMODEL_DEPLOYMENT_LOCALIZATION\03_FROZEN_SPECIFICATION.json,03_FROZEN_SPECIFICATION.json,.json,2067,2026-09-11T22:07:23.4939259Z,2026-09-10T20:36:26.0315166Z,AUTHORITY_OR_FREEZE|PROTOCOL_OR_METHOD,PRIMARY_OR_UNRESOLVED,NOT_YET_COPIED
C:\RSOS\Training data\F2_BR0_FULL_FINGERPRINT_RECOVERY\01_CANONICAL_INPUTS\V7_CROSSMODEL_DEPLOYMENT_LOCALIZATION\04_FROZEN_SPECIFICATION_SHA256.txt,04_FROZEN_SPECIFICATION_SHA256.txt,.txt,66,2026-09-11T22:07:23.4959257Z,2026-09-10T20:36:26.0315166Z,AUTHORITY_OR_FREEZE|PROTOCOL_OR_METHOD,PRIMARY_OR_UNRESOLVED,NOT_YET_COPIED
C:\RSOS\Training data\F2_BR0_FULL_FINGERPRINT_RECOVERY\01_CANONICAL_INPUTS\V7_CROSSMODEL_DEPLOYMENT_LOCALIZATION\05_FROZEN_PROMPTS.csv,05_FROZEN_PROMPTS.csv,.csv,802657,2026-09-11T22:07:23.4979254Z,2026-09-10T20:36:26.1252656Z,AUTHORITY_OR_FREEZE,PRIMARY_OR_UNRESOLVED,NOT_YET_COPIED
C:\RSOS\Training data\F2_BR0_FULL_FINGERPRINT_RECOVERY\01_CANONICAL_INPUTS\V7_CROSSMODEL_DEPLOYMENT_LOCALIZATION\06_RESPONSE_FEATURES.csv,06_RESPONSE_FEATURES.csv,.csv,1652389,2026-09-11T22:07:23.5037420Z,2026-09-10T21:33:34.7477360Z,RESULT_OR_OUTPUT,PRIMARY_OR_UNRESOLVED,NOT_YET_COPIED
C:\RSOS\Training data\F2_BR0_FULL_FINGERPRINT_RECOVERY\01_CANONICAL_INPUTS\V7_CROSSMODEL_DEPLOYMENT_LOCALIZATION\07_SEED_LEVEL_RESULTS.csv,07_SEED_LEVEL_RESULTS.csv,.csv,512687,2026-09-11T22:07:23.5167733Z,2026-09-10T21:33:36.8400443Z,RESULT_OR_OUTPUT,PRIMARY_OR_UNRESOLVED,NOT_YET_COPIED
C:\RSOS\Training data\F2_BR0_FULL_FINGERPRINT_RECOVERY\01_CANONICAL_INPUTS\V7_CROSSMODEL_DEPLOYMENT_LOCALIZATION\08_MODEL_CONDITION_RESULTS.csv,08_MODEL_CONDITION_RESULTS.csv,.csv,4441,2026-09-11T22:07:23.5217111Z,2026-09-10T21:33:36.8868068Z,RESULT_OR_OUTPUT,PRIMARY_OR_UNRESOLVED,NOT_YET_COPIED
C:\RSOS\Training data\F2_BR0_FULL_FINGERPRINT_RECOVERY\01_CANONICAL_INPUTS\V7_CROSSMODEL_DEPLOYMENT_LOCALIZATION\09_MODEL_STRUCTURAL_CONTRASTS.csv,09_MODEL_STRUCTURAL_CONTRASTS.csv,.csv,2870,2026-09-11T22:07:23.5227107Z,2026-09-10T21:33:59.3089819Z,RESULT_OR_OUTPUT,PRIMARY_OR_UNRESOLVED,NOT_YET_COPIED
C:\RSOS\Training data\F2_BR0_FULL_FINGERPRINT_RECOVERY\01_CANONICAL_INPUTS\V7_CROSSMODEL_DEPLOYMENT_LOCALIZATION\10_MODEL_EFFECT_VECTORS.csv,10_MODEL_EFFECT_VECTORS.csv,.csv,382,2026-09-11T22:07:23.5247093Z,2026-09-10T21:33:59.3089819Z,RESULT_OR_OUTPUT,PRIMARY_OR_UNRESOLVED,NOT_YET_COPIED
C:\RSOS\Training data\F2_BR0_FULL_FINGERPRINT_RECOVERY\01_CANONICAL_INPUTS\V7_CROSSMODEL_DEPLOYMENT_LOCALIZATION\11_CROSS_MODEL_VECTOR_SIMILARITY.csv,11_CROSS_MODEL_VECTOR_SIMILARITY.csv,.csv,244,2026-09-11T22:07:23.5257082Z,2026-09-10T21:33:59.3245908Z,RESULT_OR_OUTPUT,PRIMARY_OR_UNRESOLVED,NOT_YET_COPIED
C:\RSOS\Training data\F2_BR0_FULL_FINGERPRINT_RECOVERY\01_CANONICAL_INPUTS\V7_CROSSMODEL_DEPLOYMENT_LOCALIZATION\12_SIGN_REPLICATION.csv,12_SIGN_REPLICATION.csv,.csv,493,2026-09-11T22:07:23.5267084Z,2026-09-10T21:33:59.3402148Z,OTHER_SOURCE,PRIMARY_OR_UNRESOLVED,NOT_YET_COPIED
C:\RSOS\Training data\F2_BR0_FULL_FINGERPRINT_RECOVERY\01_CANONICAL_INPUTS\V7_CROSSMODEL_DEPLOYMENT_LOCALIZATION\13_HELDOUT_GENERALIZATION.csv,13_HELDOUT_GENERALIZATION.csv,.csv,338,2026-09-11T22:07:23.5287073Z,2026-09-10T21:34:03.6814482Z,OTHER_SOURCE,PRIMARY_OR_UNRESOLVED,NOT_YET_COPIED
C:\RSOS\Training data\F2_BR0_FULL_FINGERPRINT_RECOVERY\01_CANONICAL_INPUTS\V7_CROSSMODEL_DEPLOYMENT_LOCALIZATION\15_MISSING_CELLS.csv,15_MISSING_CELLS.csv,.csv,35,2026-09-11T22:07:23.5317052Z,2026-09-10T21:33:28.4133242Z,OTHER_SOURCE,PRIMARY_OR_UNRESOLVED,NOT_YET_COPIED
C:\RSOS\Training data\F2_BR0_FULL_FINGERPRINT_RECOVERY\01_CANONICAL_INPUTS\V7_CROSSMODEL_DEPLOYMENT_LOCALIZATION\16_FINAL_SUMMARY.json,16_FINAL_SUMMARY.json,.json,12447,2026-09-11T22:07:23.5327048Z,2026-09-10T21:34:03.6985658Z,AUTHORITY_OR_FREEZE|RESULT_OR_OUTPUT,PRIMARY_OR_UNRESOLVED,NOT_YET_COPIED
C:\RSOS\Training data\F2_BR0_FULL_FINGERPRINT_RECOVERY\F2_BR1_REVIEW_BUNDLE\V7_CROSSMODEL_DEPLOYMENT_LOCALIZATION\00_FROZEN_RUNNER.py,00_FROZEN_RUNNER.py,.py,63499,2026-09-11T22:12:18.7014505Z,2026-09-10T20:36:22.4547515Z,AUTHORITY_OR_FREEZE|RUNNER,PRIMARY_OR_UNRESOLVED,NOT_YET_COPIED
C:\RSOS\Training data\F2_BR0_FULL_FINGERPRINT_RECOVERY\F2_BR1_REVIEW_BUNDLE\V7_CROSSMODEL_DEPLOYMENT_LOCALIZATION\00_RUNNER_SHA256.txt,00_RUNNER_SHA256.txt,.txt,66,2026-09-11T22:12:18.7054474Z,2026-09-10T20:36:26.0315166Z,OTHER_SOURCE,PRIMARY_OR_UNRESOLVED,NOT_YET_COPIED
C:\RSOS\Training data\F2_BR0_FULL_FINGERPRINT_RECOVERY\F2_BR1_REVIEW_BUNDLE\V7_CROSSMODEL_DEPLOYMENT_LOCALIZATION\03_FROZEN_SPECIFICATION.json,03_FROZEN_SPECIFICATION.json,.json,2067,2026-09-11T22:12:18.7115614Z,2026-09-10T20:36:26.0315166Z,AUTHORITY_OR_FREEZE|PROTOCOL_OR_METHOD,PRIMARY_OR_UNRESOLVED,NOT_YET_COPIED
C:\RSOS\Training data\F2_BR0_FULL_FINGERPRINT_RECOVERY\F2_BR1_REVIEW_BUNDLE\V7_CROSSMODEL_DEPLOYMENT_LOCALIZATION\04_FROZEN_SPECIFICATION_SHA256.txt,04_FROZEN_SPECIFICATION_SHA256.txt,.txt,66,2026-09-11T22:12:18.7174617Z,2026-09-10T20:36:26.0315166Z,AUTHORITY_OR_FREEZE|PROTOCOL_OR_METHOD,PRIMARY_OR_UNRESOLVED,NOT_YET_COPIED
C:\RSOS\Training data\F2_BR0_FULL_FINGERPRINT_RECOVERY\F2_BR1_REVIEW_BUNDLE\V7_CROSSMODEL_DEPLOYMENT_LOCALIZATION\05_FROZEN_PROMPTS.csv,05_FROZEN_PROMPTS.csv,.csv,802657,2026-09-11T22:12:18.7234584Z,2026-09-10T20:36:26.1252656Z,AUTHORITY_OR_FREEZE,PRIMARY_OR_UNRESOLVED,NOT_YET_COPIED
C:\RSOS\Training data\F2_BR0_FULL_FINGERPRINT_RECOVERY\F2_BR1_REVIEW_BUNDLE\V7_CROSSMODEL_DEPLOYMENT_LOCALIZATION\06_RESPONSE_FEATURES.csv,06_RESPONSE_FEATURES.csv,.csv,1652389,2026-09-11T22:12:18.7384521Z,2026-09-10T21:33:34.7477360Z,RESULT_OR_OUTPUT,PRIMARY_OR_UNRESOLVED,NOT_YET_COPIED
C:\RSOS\Training data\F2_BR0_FULL_FINGERPRINT_RECOVERY\F2_BR1_REVIEW_BUNDLE\V7_CROSSMODEL_DEPLOYMENT_LOCALIZATION\07_SEED_LEVEL_RESULTS.csv,07_SEED_LEVEL_RESULTS.csv,.csv,512687,2026-09-11T22:12:18.7584372Z,2026-09-10T21:33:36.8400443Z,RESULT_OR_OUTPUT,PRIMARY_OR_UNRESOLVED,NOT_YET_COPIED
C:\RSOS\Training data\F2_BR0_FULL_FINGERPRINT_RECOVERY\F2_BR1_REVIEW_BUNDLE\V7_CROSSMODEL_DEPLOYMENT_LOCALIZATION\08_MODEL_CONDITION_RESULTS.csv,08_MODEL_CONDITION_RESULTS.csv,.csv,4441,2026-09-11T22:12:18.7714296Z,2026-09-10T21:33:36.8868068Z,RESULT_OR_OUTPUT,PRIMARY_OR_UNRESOLVED,NOT_YET_COPIED
C:\RSOS\Training data\F2_BR0_FULL_FINGERPRINT_RECOVERY\F2_BR1_REVIEW_BUNDLE\V7_CROSSMODEL_DEPLOYMENT_LOCALIZATION\09_MODEL_STRUCTURAL_CONTRASTS.csv,09_MODEL_STRUCTURAL_CONTRASTS.csv,.csv,2870,2026-09-11T22:12:18.7784272Z,2026-09-10T21:33:59.3089819Z,RESULT_OR_OUTPUT,PRIMARY_OR_UNRESOLVED,NOT_YET_COPIED
C:\RSOS\Training data\F2_BR0_FULL_FINGERPRINT_RECOVERY\F2_BR1_REVIEW_BUNDLE\V7_CROSSMODEL_DEPLOYMENT_LOCALIZATION\10_MODEL_EFFECT_VECTORS.csv,10_MODEL_EFFECT_VECTORS.csv,.csv,382,2026-09-11T22:12:18.7834242Z,2026-09-10T21:33:59.3089819Z,RESULT_OR_OUTPUT,PRIMARY_OR_UNRESOLVED,NOT_YET_COPIED
C:\RSOS\Training data\F2_BR0_FULL_FINGERPRINT_RECOVERY\F2_BR1_REVIEW_BUNDLE\V7_CROSSMODEL_DEPLOYMENT_LOCALIZATION\11_CROSS_MODEL_VECTOR_SIMILARITY.csv,11_CROSS_MODEL_VECTOR_SIMILARITY.csv,.csv,244,2026-09-11T22:12:18.7884212Z,2026-09-10T21:33:59.3245908Z,RESULT_OR_OUTPUT,PRIMARY_OR_UNRESOLVED,NOT_YET_COPIED
C:\RSOS\Training data\F2_BR0_FULL_FINGERPRINT_RECOVERY\F2_BR1_REVIEW_BUNDLE\V7_CROSSMODEL_DEPLOYMENT_LOCALIZATION\12_SIGN_REPLICATION.csv,12_SIGN_REPLICATION.csv,.csv,493,2026-09-11T22:12:18.7934185Z,2026-09-10T21:33:59.3402148Z,OTHER_SOURCE,PRIMARY_OR_UNRESOLVED,NOT_YET_COPIED
C:\RSOS\Training data\F2_BR0_FULL_FINGERPRINT_RECOVERY\F2_BR1_REVIEW_BUNDLE\V7_CROSSMODEL_DEPLOYMENT_LOCALIZATION\13_HELDOUT_GENERALIZATION.csv,13_HELDOUT_GENERALIZATION.csv,.csv,338,2026-09-11T22:12:18.7994154Z,2026-09-10T21:34:03.6814482Z,OTHER_SOURCE,PRIMARY_OR_UNRESOLVED,NOT_YET_COPIED
C:\RSOS\Training data\F2_BR0_FULL_FINGERPRINT_RECOVERY\F2_BR1_REVIEW_BUNDLE\V7_CROSSMODEL_DEPLOYMENT_LOCALIZATION\15_MISSING_CELLS.csv,15_MISSING_CELLS.csv,.csv,35,2026-09-11T22:12:18.8085475Z,2026-09-10T21:33:28.4133242Z,OTHER_SOURCE,PRIMARY_OR_UNRESOLVED,NOT_YET_COPIED
C:\RSOS\Training data\F2_BR0_FULL_FINGERPRINT_RECOVERY\F2_BR1_REVIEW_BUNDLE\V7_CROSSMODEL_DEPLOYMENT_LOCALIZATION\16_FINAL_SUMMARY.json,16_FINAL_SUMMARY.json,.json,12447,2026-09-11T22:12:18.8145443Z,2026-09-10T21:34:03.6985658Z,AUTHORITY_OR_FREEZE|RESULT_OR_OUTPUT,PRIMARY_OR_UNRESOLVED,NOT_YET_COPIED
C:\RSOS\V6_CLEAN_CONFIRMATORY_BUILD\EXTRACTED\V7_CROSSMODEL_DEPLOYMENT_LOCALIZATION\00_FROZEN_RUNNER.py,00_FROZEN_RUNNER.py,.py,63499,2026-09-10T22:16:32.0745595Z,2026-09-10T20:36:22.0000000Z,AUTHORITY_OR_FREEZE|RUNNER,PRIMARY_OR_UNRESOLVED,NOT_YET_COPIED
C:\RSOS\V6_CLEAN_CONFIRMATORY_BUILD\EXTRACTED\V7_CROSSMODEL_DEPLOYMENT_LOCALIZATION\00_RUNNER_SHA256.txt,00_RUNNER_SHA256.txt,.txt,66,2026-09-10T22:16:32.0907297Z,2026-09-10T20:36:26.0000000Z,OTHER_SOURCE,PRIMARY_OR_UNRESOLVED,NOT_YET_COPIED
C:\RSOS\V6_CLEAN_CONFIRMATORY_BUILD\EXTRACTED\V7_CROSSMODEL_DEPLOYMENT_LOCALIZATION\01_RAW_RESPONSES.jsonl,01_RAW_RESPONSES.jsonl,.jsonl,7815317,2026-09-10T22:16:32.1017283Z,2026-09-10T21:33:28.0000000Z,OTHER_SOURCE,PRIMARY_OR_UNRESOLVED,NOT_YET_COPIED
C:\RSOS\V6_CLEAN_CONFIRMATORY_BUILD\EXTRACTED\V7_CROSSMODEL_DEPLOYMENT_LOCALIZATION\03_FROZEN_SPECIFICATION.json,03_FROZEN_SPECIFICATION.json,.json,2067,2026-09-10T22:16:32.1998817Z,2026-09-10T20:36:26.0000000Z,AUTHORITY_OR_FREEZE|PROTOCOL_OR_METHOD,PRIMARY_OR_UNRESOLVED,NOT_YET_COPIED
C:\RSOS\V6_CLEAN_CONFIRMATORY_BUILD\EXTRACTED\V7_CROSSMODEL_DEPLOYMENT_LOCALIZATION\04_FROZEN_SPECIFICATION_SHA256.txt,04_FROZEN_SPECIFICATION_SHA256.txt,.txt,66,2026-09-10T22:16:32.2304662Z,2026-09-10T20:36:26.0000000Z,AUTHORITY_OR_FREEZE|PROTOCOL_OR_METHOD,PRIMARY_OR_UNRESOLVED,NOT_YET_COPIED
C:\RSOS\V6_CLEAN_CONFIRMATORY_BUILD\EXTRACTED\V7_CROSSMODEL_DEPLOYMENT_LOCALIZATION\05_FROZEN_PROMPTS.csv,05_FROZEN_PROMPTS.csv,.csv,802657,2026-09-10T22:16:32.2435425Z,2026-09-10T20:36:26.0000000Z,AUTHORITY_OR_FREEZE,PRIMARY_OR_UNRESOLVED,NOT_YET_COPIED
C:\RSOS\V6_CLEAN_CONFIRMATORY_BUILD\EXTRACTED\V7_CROSSMODEL_DEPLOYMENT_LOCALIZATION\06_RESPONSE_FEATURES.csv,06_RESPONSE_FEATURES.csv,.csv,1652389,2026-09-10T22:16:32.2578063Z,2026-09-10T21:33:34.0000000Z,RESULT_OR_OUTPUT,PRIMARY_OR_UNRESOLVED,NOT_YET_COPIED
C:\RSOS\V6_CLEAN_CONFIRMATORY_BUILD\EXTRACTED\V7_CROSSMODEL_DEPLOYMENT_LOCALIZATION\07_SEED_LEVEL_RESULTS.csv,07_SEED_LEVEL_RESULTS.csv,.csv,512687,2026-09-10T22:16:32.2899924Z,2026-09-10T21:33:36.0000000Z,RESULT_OR_OUTPUT,PRIMARY_OR_UNRESOLVED,NOT_YET_COPIED
C:\RSOS\V6_CLEAN_CONFIRMATORY_BUILD\EXTRACTED\V7_CROSSMODEL_DEPLOYMENT_LOCALIZATION\08_MODEL_CONDITION_RESULTS.csv,08_MODEL_CONDITION_RESULTS.csv,.csv,4441,2026-09-10T22:16:32.3067131Z,2026-09-10T21:33:36.0000000Z,RESULT_OR_OUTPUT,PRIMARY_OR_UNRESOLVED,NOT_YET_COPIED
C:\RSOS\V6_CLEAN_CONFIRMATORY_BUILD\EXTRACTED\V7_CROSSMODEL_DEPLOYMENT_LOCALIZATION\09_MODEL_STRUCTURAL_CONTRASTS.csv,09_MODEL_STRUCTURAL_CONTRASTS.csv,.csv,2870,2026-09-10T22:16:32.3233621Z,2026-09-10T21:33:58.0000000Z,RESULT_OR_OUTPUT,PRIMARY_OR_UNRESOLVED,NOT_YET_COPIED
C:\RSOS\V6_CLEAN_CONFIRMATORY_BUILD\EXTRACTED\V7_CROSSMODEL_DEPLOYMENT_LOCALIZATION\10_MODEL_EFFECT_VECTORS.csv,10_MODEL_EFFECT_VECTORS.csv,.csv,382,2026-09-10T22:16:32.3567338Z,2026-09-10T21:33:58.0000000Z,RESULT_OR_OUTPUT,PRIMARY_OR_UNRESOLVED,NOT_YET_COPIED
C:\RSOS\V6_CLEAN_CONFIRMATORY_BUILD\EXTRACTED\V7_CROSSMODEL_DEPLOYMENT_LOCALIZATION\11_CROSS_MODEL_VECTOR_SIMILARITY.csv,11_CROSS_MODEL_VECTOR_SIMILARITY.csv,.csv,244,2026-09-10T22:16:32.3731885Z,2026-09-10T21:33:58.0000000Z,RESULT_OR_OUTPUT,PRIMARY_OR_UNRESOLVED,NOT_YET_COPIED
C:\RSOS\V6_CLEAN_CONFIRMATORY_BUILD\EXTRACTED\V7_CROSSMODEL_DEPLOYMENT_LOCALIZATION\12_SIGN_REPLICATION.csv,12_SIGN_REPLICATION.csv,.csv,493,2026-09-10T22:16:32.3899629Z,2026-09-10T21:33:58.0000000Z,OTHER_SOURCE,PRIMARY_OR_UNRESOLVED,NOT_YET_COPIED
C:\RSOS\V6_CLEAN_CONFIRMATORY_BUILD\EXTRACTED\V7_CROSSMODEL_DEPLOYMENT_LOCALIZATION\13_HELDOUT_GENERALIZATION.csv,13_HELDOUT_GENERALIZATION.csv,.csv,338,2026-09-10T22:16:32.4066300Z,2026-09-10T21:34:02.0000000Z,OTHER_SOURCE,PRIMARY_OR_UNRESOLVED,NOT_YET_COPIED
C:\RSOS\V6_CLEAN_CONFIRMATORY_BUILD\EXTRACTED\V7_CROSSMODEL_DEPLOYMENT_LOCALIZATION\15_MISSING_CELLS.csv,15_MISSING_CELLS.csv,.csv,35,2026-09-10T22:16:32.4569240Z,2026-09-10T21:33:28.0000000Z,OTHER_SOURCE,PRIMARY_OR_UNRESOLVED,NOT_YET_COPIED
C:\RSOS\V6_CLEAN_CONFIRMATORY_BUILD\EXTRACTED\V7_CROSSMODEL_DEPLOYMENT_LOCALIZATION\16_FINAL_SUMMARY.json,16_FINAL_SUMMARY.json,.json,12447,2026-09-10T22:16:32.4774483Z,2026-09-10T21:34:02.0000000Z,AUTHORITY_OR_FREEZE|RESULT_OR_OUTPUT,PRIMARY_OR_UNRESOLVED,NOT_YET_COPIED
C:\RSOS\V7_CROSSMODEL_DEPLOYMENT_LOCALIZATION.py,V7_CROSSMODEL_DEPLOYMENT_LOCALIZATION.py,.py,63499,2026-09-10T20:36:22.4547515Z,2026-09-10T20:36:22.4547515Z,OTHER_SOURCE,PRIMARY_OR_UNRESOLVED,NOT_YET_COPIED
