MODEL,LINEAGE_CONVERSATION_ID,LINEAGE_SCORE,EXTERNAL_PERCENTILE,N_EXTERNAL_GE
SURFACE_FREE,68b5df00-83c8-832c-9208-ec73ca31cae7,0.8305387914968719,52.03252032520326,3245
SURFACE_FREE,68b72f6a-4260-8321-9047-a8edf5a76dd9,0.9395187689202638,58.048780487804876,2838
SURFACE_FREE,68ba9e45-d9ac-8330-ba80-5a305f542e97,0.9208022769338228,56.76274944567628,2925
SURFACE_FREE,68bcb67c-eb7c-8326-911f-69fecf6c564c,0.8745898324163068,54.2350332594235,3096
SURFACE_FREE,68bde332-e1cc-8329-95a8-baaaac306d53,0.8487074927381563,52.93422025129342,3184
SURFACE_FREE,68c08ca8-2990-8331-927b-b07ae4895113,0.8838771534658728,54.66371027346637,3067
SURFACE_FREE,68c18649-3048-8320-8d95-36ee48bfad64,0.6987312237145998,47.08056171470806,3580
SURFACE_FREE,68c2e64f-9d34-832a-81a1-d832f39f7e9f,0.36786227552648787,35.94974131559498,4333
SURFACE_FREE,68c34f54-b95c-8327-b102-04c487270761,0.9999995951181714,82.11382113821138,1210
SURFACE_FREE,68c55edf-c99c-8320-929f-3c3a13528504,0.5900857164901986,43.35550628233555,3832
SURFACE_FREE,68c5b659-cd98-8326-9d4c-aa1362c86b88,0.8675831119883666,53.850702143385064,3122
SURFACE_FREE,68c5e7c6-00cc-832a-85e0-30929e6e9788,0.9374113685788253,57.96008869179601,2844
SURFACE_FREE,68c7f8ae-27f0-8325-8df9-8b73e1efc66f,0.9858127283724095,62.83813747228382,2514
SURFACE_FREE,68c9c389-91a0-8333-bf56-70f7ba25b691,0.6555839346011136,45.73540280857354,3671
SURFACE_FREE,68cbc8ef-d014-832c-b131-12e1c59913d4,0.8834914985006092,54.64892830746489,3068
SURFACE_FREE,68cf5918-1848-8322-a9e9-87de448056f4,0.8960640591655333,55.35846267553585,3020
SURFACE_FREE,68daaf7a-3680-8331-b013-24a611c9f85a,0.7215829243408999,47.95269770879527,3521
SURFACE_FREE,68dd680d-d870-8331-8c79-e93e1efa0e7e,0.7771286292748684,49.80044345898004,3396
SURFACE_FREE,68df59a6-65c8-832e-ab96-92a871261b4f,0.7094946098389764,47.612712490761275,3544
SURFACE_FREE,68dff30a-cc7c-8327-a63d-9a0758a839cf,0.994744834467619,65.6319290465632,2325
SURFACE_FREE,68e098fa-7128-832c-bcb1-7188bf86c0ba,1.0,99.0909090909091,123
SURFACE_FREE,68e1ca1b-a068-8325-85b3-51614438ac7b,0.9879130096244909,63.26681448632668,2485
SURFACE_FREE,68e576b1-9f6c-8328-aa31-4ee6c0679415,0.98296650199345,62.26164079822616,2553
SURFACE_FREE,68eb0175-ca54-8332-8b00-b50b4a482dda,0.47485474975493197,39.704360679970435,4079
SURFACE_FREE,68eb0f1c-b2ec-8326-a952-3a0498a3a005,0.9996528149854196,71.14560236511456,1952
SURFACE_FREE,68f6089e-1534-8330-b38b-77e0aa96ad18,0.9600055991885089,59.77827050997783,2721
SURFACE_FREE,68fdcd42-b568-832d-8d33-e7f125fee15a,0.9994199922665838,70.21433850702144,2015
SURFACE_FREE,68fded15-6b4c-832a-b923-7614a2675015,0.9109694940984034,56.14190687361419,2967
SURFACE_FREE,68fe6c90-e520-8330-adc0-c79ca762a98a,0.9427421630902854,58.19660014781965,2828
SURFACE_FREE,68ffd0df-bd20-832a-b88c-e3c77dafc495,0.9827401830782004,62.21729490022173,2556
SURFACE_FREE,68fffcee-45c8-8333-aae1-3d3b5d323781,0.9929360553388249,64.73022912047303,2386
SURFACE_FREE,6903826b-19f4-8328-951a-e4375d3ccb3c,0.9355998769297339,57.856614929785664,2851
SURFACE_FREE,6904e667-1b3c-8327-9b89-5954350136b1,0.9967824037132766,66.72579453067257,2251
SURFACE_FREE,69066112-a654-832c-bef9-71130247a0ce,0.8782686415963938,54.42719881744272,3083
SURFACE_FREE,69077a30-9c80-832e-9b10-19486be65461,0.9919624877330943,64.41980783444198,2407
SURFACE_FREE,6907a874-7920-832c-9bfb-63d2fc118ea7,0.984473259932235,62.54249815225425,2534
SURFACE_FREE,69093a89-b398-8333-a754-58c17981a10d,0.5278689485523244,41.47819660014782,3959
SURFACE_FREE,690bf51f-3bd0-8330-8f23-f5c629620aae,0.9902039426623751,63.784183296378416,2450
SURFACE_FREE,690fc165-d44c-8325-ac95-028d11fc01a4,0.8939659543579201,55.28455284552846,3025
SURFACE_FREE,6910bd6e-2514-832f-adf2-21c464472e97,0.9803383078525605,61.72949002217295,2589
SURFACE_FREE,69154da7-8574-8331-97ef-9c9cbdf64420,0.998754799679174,68.89874353288987,2104
SURFACE_FREE,691569e9-3cfc-8325-9406-0d68eb69e889,0.9917432607680041,64.28677014042867,2416
SURFACE_FREE,6917b806-3574-8330-9cc0-36b41f804b7e,0.9971409216756112,67.08056171470805,2227
SURFACE_FREE,6918199a-7e04-832d-9314-37fbe7cd92ff,0.993701238904047,64.99630450849962,2368
SURFACE_FREE,691838ae-f99c-832a-ad44-2ae362a700c6,0.997299604445071,67.19881744271989,2219
SURFACE_FREE,69186c23-2d84-832b-b800-87a2ee0772ea,0.9992760874248742,69.830007390983,2041
SURFACE_FREE,69195a92-f0cc-8332-a20a-51d5a4516d19,0.9990767698855046,69.38654841093866,2071
SURFACE_FREE,691ae0f5-8e80-8328-b7e4-13482eb55856,0.9976858891151213,67.50923872875092,2198
SURFACE_FREE,691ca3c0-f0ac-8325-8633-1288242e8c86,0.9725316445389436,60.82779009608278,2650
SURFACE_FREE,691da14c-25d4-8329-8966-78ce63f75189,0.9895147801921056,63.63636363636363,2460
SURFACE_FREE,691f558b-a7dc-832a-8fae-bab194f7b27d,0.9998354679551853,72.49076127124907,1861
SURFACE_FREE,692091ca-ecb8-832f-a281-48442427ada4,0.999689551331185,71.38211382113822,1936
SURFACE_FREE,69224691-0bdc-8325-b20a-ac4e5f3cc4c8,0.9993853931111772,70.05173688100518,2026
SURFACE_FREE,6925e053-ca9c-8326-a5b8-74e12c839569,0.9982971969920569,68.23355506282336,2149
SURFACE_FREE,6927b12b-bfb8-8325-80c6-6add963de8be,0.9996674302969193,71.23429416112343,1946
SURFACE_FREE,6928a1f2-a0f0-8329-9e93-e2c4354d586c,0.9994784537368896,70.43606799704361,2000
SURFACE_FREE,692b82a9-7764-832d-b3d5-f63b59792646,0.9998662541262281,72.87509238728751,1835
SURFACE_FREE,692babda-5438-8328-9643-61eac55f9b65,0.9962385136050623,66.43015521064302,2271
SURFACE_FREE,692c182f-8848-8329-aa72-e1c484f0883d,0.9999520525984362,74.76718403547672,1707
SURFACE_FREE,692db1a2-ee20-832a-b527-b36a57210cb0,0.9994971187204335,70.48041389504804,1997
SURFACE_FREE,692f5d5a-5c6c-832f-afd8-7791e3ae7169,0.9984048357790224,68.35181079083517,2141
SURFACE_FREE,692f808d-76ec-8331-b1ab-4e1eb2ad3360,0.9907559572304195,63.91722099039172,2441
SURFACE_FREE,69305a19-e310-8325-9a5c-98c6d8fe99e6,0.9999772095267537,76.0088691796009,1623
SURFACE_FREE,6932383e-a550-832e-a437-aeedb5883fbc,0.9983317215655471,68.24833702882484,2148
SURFACE_FREE,69337a14-0af4-832d-a473-20e5896b3be1,0.9896387474903174,63.65114560236511,2459
SURFACE_FREE,6934d3fd-d9c8-8327-8cbb-ed2f22efe02a,0.999914121956378,73.70288248337029,1779
SURFACE_FREE,693782d3-5da0-8330-96dc-191d211d9f9c,0.9989061014431845,69.06134515890614,2093
SURFACE_FREE,6937eac0-58f8-8333-8b99-4e70c64d575a,0.9797436653478682,61.68514412416851,2592
SURFACE_FREE,6937eda0-34dc-8328-a7b7-0ec0976eb833,0.9979844883245558,67.84922394678492,2175
SURFACE_FREE,69390d0c-8f78-8329-878e-711bb13f3bc6,0.9996978050499923,71.44124168514412,1932
SURFACE_FREE,693d0da2-8304-832f-81b1-c3abcf628232,0.9554796430551048,59.34959349593496,2750
SURFACE_FREE,6940b547-2588-832b-aa19-5d79692f4677,0.8546589483063659,53.200295639320025,3166
SURFACE_FREE,69416cbc-ab28-832e-b813-346ada0aadbb,0.9999391055635033,74.4419807834442,1729
SURFACE_FREE,694352f8-23bc-8325-8444-6d926981c10b,0.9989199887477022,69.06134515890614,2093
SURFACE_FREE,694722a1-c764-8327-9fe3-6dccc1bb5f13,0.9996447450576346,71.13082039911308,1953
SURFACE_FREE,69483672-6f88-832c-860c-e5fdb3ec7133,0.771537254751637,49.63784183296379,3407
SURFACE_FREE,69496114-d678-832b-b342-eb9ba8686bec,0.9998201699941237,72.35772357723577,1870
SURFACE_FREE,694acdaf-ed38-8330-89f3-d6d0624328ef,0.9996420712759128,71.11603843311161,1954
SURFACE_FREE,694c5d34-691c-832d-86f0-1982fcfd921a,0.9939504920587011,65.14412416851442,2358
SURFACE_FREE,694c5ff2-bca8-832e-8b98-2de705fdb38b,0.999390678427277,70.06651884700665,2025
SURFACE_FREE,694f44f9-9448-8330-861e-1d95c09325d6,0.999080410047707,69.38654841093866,2071
SURFACE_FREE,69508cb5-801c-832a-862f-cda4c06c06f4,0.9565622928680309,59.42350332594235,2745
SURFACE_FREE,695307d1-6b48-8333-aaa1-c19965d19a8c,0.999976896067794,75.96452328159646,1626
SURFACE_FREE,6953290d-f444-8325-9567-00c26dd15416,0.9915950783183816,64.2719881744272,2417
SURFACE_FREE,6954a332-4f4c-832c-b203-ffab10ebce32,0.9917208840632451,64.2719881744272,2417
SURFACE_FREE,6955c04b-aeb8-8331-997c-ca99f3c3f749,0.9858955925676143,62.85291943828529,2513
SURFACE_FREE,6956015b-a104-8326-827b-164d4a6b0462,0.9892730148571889,63.562453806356245,2465
SURFACE_FREE,69561d81-e7bc-832f-9f6b-24a43e4ef0a6,0.9785890503366428,61.507760532150776,2604
SURFACE_FREE,695726f4-9868-8329-95fe-4d71d983d464,0.9986030041622149,68.66223207686623,2120
SURFACE_FREE,695b2708-bb9c-832f-b01e-1b1e578450d1,0.992835164745003,64.67110125646711,2390
SURFACE_FREE,695b53b1-09c0-8331-a21e-a40926c0df11,0.9936665723977999,64.99630450849962,2368
SURFACE_FREE,695e4fe4-b8b4-8327-ab90-276040578345,0.9995956932953841,70.9090909090909,1968
SURFACE_FREE,695e9bc7-b158-832c-92e7-316be2bc9388,0.9985346212215797,68.55875831485588,2127
SURFACE_FREE,695fa184-6bb4-8333-b93b-4c92835afc6f,0.9948219334220774,65.66149297856614,2323
SURFACE_FREE,69620104-790c-832d-9aeb-235f1c506764,0.9691004934388692,60.56171470805617,2668
SURFACE_FREE,69653997-63cc-8326-adf6-adbe7a181603,0.9935778293857598,64.96674057649668,2370
SURFACE_FREE,6966fa47-2290-832b-9a39-9419fe50f982,0.9809778471441163,61.87730968218773,2579
SURFACE_FREE,696d2abb-a3e4-8326-9754-399cd2d82695,0.9356292105031578,57.87139689578714,2850
SURFACE_FREE,696d449c-9444-8327-a8e3-fc0da44e1692,0.9949007561379288,65.6910569105691,2321
SURFACE_FREE,6973801a-17e4-832c-b89f-5b7b56aecb55,0.9796952951334272,61.68514412416851,2592
SURFACE_FREE,69826c1b-8508-8389-ac6a-56a19d0f252f,0.9999975157844189,79.37915742793791,1395
SURFACE_FREE,6982cb68-f4c0-838b-ab0c-4cda364a4b46,0.9996544596724016,71.17516629711751,1950
SURFACE_FREE,6983170e-0ef4-838b-8a6f-bd2ddc7fae89,0.984320106013313,62.512934220251296,2536
SURFACE_FREE,698a8fc6-3f44-838e-9ab4-5fd12d86464d,0.9992709977382133,69.7708795269771,2045
SURFACE_FREE,698b52ae-7750-8396-b842-1cd509e0e362,0.9944502998337104,65.49889135254989,2334
SURFACE_FREE,698f83f2-194c-838e-977d-dd1ce7e5b3a2,0.997223373842305,67.1840354767184,2220
SURFACE_FREE,69912686-e42c-8388-bf9a-b93c32b88046,0.9995379242056128,70.73170731707317,1980
SURFACE_FREE,6993581e-2f84-8395-8954-317d83c1ba9c,0.9996860703781774,71.3229859571323,1940
SURFACE_FREE,69952531-2ca4-838d-a6f0-d8235f45c718,0.9997869111711584,72.03252032520325,1892
SURFACE_FREE,6997c5fe-6da8-8396-a983-29d32242f5c0,0.9910347948923778,64.10938654841094,2428
SURFACE_FREE,699b3ded-9c44-8384-b608-a0c2f82bfa99,0.9997018444524505,71.4560236511456,1931
SURFACE_FREE,699b4071-432c-8394-8524-2cecca087caf,0.9943452946230028,65.39541759053954,2341
SURFACE_FREE,699b4102-7498-8387-bea9-6fc4983dd5cf,0.9901973535030577,63.76940133037694,2451
SURFACE_FREE,699b4744-9ae0-8385-aa0a-3a270d22ecef,0.9996186531059471,70.99778270509978,1962
SURFACE_FREE,699c384b-93d8-8392-8821-690834cce9d3,0.7943545456903598,50.539541759053954,3346
SURFACE_FREE,699f3baf-8f18-838a-af68-366a140ccbb4,0.9993997505461363,70.12564671101256,2021
SURFACE_FREE,69a230d3-b9f0-8386-ac75-74414854330a,0.9998428339761809,72.56467110125647,1856
SURFACE_FREE,69a62529-b488-8384-adbb-76818a331be3,0.9931487052041399,64.78935698447894,2382
SURFACE_FREE,69a87432-4cfc-8393-b1de-11ffb49d90fa,0.9991078323318028,69.40133037694012,2070
SURFACE_FREE,69aaf0e9-f31c-8394-bff4-8243bb4f1595,0.9999599242637596,75.07760532150776,1686
SURFACE_FREE,69b0e87b-82e0-8390-bfd9-44c881aea4b3,0.9997447471992065,71.73688100517369,1912
SURFACE_FREE,69b241cf-b030-838c-b5f0-4d5b0f29afe6,0.9945741821648311,65.54323725055433,2331
SURFACE_FREE,69b4da18-b5e8-8393-a726-f1e0e6893b54,0.9983012477071493,68.24833702882484,2148
SURFACE_FREE,69ba27b1-ac1c-8391-868b-3bcd85fca150,0.999999937558944,84.98152254249815,1016
SURFACE_FREE,69cc7d4b-6f4c-8391-b0e1-3396ff70aa11,0.9999731853224533,75.77235772357723,1639
SURFACE_FREE,69d1df31-7154-8396-8451-08d6eb5b458c,0.9999591136743681,75.01847745750186,1690
SURFACE_FREE,69d3132e-93d0-838f-a1f3-1a95eff13c4c,0.9998916727883269,73.20029563932003,1813
SURFACE_FREE,69d65649-2ac0-8390-a8d3-9bd9208505ab,0.9942161860160134,65.27716186252772,2349
SURFACE_FREE,69dc4b24-d084-8394-b367-1e22f8875543,0.8836343965935446,54.64892830746489,3068
SURFACE_FREE,69e121c1-acd8-8393-8efb-92d83e9ea6b9,0.9968314514591523,66.79970436067997,2246
SURFACE_FREE,69e1acd6-86e0-838a-9e38-a40391a2a5aa,0.9999989232312559,80.62084257206207,1311
SURFACE_FREE,69f54b03-1d20-83eb-84c1-0d2b17f2bfd2,0.9988397642428638,69.0169992609017,2096
SURFACE_FREE,6a065893-97ac-838a-9e45-0291cf9b4414,0.8370145492677744,52.357723577235774,3223
SURFACE_FREE,6a077205-226c-8395-8609-a82424f0f284,0.9999858597356207,76.86622320768663,1565
SURFACE_FREE,6a2489e9-b794-83eb-80dd-bb92841a63bb,0.715047689532194,47.77531411677754,3533
SURFACE_FREE,6a275b51-56e8-83eb-a153-17fc860f233a,0.9971835068482394,67.13968957871397,2223
SURFACE_FREE,6a277af3-a960-83ed-81f4-c7bfa08e82bb,0.17817942163997874,27.745750184774575,4888
R1_COMPATIBLE,68b5df00-83c8-832c-9208-ec73ca31cae7,0.7515289271442247,32.2690317812269,4582
R1_COMPATIBLE,68b72f6a-4260-8321-9047-a8edf5a76dd9,0.36070240989538077,22.85291943828529,5219
R1_COMPATIBLE,68ba9e45-d9ac-8330-ba80-5a305f542e97,0.4552167961434933,25.439763488543974,5044
R1_COMPATIBLE,68bcb67c-eb7c-8326-911f-69fecf6c564c,0.5571788506355551,27.849223946784925,4881
R1_COMPATIBLE,68bde332-e1cc-8329-95a8-baaaac306d53,0.2764986154222366,20.221729490022174,5397
R1_COMPATIBLE,68c08ca8-2990-8331-927b-b07ae4895113,0.9470704856011565,39.866962305986696,4068
R1_COMPATIBLE,68c18649-3048-8320-8d95-36ee48bfad64,0.18754081585888244,17.28011825572801,5596
R1_COMPATIBLE,68c2e64f-9d34-832a-81a1-d832f39f7e9f,0.18899500806938252,17.324464153732446,5593
R1_COMPATIBLE,68c34f54-b95c-8327-b102-04c487270761,0.7570604897894412,32.40206947524021,4573
R1_COMPATIBLE,68c55edf-c99c-8320-929f-3c3a13528504,0.8299234130260585,34.48632668144863,4432
R1_COMPATIBLE,68c5b659-cd98-8326-9d4c-aa1362c86b88,0.2368032171809983,19.09830007390983,5473
R1_COMPATIBLE,68c5e7c6-00cc-832a-85e0-30929e6e9788,0.36172589239047404,22.88248337028825,5217
R1_COMPATIBLE,68c7f8ae-27f0-8325-8df9-8b73e1efc66f,0.7337212940004356,31.88470066518847,4608
R1_COMPATIBLE,68c9c389-91a0-8333-bf56-70f7ba25b691,0.4474569871690595,25.203252032520325,5060
R1_COMPATIBLE,68cbc8ef-d014-832c-b131-12e1c59913d4,0.1535004522542548,15.97930524759793,5684
R1_COMPATIBLE,68cf5918-1848-8322-a9e9-87de448056f4,0.11219994750442135,14.131559497413157,5809
R1_COMPATIBLE,68daaf7a-3680-8331-b013-24a611c9f85a,0.45217107843931276,25.321507760532153,5052
R1_COMPATIBLE,68dd680d-d870-8331-8c79-e93e1efa0e7e,0.3078158309463318,21.359940872135994,5320
R1_COMPATIBLE,68df59a6-65c8-832e-ab96-92a871261b4f,0.3743409829004251,23.207686622320768,5195
R1_COMPATIBLE,68dff30a-cc7c-8327-a63d-9a0758a839cf,0.6131630817910669,29.09090909090909,4797
R1_COMPATIBLE,68e098fa-7128-832c-bcb1-7188bf86c0ba,0.9839186618715552,44.30155210643015,3768
R1_COMPATIBLE,68e1ca1b-a068-8325-85b3-51614438ac7b,0.8911306461500397,36.659275683665925,4285
R1_COMPATIBLE,68e576b1-9f6c-8328-aa31-4ee6c0679415,0.786695426905584,33.33333333333333,4510
R1_COMPATIBLE,68eb0175-ca54-8332-8b00-b50b4a482dda,0.959515326447091,40.79822616407982,4005
R1_COMPATIBLE,68eb0f1c-b2ec-8326-a952-3a0498a3a005,0.9980675682871925,53.776792313377676,3127
R1_COMPATIBLE,68f6089e-1534-8330-b38b-77e0aa96ad18,0.6903557091947379,30.879526977087952,4676
R1_COMPATIBLE,68fdcd42-b568-832d-8d33-e7f125fee15a,0.8402616606437722,34.85587583148559,4407
R1_COMPATIBLE,68fded15-6b4c-832a-b923-7614a2675015,0.41768172756721955,24.47893569844789,5109
R1_COMPATIBLE,68fe6c90-e520-8330-adc0-c79ca762a98a,0.8152626613448644,34.07243163340724,4460
R1_COMPATIBLE,68ffd0df-bd20-832a-b88c-e3c77dafc495,0.9143419295900314,37.81226903178123,4207
R1_COMPATIBLE,68fffcee-45c8-8333-aae1-3d3b5d323781,0.9328282381248459,38.891352549889135,4134
R1_COMPATIBLE,6903826b-19f4-8328-951a-e4375d3ccb3c,0.9050317250565906,37.250554323725055,4245
R1_COMPATIBLE,6904e667-1b3c-8327-9b89-5954350136b1,0.9813262498025124,43.72505543237251,3807
R1_COMPATIBLE,69066112-a654-832c-bef9-71130247a0ce,0.751305639388963,32.2690317812269,4582
R1_COMPATIBLE,69077a30-9c80-832e-9b10-19486be65461,0.9821369750433142,43.87287509238729,3797
R1_COMPATIBLE,6907a874-7920-832c-9bfb-63d2fc118ea7,0.5923513458991573,28.632668144863267,4828
R1_COMPATIBLE,69093a89-b398-8333-a754-58c17981a10d,0.6152851523916966,29.16481892091648,4792
R1_COMPATIBLE,690bf51f-3bd0-8330-8f23-f5c629620aae,0.7374231447593205,31.988174427198818,4601
R1_COMPATIBLE,690fc165-d44c-8325-ac95-028d11fc01a4,0.4767629008698992,25.957132298595713,5009
R1_COMPATIBLE,6910bd6e-2514-832f-adf2-21c464472e97,0.6720279129384866,30.46563192904656,4704
R1_COMPATIBLE,69154da7-8574-8331-97ef-9c9cbdf64420,0.9991065316190548,57.20620842572062,2895
R1_COMPATIBLE,691569e9-3cfc-8325-9406-0d68eb69e889,0.9936964704219376,48.79526977087953,3464
R1_COMPATIBLE,6917b806-3574-8330-9cc0-36b41f804b7e,0.9999598034813459,68.86917960088692,2106
R1_COMPATIBLE,6918199a-7e04-832d-9314-37fbe7cd92ff,0.9567232775339091,40.57649667405765,4020
R1_COMPATIBLE,691838ae-f99c-832a-ad44-2ae362a700c6,0.9969026789211078,51.72209903917221,3266
R1_COMPATIBLE,69186c23-2d84-832b-b800-87a2ee0772ea,0.9999995853060978,81.10864745011087,1278
R1_COMPATIBLE,69195a92-f0cc-8332-a20a-51d5a4516d19,0.9979006416077222,53.45158906134516,3149
R1_COMPATIBLE,691ae0f5-8e80-8328-b7e4-13482eb55856,0.9987542627676748,55.71322985957132,2996
R1_COMPATIBLE,691ca3c0-f0ac-8325-8633-1288242e8c86,0.9999597021578347,68.85439763488544,2107
R1_COMPATIBLE,691da14c-25d4-8329-8966-78ce63f75189,0.9986815412515875,55.41759053954176,3016
R1_COMPATIBLE,691f558b-a7dc-832a-8fae-bab194f7b27d,0.9998460741154706,64.25720620842571,2418
R1_COMPATIBLE,692091ca-ecb8-832f-a281-48442427ada4,0.9997963899606611,63.38507021433851,2477
R1_COMPATIBLE,69224691-0bdc-8325-b20a-ac4e5f3cc4c8,0.9985524539109873,54.988913525498894,3045
R1_COMPATIBLE,6925e053-ca9c-8326-a5b8-74e12c839569,0.9988030813875406,55.8610495195861,2986
R1_COMPATIBLE,6927b12b-bfb8-8325-80c6-6add963de8be,0.9992853761182569,57.98965262379897,2842
R1_COMPATIBLE,6928a1f2-a0f0-8329-9e93-e2c4354d586c,0.9995798694985197,60.39911308203991,2679
R1_COMPATIBLE,692b82a9-7764-832d-b3d5-f63b59792646,0.9999434134139846,67.5979305247598,2192
R1_COMPATIBLE,692babda-5438-8328-9643-61eac55f9b65,0.9990263915265101,56.79231337767923,2923
R1_COMPATIBLE,692c182f-8848-8329-aa72-e1c484f0883d,0.9988937053343345,56.304508499630444,2956
R1_COMPATIBLE,692db1a2-ee20-832a-b527-b36a57210cb0,0.9999679259691492,69.68218773096821,2051
R1_COMPATIBLE,692f5d5a-5c6c-832f-afd8-7791e3ae7169,0.021052150941471212,6.770140428677014,6307
R1_COMPATIBLE,692f808d-76ec-8331-b1ab-4e1eb2ad3360,0.9828166874282406,44.05025868440502,3785
R1_COMPATIBLE,69305a19-e310-8325-9a5c-98c6d8fe99e6,0.9991547028865826,57.42793791574279,2880
R1_COMPATIBLE,6932383e-a550-832e-a437-aeedb5883fbc,0.9998104085266504,63.60679970436068,2462
R1_COMPATIBLE,69337a14-0af4-832d-a473-20e5896b3be1,0.9900625048777415,46.56319290465632,3615
R1_COMPATIBLE,6934d3fd-d9c8-8327-8cbb-ed2f22efe02a,0.9999757591934036,70.62823355506282,1987
R1_COMPATIBLE,693782d3-5da0-8330-96dc-191d211d9f9c,0.9998561718372541,64.44937176644494,2405
R1_COMPATIBLE,6937eac0-58f8-8333-8b99-4e70c64d575a,0.07458794788841348,12.032520325203253,5951
R1_COMPATIBLE,6937eda0-34dc-8328-a7b7-0ec0976eb833,0.9999156853662414,66.11973392461198,2292
R1_COMPATIBLE,69390d0c-8f78-8329-878e-711bb13f3bc6,0.9999571989259495,68.6770140428677,2119
R1_COMPATIBLE,693d0da2-8304-832f-81b1-c3abcf628232,0.7997372621983934,33.6289726533629,4490
R1_COMPATIBLE,6940b547-2588-832b-aa19-5d79692f4677,0.8149566271349074,34.07243163340724,4460
R1_COMPATIBLE,69416cbc-ab28-832e-b813-346ada0aadbb,0.9999164245522921,66.1640798226164,2289
R1_COMPATIBLE,694352f8-23bc-8325-8444-6d926981c10b,0.9996146410113524,60.694752402069476,2659
R1_COMPATIBLE,694722a1-c764-8327-9fe3-6dccc1bb5f13,0.9994332657267382,59.053954175905396,2770
R1_COMPATIBLE,69483672-6f88-832c-860c-e5fdb3ec7133,0.9049745863018847,37.250554323725055,4245
R1_COMPATIBLE,69496114-d678-832b-b342-eb9ba8686bec,0.9995089583566821,59.68957871396896,2727
R1_COMPATIBLE,694acdaf-ed38-8330-89f3-d6d0624328ef,0.9998660627640599,64.68588322246859,2389
R1_COMPATIBLE,694c5d34-691c-832d-86f0-1982fcfd921a,0.9875555137665831,45.572801182557285,3682
R1_COMPATIBLE,694c5ff2-bca8-832e-8b98-2de705fdb38b,0.9995052000402526,59.61566888396157,2732
R1_COMPATIBLE,694f44f9-9448-8330-861e-1d95c09325d6,0.9984676152620356,54.796747967479675,3058
R1_COMPATIBLE,69508cb5-801c-832a-862f-cda4c06c06f4,0.9387626837271688,39.23133776792314,4111
R1_COMPATIBLE,695307d1-6b48-8333-aaa1-c19965d19a8c,0.9999978942670672,77.50184774575018,1522
R1_COMPATIBLE,6953290d-f444-8325-9567-00c26dd15416,0.9847180552078096,44.47893569844789,3756
R1_COMPATIBLE,6954a332-4f4c-832c-b203-ffab10ebce32,0.9951281935381107,49.80044345898004,3396
R1_COMPATIBLE,6955c04b-aeb8-8331-997c-ca99f3c3f749,0.9983044638931963,54.3089430894309,3091
R1_COMPATIBLE,6956015b-a104-8326-827b-164d4a6b0462,0.999449171183546,59.14264597191426,2764
R1_COMPATIBLE,69561d81-e7bc-832f-9f6b-24a43e4ef0a6,0.9606600584561756,40.946045824094604,3995
R1_COMPATIBLE,695726f4-9868-8329-95fe-4d71d983d464,0.9996530298274164,61.300813008130085,2618
R1_COMPATIBLE,695b2708-bb9c-832f-b01e-1b1e578450d1,0.9827877589945726,44.05025868440502,3785
R1_COMPATIBLE,695b53b1-09c0-8331-a21e-a40926c0df11,0.9948375890022148,49.63784183296379,3407
R1_COMPATIBLE,695e4fe4-b8b4-8327-ab90-276040578345,0.9999999702623921,85.75018477457502,964
R1_COMPATIBLE,695e9bc7-b158-832c-92e7-316be2bc9388,0.9999997779368108,82.24685883222469,1201
R1_COMPATIBLE,695fa184-6bb4-8333-b93b-4c92835afc6f,0.9955470218670169,50.15521064301552,3372
R1_COMPATIBLE,69620104-790c-832d-9aeb-235f1c506764,0.9896480534079382,46.430155210643015,3624
R1_COMPATIBLE,69653997-63cc-8326-adf6-adbe7a181603,0.9912277804374214,47.16925351071693,3574
R1_COMPATIBLE,6966fa47-2290-832b-9a39-9419fe50f982,0.9867213344605811,45.188470066518846,3708
R1_COMPATIBLE,696d2abb-a3e4-8326-9754-399cd2d82695,0.9793541870825342,43.340724316334075,3833
R1_COMPATIBLE,696d449c-9444-8327-a8e3-fc0da44e1692,0.9966739979968964,51.42645971914265,3286
R1_COMPATIBLE,6973801a-17e4-832c-b89f-5b7b56aecb55,0.9918068141096326,47.58314855875832,3546
R1_COMPATIBLE,69826c1b-8508-8389-ac6a-56a19d0f252f,0.9999999999821603,92.91943828529195,479
R1_COMPATIBLE,6982cb68-f4c0-838b-ab0c-4cda364a4b46,0.9999695766093631,69.84478935698448,2040
R1_COMPATIBLE,6983170e-0ef4-838b-8a6f-bd2ddc7fae89,0.9968517029056689,51.67775314116777,3269
R1_COMPATIBLE,698a8fc6-3f44-838e-9ab4-5fd12d86464d,0.9999911683665869,73.93939393939394,1763
R1_COMPATIBLE,698b52ae-7750-8396-b842-1cd509e0e362,0.996278809808075,50.98300073909831,3316
R1_COMPATIBLE,698f83f2-194c-838e-977d-dd1ce7e5b3a2,0.9996219815744711,60.78344419807834,2653
R1_COMPATIBLE,69912686-e42c-8388-bf9a-b93c32b88046,0.9999771847634318,70.7169253510717,1981
R1_COMPATIBLE,6993581e-2f84-8395-8954-317d83c1ba9c,0.9999808199051656,71.48558758314856,1929
R1_COMPATIBLE,69952531-2ca4-838d-a6f0-d8235f45c718,0.9999521203372763,68.17442719881744,2153
R1_COMPATIBLE,6997c5fe-6da8-8396-a983-29d32242f5c0,0.9999030437900606,65.70583887657058,2320
R1_COMPATIBLE,699b3ded-9c44-8384-b608-a0c2f82bfa99,0.9995972052107023,60.54693274205469,2669
R1_COMPATIBLE,699b4071-432c-8394-8524-2cecca087caf,0.9970675565776717,51.958610495195856,3250
R1_COMPATIBLE,699b4102-7498-8387-bea9-6fc4983dd5cf,0.9956969799938491,50.31781226903178,3361
R1_COMPATIBLE,699b4744-9ae0-8385-aa0a-3a270d22ecef,0.9999849084260345,72.47597930524759,1862
R1_COMPATIBLE,699c384b-93d8-8392-8821-690834cce9d3,0.9543128182363287,40.35476718403548,4035
R1_COMPATIBLE,699f3baf-8f18-838a-af68-366a140ccbb4,0.9999022387884271,65.67627494456762,2322
R1_COMPATIBLE,69a230d3-b9f0-8386-ac75-74414854330a,0.9999603194089297,68.89874353288987,2104
R1_COMPATIBLE,69a62529-b488-8384-adbb-76818a331be3,0.9754159420916012,42.6459719142646,3880
R1_COMPATIBLE,69a87432-4cfc-8393-b1de-11ffb49d90fa,0.9998928661108112,65.41019955654102,2340
R1_COMPATIBLE,69aaf0e9-f31c-8394-bff4-8243bb4f1595,0.9999993411981046,80.10347376201035,1346
R1_COMPATIBLE,69b0e87b-82e0-8390-bfd9-44c881aea4b3,0.9980335771463732,53.717664449371775,3131
R1_COMPATIBLE,69b241cf-b030-838c-b5f0-4d5b0f29afe6,0.9942836177845752,49.19438285291944,3437
R1_COMPATIBLE,69b4da18-b5e8-8393-a726-f1e0e6893b54,0.9994644965035737,59.290465631929045,2754
R1_COMPATIBLE,69ba27b1-ac1c-8391-868b-3bcd85fca150,0.9999999156304396,83.9320029563932,1087
R1_COMPATIBLE,69cc7d4b-6f4c-8391-b0e1-3396ff70aa11,0.999347190608498,58.40354767184035,2814
R1_COMPATIBLE,69d1df31-7154-8396-8451-08d6eb5b458c,0.9983905858159235,54.560236511456026,3074
R1_COMPATIBLE,69d3132e-93d0-838f-a1f3-1a95eff13c4c,0.9991941992680742,57.694013303769395,2862
R1_COMPATIBLE,69d65649-2ac0-8390-a8d3-9bd9208505ab,0.9983050607334647,54.3089430894309,3091
R1_COMPATIBLE,69dc4b24-d084-8394-b367-1e22f8875543,0.9480428814479586,39.896526237989654,4066
R1_COMPATIBLE,69e121c1-acd8-8393-8efb-92d83e9ea6b9,0.9970026632271829,51.84035476718404,3258
R1_COMPATIBLE,69e1acd6-86e0-838a-9e38-a40391a2a5aa,0.9999948541740631,75.13673318551368,1682
R1_COMPATIBLE,69f54b03-1d20-83eb-84c1-0d2b17f2bfd2,0.9459963633743298,39.76348854397635,4075
R1_COMPATIBLE,6a065893-97ac-838a-9e45-0291cf9b4414,0.48299189787935143,26.075388026607538,5001
R1_COMPATIBLE,6a077205-226c-8395-8609-a82424f0f284,0.9997313778218956,62.3059866962306,2550
R1_COMPATIBLE,6a2489e9-b794-83eb-80dd-bb92841a63bb,0.055887866825696284,10.746489283074649,6038
R1_COMPATIBLE,6a275b51-56e8-83eb-a153-17fc860f233a,0.997301044697852,52.342941611234295,3224
R1_COMPATIBLE,6a277af3-a960-83ed-81f4-c7bfa08e82bb,0.034117268157861244,8.499630450849963,6190
