SEQUENCE_NO,RUN_ID,CANONICAL_ID,CANONICAL_NAME,HISTORICAL_STATUS,SELECTION_SOURCE,SOURCE_PATH,DESTINATION_PATH,DESTINATION_BUCKET,SIZE_BYTES,SOURCE_SHA256,DESTINATION_SHA256,HASH_VERIFIED,COPY_STATUS,ERROR,ORIGINAL_PHASE8G_DESTINATION,HYDRATION_VERSION
171,RUN-004,CAN-F1-DEV-R1,F1 Development - LM Arena Blind R1,RUN_OR_DEVELOPMENT_RECORD,PHASE8F_DIRECT_RUN_AUTHORITY,C:\RSOS\Training data\F1_DEV_LMARENA_BLIND_R1\00_MANIFEST\BLIND_SPLIT_COUNTS.csv,C:\RSOS\RSOS_CANONICAL_EXPERIMENT_CHAIN\90_RUN_RECORDS\RUN-004__F1_Development_LM_Arena_Blind_R1\00_CONTROL\SOURCE\Training data\F1_DEV_LMARENA_BLIND_R1\00_MANIFEST\BLIND_SPLIT_COUNTS.csv,00_CONTROL,92,5432cc5dec0d387246b74dce2ec5231efe7550972656397722225327620e356f,5432cc5dec0d387246b74dce2ec5231efe7550972656397722225327620e356f,True,COPIED_AND_VERIFIED,,C:\RSOS\RSOS_CANONICAL_EXPERIMENT_CHAIN\90_RUN_RECORDS\RUN-004__F1_Development_LM_Arena_Blind_R1\00_CONTROL\SOURCE\Training data\F1_DEV_LMARENA_BLIND_R1\00_MANIFEST\BLIND_SPLIT_COUNTS.csv,PHASE8G_ORIGINAL_VERIFIED
172,RUN-004,CAN-F1-DEV-R1,F1 Development - LM Arena Blind R1,RUN_OR_DEVELOPMENT_RECORD,PHASE8F_DIRECT_RUN_AUTHORITY,C:\RSOS\Training data\F1_DEV_LMARENA_BLIND_R1\00_MANIFEST\F1_DEV_SUMMARY.json,C:\RSOS\RSOS_CANONICAL_EXPERIMENT_CHAIN\90_RUN_RECORDS\RUN-004__F1_Development_LM_Arena_Blind_R1\05_OUTPUTS\SOURCE\Training data\F1_DEV_LMARENA_BLIND_R1\00_MANIFEST\F1_DEV_SUMMARY.json,05_OUTPUTS,1151,2102c0419199b64c11f54e9586a862da593cab3b504db6420cd64353e5419b85,2102c0419199b64c11f54e9586a862da593cab3b504db6420cd64353e5419b85,True,COPIED_AND_VERIFIED,,C:\RSOS\RSOS_CANONICAL_EXPERIMENT_CHAIN\90_RUN_RECORDS\RUN-004__F1_Development_LM_Arena_Blind_R1\05_OUTPUTS\SOURCE\Training data\F1_DEV_LMARENA_BLIND_R1\00_MANIFEST\F1_DEV_SUMMARY.json,PHASE8G_ORIGINAL_VERIFIED
173,RUN-004,CAN-F1-DEV-R1,F1 Development - LM Arena Blind R1,RUN_OR_DEVELOPMENT_RECORD,PHASE8F_DIRECT_RUN_AUTHORITY,C:\RSOS\Training data\F1_DEV_LMARENA_BLIND_R1\00_MANIFEST\F1_DEV_SUMMARY.txt,C:\RSOS\RSOS_CANONICAL_EXPERIMENT_CHAIN\90_RUN_RECORDS\RUN-004__F1_Development_LM_Arena_Blind_R1\05_OUTPUTS\SOURCE\Training data\F1_DEV_LMARENA_BLIND_R1\00_MANIFEST\F1_DEV_SUMMARY.txt,05_OUTPUTS,1180,1274dff954a6e022d82c821f923e4a2f47eb6140d8074ab8e5d47e73b0a0d9f7,1274dff954a6e022d82c821f923e4a2f47eb6140d8074ab8e5d47e73b0a0d9f7,True,COPIED_AND_VERIFIED,,C:\RSOS\RSOS_CANONICAL_EXPERIMENT_CHAIN\90_RUN_RECORDS\RUN-004__F1_Development_LM_Arena_Blind_R1\05_OUTPUTS\SOURCE\Training data\F1_DEV_LMARENA_BLIND_R1\00_MANIFEST\F1_DEV_SUMMARY.txt,PHASE8G_ORIGINAL_VERIFIED
174,RUN-004,CAN-F1-DEV-R1,F1 Development - LM Arena Blind R1,RUN_OR_DEVELOPMENT_RECORD,PHASE8F_DIRECT_RUN_AUTHORITY,C:\RSOS\Training data\F1_DEV_LMARENA_BLIND_R1\00_MANIFEST\F1_FROZEN_SPEC_BEFORE_DEVELOPMENT_HOLDOUT.json,C:\RSOS\RSOS_CANONICAL_EXPERIMENT_CHAIN\90_RUN_RECORDS\RUN-004__F1_Development_LM_Arena_Blind_R1\09_FREEZE\SOURCE\Training data\F1_DEV_LMARENA_BLIND_R1\00_MANIFEST\F1_FROZEN_SPEC_BEFORE_DEVELOPMENT_HOLDOUT.json,09_FREEZE,5462,f49a55a54fff590dbe199bfdddca6ab53fbe110ecef3fcc81f56b28d2d0bf672,f49a55a54fff590dbe199bfdddca6ab53fbe110ecef3fcc81f56b28d2d0bf672,True,COPIED_AND_VERIFIED,,C:\RSOS\RSOS_CANONICAL_EXPERIMENT_CHAIN\90_RUN_RECORDS\RUN-004__F1_Development_LM_Arena_Blind_R1\09_FREEZE\SOURCE\Training data\F1_DEV_LMARENA_BLIND_R1\00_MANIFEST\F1_FROZEN_SPEC_BEFORE_DEVELOPMENT_HOLDOUT.json,PHASE8G_ORIGINAL_VERIFIED
175,RUN-004,CAN-F1-DEV-R1,F1 Development - LM Arena Blind R1,RUN_OR_DEVELOPMENT_RECORD,PHASE8F_DIRECT_RUN_AUTHORITY,C:\RSOS\Training data\F1_DEV_LMARENA_BLIND_R1\00_MANIFEST\F1_FROZEN_SPEC_SHA256.txt,C:\RSOS\RSOS_CANONICAL_EXPERIMENT_CHAIN\90_RUN_RECORDS\RUN-004__F1_Development_LM_Arena_Blind_R1\09_FREEZE\SOURCE\Training data\F1_DEV_LMARENA_BLIND_R1\00_MANIFEST\F1_FROZEN_SPEC_SHA256.txt,09_FREEZE,66,45f066cd80af751c8c37bcdf48a304d3e5df3a5514296f9ead128d2e8f5db1ee,45f066cd80af751c8c37bcdf48a304d3e5df3a5514296f9ead128d2e8f5db1ee,True,COPIED_AND_VERIFIED,,C:\RSOS\RSOS_CANONICAL_EXPERIMENT_CHAIN\90_RUN_RECORDS\RUN-004__F1_Development_LM_Arena_Blind_R1\09_FREEZE\SOURCE\Training data\F1_DEV_LMARENA_BLIND_R1\00_MANIFEST\F1_FROZEN_SPEC_SHA256.txt,PHASE8G_ORIGINAL_VERIFIED
176,RUN-004,CAN-F1-DEV-R1,F1 Development - LM Arena Blind R1,RUN_OR_DEVELOPMENT_RECORD,PHASE8F_DIRECT_RUN_AUTHORITY,C:\RSOS\Training data\F1_DEV_LMARENA_BLIND_R1\00_MANIFEST\INPUT_SHA256_MANIFEST.csv,C:\RSOS\RSOS_CANONICAL_EXPERIMENT_CHAIN\90_RUN_RECORDS\RUN-004__F1_Development_LM_Arena_Blind_R1\09_FREEZE\SOURCE\Training data\F1_DEV_LMARENA_BLIND_R1\00_MANIFEST\INPUT_SHA256_MANIFEST.csv,09_FREEZE,1075,1e5422edcce07b7235d3a11c5b02bab5023cb0dcd6358e7dc6be5760aa082c6a,1e5422edcce07b7235d3a11c5b02bab5023cb0dcd6358e7dc6be5760aa082c6a,True,COPIED_AND_VERIFIED,,C:\RSOS\RSOS_CANONICAL_EXPERIMENT_CHAIN\90_RUN_RECORDS\RUN-004__F1_Development_LM_Arena_Blind_R1\09_FREEZE\SOURCE\Training data\F1_DEV_LMARENA_BLIND_R1\00_MANIFEST\INPUT_SHA256_MANIFEST.csv,PHASE8G_ORIGINAL_VERIFIED
177,RUN-004,CAN-F1-DEV-R1,F1 Development - LM Arena Blind R1,RUN_OR_DEVELOPMENT_RECORD,PHASE8F_DIRECT_RUN_AUTHORITY,C:\RSOS\Training data\F1_DEV_LMARENA_BLIND_R1\00_MANIFEST\OUTPUT_FILE_INDEX.csv,C:\RSOS\RSOS_CANONICAL_EXPERIMENT_CHAIN\90_RUN_RECORDS\RUN-004__F1_Development_LM_Arena_Blind_R1\05_OUTPUTS\SOURCE\Training data\F1_DEV_LMARENA_BLIND_R1\00_MANIFEST\OUTPUT_FILE_INDEX.csv,05_OUTPUTS,2088,0bbc36efe061d0d09db794a4ecefd78991c659e09eb72f2a68461f96f6aed181,0bbc36efe061d0d09db794a4ecefd78991c659e09eb72f2a68461f96f6aed181,True,COPIED_AND_VERIFIED,,C:\RSOS\RSOS_CANONICAL_EXPERIMENT_CHAIN\90_RUN_RECORDS\RUN-004__F1_Development_LM_Arena_Blind_R1\05_OUTPUTS\SOURCE\Training data\F1_DEV_LMARENA_BLIND_R1\00_MANIFEST\OUTPUT_FILE_INDEX.csv,PHASE8G_ORIGINAL_VERIFIED
178,RUN-004,CAN-F1-DEV-R1,F1 Development - LM Arena Blind R1,RUN_OR_DEVELOPMENT_RECORD,PHASE8F_DIRECT_RUN_AUTHORITY,C:\RSOS\Training data\F1_DEV_LMARENA_BLIND_R1\00_MANIFEST\RESERVED_EXTERNAL_CONTROLS_NOT_READ.txt,C:\RSOS\RSOS_CANONICAL_EXPERIMENT_CHAIN\90_RUN_RECORDS\RUN-004__F1_Development_LM_Arena_Blind_R1\00_CONTROL\SOURCE\Training data\F1_DEV_LMARENA_BLIND_R1\00_MANIFEST\RESERVED_EXTERNAL_CONTROLS_NOT_READ.txt,00_CONTROL,196,cce22e5615f9a107431f587b197b6cbfa27ab60aec76ee0a751ed0921643b9e2,cce22e5615f9a107431f587b197b6cbfa27ab60aec76ee0a751ed0921643b9e2,True,COPIED_AND_VERIFIED,,C:\RSOS\RSOS_CANONICAL_EXPERIMENT_CHAIN\90_RUN_RECORDS\RUN-004__F1_Development_LM_Arena_Blind_R1\00_CONTROL\SOURCE\Training data\F1_DEV_LMARENA_BLIND_R1\00_MANIFEST\RESERVED_EXTERNAL_CONTROLS_NOT_READ.txt,PHASE8G_ORIGINAL_VERIFIED
179,RUN-004,CAN-F1-DEV-R1,F1 Development - LM Arena Blind R1,RUN_OR_DEVELOPMENT_RECORD,PHASE8F_DIRECT_RUN_AUTHORITY,C:\RSOS\Training data\F1_DEV_LMARENA_BLIND_R1\00_MANIFEST\RUN_F1_DEV_LMARENA_BLIND_R1.py,C:\RSOS\RSOS_CANONICAL_EXPERIMENT_CHAIN\90_RUN_RECORDS\RUN-004__F1_Development_LM_Arena_Blind_R1\03_RUNNER\SOURCE\Training data\F1_DEV_LMARENA_BLIND_R1\00_MANIFEST\RUN_F1_DEV_LMARENA_BLIND_R1.py,03_RUNNER,49259,ebbf613329d15a2bc2e73bbed7f5e0366d18e28bc6c14140b1746f351bd8ea5f,ebbf613329d15a2bc2e73bbed7f5e0366d18e28bc6c14140b1746f351bd8ea5f,True,COPIED_AND_VERIFIED,,C:\RSOS\RSOS_CANONICAL_EXPERIMENT_CHAIN\90_RUN_RECORDS\RUN-004__F1_Development_LM_Arena_Blind_R1\03_RUNNER\SOURCE\Training data\F1_DEV_LMARENA_BLIND_R1\00_MANIFEST\RUN_F1_DEV_LMARENA_BLIND_R1.py,PHASE8G_ORIGINAL_VERIFIED
180,RUN-004,CAN-F1-DEV-R1,F1 Development - LM Arena Blind R1,RUN_OR_DEVELOPMENT_RECORD,PHASE8F_DIRECT_RUN_AUTHORITY,C:\RSOS\Training data\F1_DEV_LMARENA_BLIND_R1\00_MANIFEST\RUN_SCRIPT_SHA256.txt,C:\RSOS\RSOS_CANONICAL_EXPERIMENT_CHAIN\90_RUN_RECORDS\RUN-004__F1_Development_LM_Arena_Blind_R1\09_FREEZE\SOURCE\Training data\F1_DEV_LMARENA_BLIND_R1\00_MANIFEST\RUN_SCRIPT_SHA256.txt,09_FREEZE,66,dacee42184ebdb0785a72882e015c7297f16ed17950c03738215920a16f1cef4,dacee42184ebdb0785a72882e015c7297f16ed17950c03738215920a16f1cef4,True,COPIED_AND_VERIFIED,,C:\RSOS\RSOS_CANONICAL_EXPERIMENT_CHAIN\90_RUN_RECORDS\RUN-004__F1_Development_LM_Arena_Blind_R1\09_FREEZE\SOURCE\Training data\F1_DEV_LMARENA_BLIND_R1\00_MANIFEST\RUN_SCRIPT_SHA256.txt,PHASE8G_ORIGINAL_VERIFIED
181,RUN-004,CAN-F1-DEV-R1,F1 Development - LM Arena Blind R1,RUN_OR_DEVELOPMENT_RECORD,PHASE8F_DIRECT_RUN_AUTHORITY,C:\RSOS\Training data\F1_DEV_LMARENA_BLIND_R1\01_CALIBRATION\F1_CALIBRATION_FEATURE_IMPORTANCE.csv,C:\RSOS\RSOS_CANONICAL_EXPERIMENT_CHAIN\90_RUN_RECORDS\RUN-004__F1_Development_LM_Arena_Blind_R1\05_OUTPUTS\SOURCE\Training data\F1_DEV_LMARENA_BLIND_R1\01_CALIBRATION\F1_CALIBRATION_FEATURE_IMPORTANCE.csv,05_OUTPUTS,576,e280b277729d618fb216667aad12aade4328afc9555f7048e2b33aeba85ed25e,e280b277729d618fb216667aad12aade4328afc9555f7048e2b33aeba85ed25e,True,COPIED_AND_VERIFIED,,C:\RSOS\RSOS_CANONICAL_EXPERIMENT_CHAIN\90_RUN_RECORDS\RUN-004__F1_Development_LM_Arena_Blind_R1\05_OUTPUTS\SOURCE\Training data\F1_DEV_LMARENA_BLIND_R1\01_CALIBRATION\F1_CALIBRATION_FEATURE_IMPORTANCE.csv,PHASE8G_ORIGINAL_VERIFIED
182,RUN-004,CAN-F1-DEV-R1,F1 Development - LM Arena Blind R1,RUN_OR_DEVELOPMENT_RECORD,PHASE8F_DIRECT_RUN_AUTHORITY,C:\RSOS\Training data\F1_DEV_LMARENA_BLIND_R1\01_CALIBRATION\F1_RELATIONAL_DEPENDENCE_CALIBRATION.csv,C:\RSOS\RSOS_CANONICAL_EXPERIMENT_CHAIN\90_RUN_RECORDS\RUN-004__F1_Development_LM_Arena_Blind_R1\00_CONTROL\SOURCE\Training data\F1_DEV_LMARENA_BLIND_R1\01_CALIBRATION\F1_RELATIONAL_DEPENDENCE_CALIBRATION.csv,00_CONTROL,171,285bf07c6d3af3f0df0966d4b69b0eebb3627ff2174cab4683ac38b7cf1a1186,285bf07c6d3af3f0df0966d4b69b0eebb3627ff2174cab4683ac38b7cf1a1186,True,COPIED_AND_VERIFIED,,C:\RSOS\RSOS_CANONICAL_EXPERIMENT_CHAIN\90_RUN_RECORDS\RUN-004__F1_Development_LM_Arena_Blind_R1\00_CONTROL\SOURCE\Training data\F1_DEV_LMARENA_BLIND_R1\01_CALIBRATION\F1_RELATIONAL_DEPENDENCE_CALIBRATION.csv,PHASE8G_ORIGINAL_VERIFIED
183,RUN-004,CAN-F1-DEV-R1,F1 Development - LM Arena Blind R1,RUN_OR_DEVELOPMENT_RECORD,PHASE8F_DIRECT_RUN_AUTHORITY,C:\RSOS\Training data\F1_DEV_LMARENA_BLIND_R1\02_BLIND_DISCOVERY\F1_BLIND_FEATURE_RELATION_GRAPH_PREHOLDOUT.csv,C:\RSOS\RSOS_CANONICAL_EXPERIMENT_CHAIN\90_RUN_RECORDS\RUN-004__F1_Development_LM_Arena_Blind_R1\05_OUTPUTS\SOURCE\Training data\F1_DEV_LMARENA_BLIND_R1\02_BLIND_DISCOVERY\F1_BLIND_FEATURE_RELATION_GRAPH_PREHOLDOUT.csv,05_OUTPUTS,3557,6bdd4fbac92b098f442b4c6ef1cf18b0aa04b71275a0735bcf7abb37cedd5114,6bdd4fbac92b098f442b4c6ef1cf18b0aa04b71275a0735bcf7abb37cedd5114,True,COPIED_AND_VERIFIED,,C:\RSOS\RSOS_CANONICAL_EXPERIMENT_CHAIN\90_RUN_RECORDS\RUN-004__F1_Development_LM_Arena_Blind_R1\05_OUTPUTS\SOURCE\Training data\F1_DEV_LMARENA_BLIND_R1\02_BLIND_DISCOVERY\F1_BLIND_FEATURE_RELATION_GRAPH_PREHOLDOUT.csv,PHASE8G_ORIGINAL_VERIFIED
184,RUN-004,CAN-F1-DEV-R1,F1 Development - LM Arena Blind R1,RUN_OR_DEVELOPMENT_RECORD,PHASE8F_DIRECT_RUN_AUTHORITY,C:\RSOS\Training data\F1_DEV_LMARENA_BLIND_R1\02_BLIND_DISCOVERY\F1_BLIND_U_ASSIGNMENTS.csv,C:\RSOS\RSOS_CANONICAL_EXPERIMENT_CHAIN\90_RUN_RECORDS\RUN-004__F1_Development_LM_Arena_Blind_R1\00_CONTROL\SOURCE\Training data\F1_DEV_LMARENA_BLIND_R1\02_BLIND_DISCOVERY\F1_BLIND_U_ASSIGNMENTS.csv,00_CONTROL,8866564,ee7191926107d62edc0c22d050547812ad8aeae267be5d76537e2f17e8f07cee,ee7191926107d62edc0c22d050547812ad8aeae267be5d76537e2f17e8f07cee,True,COPIED_AND_VERIFIED,,C:\RSOS\RSOS_CANONICAL_EXPERIMENT_CHAIN\90_RUN_RECORDS\RUN-004__F1_Development_LM_Arena_Blind_R1\00_CONTROL\SOURCE\Training data\F1_DEV_LMARENA_BLIND_R1\02_BLIND_DISCOVERY\F1_BLIND_U_ASSIGNMENTS.csv,PHASE8G_ORIGINAL_VERIFIED
185,RUN-004,CAN-F1-DEV-R1,F1 Development - LM Arena Blind R1,RUN_OR_DEVELOPMENT_RECORD,PHASE8F_DIRECT_RUN_AUTHORITY,C:\RSOS\Training data\F1_DEV_LMARENA_BLIND_R1\02_BLIND_DISCOVERY\F1_BLIND_U_ASSIGNMENTS.parquet,C:\RSOS\RSOS_CANONICAL_EXPERIMENT_CHAIN\90_RUN_RECORDS\RUN-004__F1_Development_LM_Arena_Blind_R1\00_CONTROL\SOURCE\Training data\F1_DEV_LMARENA_BLIND_R1\02_BLIND_DISCOVERY\F1_BLIND_U_ASSIGNMENTS.parquet,00_CONTROL,3940837,e6dd468d9a26e34832cdcf2dd0b0651089bb0523b957a88e3325af1ebd71554f,e6dd468d9a26e34832cdcf2dd0b0651089bb0523b957a88e3325af1ebd71554f,True,COPIED_AND_VERIFIED,,C:\RSOS\RSOS_CANONICAL_EXPERIMENT_CHAIN\90_RUN_RECORDS\RUN-004__F1_Development_LM_Arena_Blind_R1\00_CONTROL\SOURCE\Training data\F1_DEV_LMARENA_BLIND_R1\02_BLIND_DISCOVERY\F1_BLIND_U_ASSIGNMENTS.parquet,PHASE8G_ORIGINAL_VERIFIED
186,RUN-004,CAN-F1-DEV-R1,F1 Development - LM Arena Blind R1,RUN_OR_DEVELOPMENT_RECORD,PHASE8F_DIRECT_RUN_AUTHORITY,C:\RSOS\Training data\F1_DEV_LMARENA_BLIND_R1\02_BLIND_DISCOVERY\F1_CLUSTER_MODEL_SELECTION.csv,C:\RSOS\RSOS_CANONICAL_EXPERIMENT_CHAIN\90_RUN_RECORDS\RUN-004__F1_Development_LM_Arena_Blind_R1\00_CONTROL\SOURCE\Training data\F1_DEV_LMARENA_BLIND_R1\02_BLIND_DISCOVERY\F1_CLUSTER_MODEL_SELECTION.csv,00_CONTROL,970,96d98c6f3b9f47246cab08ca084c9435e5bd27f9e483452bd7296b9391af1e6e,96d98c6f3b9f47246cab08ca084c9435e5bd27f9e483452bd7296b9391af1e6e,True,COPIED_AND_VERIFIED,,C:\RSOS\RSOS_CANONICAL_EXPERIMENT_CHAIN\90_RUN_RECORDS\RUN-004__F1_Development_LM_Arena_Blind_R1\00_CONTROL\SOURCE\Training data\F1_DEV_LMARENA_BLIND_R1\02_BLIND_DISCOVERY\F1_CLUSTER_MODEL_SELECTION.csv,PHASE8G_ORIGINAL_VERIFIED
187,RUN-004,CAN-F1-DEV-R1,F1 Development - LM Arena Blind R1,RUN_OR_DEVELOPMENT_RECORD,PHASE8F_DIRECT_RUN_AUTHORITY,C:\RSOS\Training data\F1_DEV_LMARENA_BLIND_R1\02_BLIND_DISCOVERY\F1_PRIMARY_DERIVED_BLIND_FEATURE_MATRIX.parquet,C:\RSOS\RSOS_CANONICAL_EXPERIMENT_CHAIN\90_RUN_RECORDS\RUN-004__F1_Development_LM_Arena_Blind_R1\05_OUTPUTS\SOURCE\Training data\F1_DEV_LMARENA_BLIND_R1\02_BLIND_DISCOVERY\F1_PRIMARY_DERIVED_BLIND_FEATURE_MATRIX.parquet,05_OUTPUTS,3842834,86f9630ca82f0b3fe2737ed824fdfc2edd7336728d45f0ff9ee2b853dc8fdf71,86f9630ca82f0b3fe2737ed824fdfc2edd7336728d45f0ff9ee2b853dc8fdf71,True,COPIED_AND_VERIFIED,,C:\RSOS\RSOS_CANONICAL_EXPERIMENT_CHAIN\90_RUN_RECORDS\RUN-004__F1_Development_LM_Arena_Blind_R1\05_OUTPUTS\SOURCE\Training data\F1_DEV_LMARENA_BLIND_R1\02_BLIND_DISCOVERY\F1_PRIMARY_DERIVED_BLIND_FEATURE_MATRIX.parquet,PHASE8G_ORIGINAL_VERIFIED
188,RUN-004,CAN-F1-DEV-R1,F1 Development - LM Arena Blind R1,RUN_OR_DEVELOPMENT_RECORD,PHASE8F_DIRECT_RUN_AUTHORITY,C:\RSOS\Training data\F1_DEV_LMARENA_BLIND_R1\02_BLIND_DISCOVERY\F1_U_CENTROIDS.csv,C:\RSOS\RSOS_CANONICAL_EXPERIMENT_CHAIN\90_RUN_RECORDS\RUN-004__F1_Development_LM_Arena_Blind_R1\00_CONTROL\SOURCE\Training data\F1_DEV_LMARENA_BLIND_R1\02_BLIND_DISCOVERY\F1_U_CENTROIDS.csv,00_CONTROL,785,bc1e266865c988d0af929f867766fce308a7b856c08a2b9eca8a0544880da1b1,bc1e266865c988d0af929f867766fce308a7b856c08a2b9eca8a0544880da1b1,True,COPIED_AND_VERIFIED,,C:\RSOS\RSOS_CANONICAL_EXPERIMENT_CHAIN\90_RUN_RECORDS\RUN-004__F1_Development_LM_Arena_Blind_R1\00_CONTROL\SOURCE\Training data\F1_DEV_LMARENA_BLIND_R1\02_BLIND_DISCOVERY\F1_U_CENTROIDS.csv,PHASE8G_ORIGINAL_VERIFIED
189,RUN-004,CAN-F1-DEV-R1,F1 Development - LM Arena Blind R1,RUN_OR_DEVELOPMENT_RECORD,PHASE8F_DIRECT_RUN_AUTHORITY,C:\RSOS\Training data\F1_DEV_LMARENA_BLIND_R1\04_DEVELOPMENT_HOLDOUT\F1_BLIND_CLUSTER_METRICS.csv,C:\RSOS\RSOS_CANONICAL_EXPERIMENT_CHAIN\90_RUN_RECORDS\RUN-004__F1_Development_LM_Arena_Blind_R1\05_OUTPUTS\SOURCE\Training data\F1_DEV_LMARENA_BLIND_R1\04_DEVELOPMENT_HOLDOUT\F1_BLIND_CLUSTER_METRICS.csv,05_OUTPUTS,359,1ad6caaa3d5f5802e768ba84832b55122f4795c9ab2fbb2d2164c323123d2c2b,1ad6caaa3d5f5802e768ba84832b55122f4795c9ab2fbb2d2164c323123d2c2b,True,COPIED_AND_VERIFIED,,C:\RSOS\RSOS_CANONICAL_EXPERIMENT_CHAIN\90_RUN_RECORDS\RUN-004__F1_Development_LM_Arena_Blind_R1\05_OUTPUTS\SOURCE\Training data\F1_DEV_LMARENA_BLIND_R1\04_DEVELOPMENT_HOLDOUT\F1_BLIND_CLUSTER_METRICS.csv,PHASE8G_ORIGINAL_VERIFIED
190,RUN-004,CAN-F1-DEV-R1,F1 Development - LM Arena Blind R1,RUN_OR_DEVELOPMENT_RECORD,PHASE8F_DIRECT_RUN_AUTHORITY,C:\RSOS\Training data\F1_DEV_LMARENA_BLIND_R1\04_DEVELOPMENT_HOLDOUT\F1_BLIND_GRAPH_STABILITY.csv,C:\RSOS\RSOS_CANONICAL_EXPERIMENT_CHAIN\90_RUN_RECORDS\RUN-004__F1_Development_LM_Arena_Blind_R1\00_CONTROL\SOURCE\Training data\F1_DEV_LMARENA_BLIND_R1\04_DEVELOPMENT_HOLDOUT\F1_BLIND_GRAPH_STABILITY.csv,00_CONTROL,145,8e8914d931aca17e908ffb4b803b1f0c3c77171f3dc34776fcc57dc4279daedd,8e8914d931aca17e908ffb4b803b1f0c3c77171f3dc34776fcc57dc4279daedd,True,COPIED_AND_VERIFIED,,C:\RSOS\RSOS_CANONICAL_EXPERIMENT_CHAIN\90_RUN_RECORDS\RUN-004__F1_Development_LM_Arena_Blind_R1\00_CONTROL\SOURCE\Training data\F1_DEV_LMARENA_BLIND_R1\04_DEVELOPMENT_HOLDOUT\F1_BLIND_GRAPH_STABILITY.csv,PHASE8G_ORIGINAL_VERIFIED
191,RUN-004,CAN-F1-DEV-R1,F1 Development - LM Arena Blind R1,RUN_OR_DEVELOPMENT_RECORD,PHASE8F_DIRECT_RUN_AUTHORITY,C:\RSOS\Training data\F1_DEV_LMARENA_BLIND_R1\04_DEVELOPMENT_HOLDOUT\F1_FEATURE_RELATION_GRAPH_HOLDOUT.csv,C:\RSOS\RSOS_CANONICAL_EXPERIMENT_CHAIN\90_RUN_RECORDS\RUN-004__F1_Development_LM_Arena_Blind_R1\05_OUTPUTS\SOURCE\Training data\F1_DEV_LMARENA_BLIND_R1\04_DEVELOPMENT_HOLDOUT\F1_FEATURE_RELATION_GRAPH_HOLDOUT.csv,05_OUTPUTS,4577,932f2bc182d8fb5df944dbcd971016fffcf8c82a8bd2866ae15c797397f970ce,932f2bc182d8fb5df944dbcd971016fffcf8c82a8bd2866ae15c797397f970ce,True,COPIED_AND_VERIFIED,,C:\RSOS\RSOS_CANONICAL_EXPERIMENT_CHAIN\90_RUN_RECORDS\RUN-004__F1_Development_LM_Arena_Blind_R1\05_OUTPUTS\SOURCE\Training data\F1_DEV_LMARENA_BLIND_R1\04_DEVELOPMENT_HOLDOUT\F1_FEATURE_RELATION_GRAPH_HOLDOUT.csv,PHASE8G_ORIGINAL_VERIFIED
192,RUN-004,CAN-F1-DEV-R1,F1 Development - LM Arena Blind R1,RUN_OR_DEVELOPMENT_RECORD,PHASE8F_DIRECT_RUN_AUTHORITY,C:\RSOS\Training data\F1_DEV_LMARENA_BLIND_R1\05_POSTFREEZE_UNBLIND_AUDIT\F1_POSTFREEZE_CONFOUND_AUDIT.csv,C:\RSOS\RSOS_CANONICAL_EXPERIMENT_CHAIN\90_RUN_RECORDS\RUN-004__F1_Development_LM_Arena_Blind_R1\09_FREEZE\SOURCE\Training data\F1_DEV_LMARENA_BLIND_R1\05_POSTFREEZE_UNBLIND_AUDIT\F1_POSTFREEZE_CONFOUND_AUDIT.csv,09_FREEZE,1155,b2cf26c3674fc5168b838dff3e035c491d715deeeb59b6d24d8b87a1cc536af5,b2cf26c3674fc5168b838dff3e035c491d715deeeb59b6d24d8b87a1cc536af5,True,COPIED_AND_VERIFIED,,C:\RSOS\RSOS_CANONICAL_EXPERIMENT_CHAIN\90_RUN_RECORDS\RUN-004__F1_Development_LM_Arena_Blind_R1\09_FREEZE\SOURCE\Training data\F1_DEV_LMARENA_BLIND_R1\05_POSTFREEZE_UNBLIND_AUDIT\F1_POSTFREEZE_CONFOUND_AUDIT.csv,PHASE8G_ORIGINAL_VERIFIED
193,RUN-004,CAN-F1-DEV-R1,F1 Development - LM Arena Blind R1,RUN_OR_DEVELOPMENT_RECORD,PHASE8F_DIRECT_RUN_AUTHORITY,C:\RSOS\Training data\F1_DEV_LMARENA_BLIND_R1\05_POSTFREEZE_UNBLIND_AUDIT\F1_PRESERVE_FIRST_FEATURE_MISSINGNESS.csv,C:\RSOS\RSOS_CANONICAL_EXPERIMENT_CHAIN\90_RUN_RECORDS\RUN-004__F1_Development_LM_Arena_Blind_R1\05_OUTPUTS\SOURCE\Training data\F1_DEV_LMARENA_BLIND_R1\05_POSTFREEZE_UNBLIND_AUDIT\F1_PRESERVE_FIRST_FEATURE_MISSINGNESS.csv,05_OUTPUTS,413,c0d267272f8d530c77355c0f514ce37292d14d4be21d6da1fa1f37ad5a1e17ea,c0d267272f8d530c77355c0f514ce37292d14d4be21d6da1fa1f37ad5a1e17ea,True,COPIED_AND_VERIFIED,,C:\RSOS\RSOS_CANONICAL_EXPERIMENT_CHAIN\90_RUN_RECORDS\RUN-004__F1_Development_LM_Arena_Blind_R1\05_OUTPUTS\SOURCE\Training data\F1_DEV_LMARENA_BLIND_R1\05_POSTFREEZE_UNBLIND_AUDIT\F1_PRESERVE_FIRST_FEATURE_MISSINGNESS.csv,PHASE8G_ORIGINAL_VERIFIED
194,RUN-004,CAN-F1-DEV-R1,F1 Development - LM Arena Blind R1,RUN_OR_DEVELOPMENT_RECORD,PHASE8F_DIRECT_RUN_AUTHORITY,C:\RSOS\Training data\F1_DEV_LMARENA_BLIND_R1\05_POSTFREEZE_UNBLIND_AUDIT\F1_PRESERVE_FIRST_RETENTION.csv,C:\RSOS\RSOS_CANONICAL_EXPERIMENT_CHAIN\90_RUN_RECORDS\RUN-004__F1_Development_LM_Arena_Blind_R1\00_CONTROL\SOURCE\Training data\F1_DEV_LMARENA_BLIND_R1\05_POSTFREEZE_UNBLIND_AUDIT\F1_PRESERVE_FIRST_RETENTION.csv,00_CONTROL,216,ed281e9cc14d813301eb146b8864b1af63bba26a6ffcc2602ae1c59b52198ab5,ed281e9cc14d813301eb146b8864b1af63bba26a6ffcc2602ae1c59b52198ab5,True,COPIED_AND_VERIFIED,,C:\RSOS\RSOS_CANONICAL_EXPERIMENT_CHAIN\90_RUN_RECORDS\RUN-004__F1_Development_LM_Arena_Blind_R1\00_CONTROL\SOURCE\Training data\F1_DEV_LMARENA_BLIND_R1\05_POSTFREEZE_UNBLIND_AUDIT\F1_PRESERVE_FIRST_RETENTION.csv,PHASE8G_ORIGINAL_VERIFIED
195,RUN-004,CAN-F1-DEV-R1,F1 Development - LM Arena Blind R1,RUN_OR_DEVELOPMENT_RECORD,PHASE8F_DIRECT_RUN_AUTHORITY,C:\RSOS\Training data\F1_DEV_LMARENA_BLIND_R1\05_POSTFREEZE_UNBLIND_AUDIT\F1_U_BY_PROVIDER_DEVELOPMENT_HOLDOUT.csv,C:\RSOS\RSOS_CANONICAL_EXPERIMENT_CHAIN\90_RUN_RECORDS\RUN-004__F1_Development_LM_Arena_Blind_R1\00_CONTROL\SOURCE\Training data\F1_DEV_LMARENA_BLIND_R1\05_POSTFREEZE_UNBLIND_AUDIT\F1_U_BY_PROVIDER_DEVELOPMENT_HOLDOUT.csv,00_CONTROL,204,b368397a07d8d0bfe5a85787bbbd70f118e0ce33c75acbaf52972030a836d89f,b368397a07d8d0bfe5a85787bbbd70f118e0ce33c75acbaf52972030a836d89f,True,COPIED_AND_VERIFIED,,C:\RSOS\RSOS_CANONICAL_EXPERIMENT_CHAIN\90_RUN_RECORDS\RUN-004__F1_Development_LM_Arena_Blind_R1\00_CONTROL\SOURCE\Training data\F1_DEV_LMARENA_BLIND_R1\05_POSTFREEZE_UNBLIND_AUDIT\F1_U_BY_PROVIDER_DEVELOPMENT_HOLDOUT.csv,PHASE8G_ORIGINAL_VERIFIED
196,RUN-004,CAN-F1-DEV-R1,F1 Development - LM Arena Blind R1,RUN_OR_DEVELOPMENT_RECORD,PHASE8F_DIRECT_RUN_AUTHORITY,C:\RSOS\Training data\F1_DEV_LMARENA_BLIND_R1\06_STATUS_LEDGER\F1_DEV_STATUS_LEDGER.csv,C:\RSOS\RSOS_CANONICAL_EXPERIMENT_CHAIN\90_RUN_RECORDS\RUN-004__F1_Development_LM_Arena_Blind_R1\07_ADJUDICATION\SOURCE\Training data\F1_DEV_LMARENA_BLIND_R1\06_STATUS_LEDGER\F1_DEV_STATUS_LEDGER.csv,07_ADJUDICATION,495,f324fe6fedc67e97db6871b7416e78cda738672afd32b98480f682cf6f7068ed,f324fe6fedc67e97db6871b7416e78cda738672afd32b98480f682cf6f7068ed,True,COPIED_AND_VERIFIED,,C:\RSOS\RSOS_CANONICAL_EXPERIMENT_CHAIN\90_RUN_RECORDS\RUN-004__F1_Development_LM_Arena_Blind_R1\07_ADJUDICATION\SOURCE\Training data\F1_DEV_LMARENA_BLIND_R1\06_STATUS_LEDGER\F1_DEV_STATUS_LEDGER.csv,PHASE8G_ORIGINAL_VERIFIED
197,RUN-004,CAN-F1-DEV-R1,F1 Development - LM Arena Blind R1,RUN_OR_DEVELOPMENT_RECORD,PHASE8F_DIRECT_RUN_AUTHORITY,C:\RSOS\Training data\F1_DEV_LMARENA_BLIND_R1\F1_DEV_COMPLETE.marker,C:\RSOS\RSOS_CANONICAL_EXPERIMENT_CHAIN\90_RUN_RECORDS\RUN-004__F1_Development_LM_Arena_Blind_R1\09_FREEZE\SOURCE\Training data\F1_DEV_LMARENA_BLIND_R1\F1_DEV_COMPLETE.marker,09_FREEZE,117,224fc4b9d4c527c31c69bb91b16424bac5db2bebcc8211d8472439d030247937,224fc4b9d4c527c31c69bb91b16424bac5db2bebcc8211d8472439d030247937,True,COPIED_AND_VERIFIED,,C:\RSOS\RSOS_CANONICAL_EXPERIMENT_CHAIN\90_RUN_RECORDS\RUN-004__F1_Development_LM_Arena_Blind_R1\09_FREEZE\SOURCE\Training data\F1_DEV_LMARENA_BLIND_R1\F1_DEV_COMPLETE.marker,PHASE8G_ORIGINAL_VERIFIED
198,RUN-004,CAN-F1-DEV-R1,F1 Development - LM Arena Blind R1,RUN_OR_DEVELOPMENT_RECORD,PHASE8F_DIRECT_RUN_AUTHORITY,C:\RSOS\Training data\F1_DEV_LMARENA_BLIND_R1\F1_DEV_LMARENA_BLIND_R1.zip,C:\RSOS\RSOS_CANONICAL_EXPERIMENT_CHAIN\90_RUN_RECORDS\RUN-004__F1_Development_LM_Arena_Blind_R1\08_PACKAGE\SOURCE\Training data\F1_DEV_LMARENA_BLIND_R1\F1_DEV_LMARENA_BLIND_R1.zip,08_PACKAGE,11798185,38d932a063b7108cc775bd7d191140845d9b39a165da17cc156b0dfc11495828,38d932a063b7108cc775bd7d191140845d9b39a165da17cc156b0dfc11495828,True,COPIED_AND_VERIFIED,,C:\RSOS\RSOS_CANONICAL_EXPERIMENT_CHAIN\90_RUN_RECORDS\RUN-004__F1_Development_LM_Arena_Blind_R1\08_PACKAGE\SOURCE\Training data\F1_DEV_LMARENA_BLIND_R1\F1_DEV_LMARENA_BLIND_R1.zip,PHASE8G_ORIGINAL_VERIFIED
199,RUN-004,CAN-F1-DEV-R1,F1 Development - LM Arena Blind R1,RUN_OR_DEVELOPMENT_RECORD,PHASE8F_DIRECT_RUN_AUTHORITY,C:\RSOS\Training data\RUN_F1_DEV_LMARENA_BLIND_R1.py,C:\RSOS\RSOS_CANONICAL_EXPERIMENT_CHAIN\90_RUN_RECORDS\RUN-004__F1_Development_LM_Arena_Blind_R1\03_RUNNER\SOURCE\Training data\RUN_F1_DEV_LMARENA_BLIND_R1.py,03_RUNNER,49259,ebbf613329d15a2bc2e73bbed7f5e0366d18e28bc6c14140b1746f351bd8ea5f,ebbf613329d15a2bc2e73bbed7f5e0366d18e28bc6c14140b1746f351bd8ea5f,True,COPIED_AND_VERIFIED,,C:\RSOS\RSOS_CANONICAL_EXPERIMENT_CHAIN\90_RUN_RECORDS\RUN-004__F1_Development_LM_Arena_Blind_R1\03_RUNNER\SOURCE\Training data\RUN_F1_DEV_LMARENA_BLIND_R1.py,PHASE8G_ORIGINAL_VERIFIED
