SEED,CONDITION,EXPECTED_REPS,MISSING_REPS,VALID_REPS
1087,E9_REVERSE,3,3,0
1104,E7_DELETE,3,3,0
1130,E7_DELETE,3,3,0
1130,G_RANDOM_CONTROL,3,3,0
1153,E9_REVERSE,3,3,0
1086,D_ALL_DIRECTION_REVERSED,3,2,1
1090,M_SWITCH_REASSIGNED,3,2,1
1133,G_RANDOM_CONTROL,3,2,1
1098,G_RANDOM_CONTROL,3,1,2
1101,E4_DELETE,3,1,2
1122,M0_SWITCH_NEUTRALIZED,3,1,2
1132,E7_REVERSE,3,1,2
1136,E5_REVERSE,3,1,2
1142,E2_REVERSE,3,1,2
1143,E7_DELETE,3,1,2
1148,M0_SWITCH_NEUTRALIZED,3,1,2
1080,A_AUTHENTIC,3,0,3
1080,D_ALL_DIRECTION_REVERSED,3,0,3
1080,E0_DELETE,3,0,3
1080,E0_REVERSE,3,0,3
1080,E1_DELETE,3,0,3
1080,E1_REVERSE,3,0,3
1080,E2_DELETE,3,0,3
1080,E2_REVERSE,3,0,3
1080,E3_DELETE,3,0,3
1080,E3_REVERSE,3,0,3
1080,E4_DELETE,3,0,3
1080,E4_REVERSE,3,0,3
1080,E5_DELETE,3,0,3
1080,E5_REVERSE,3,0,3
1080,E6_DELETE,3,0,3
1080,E6_REVERSE,3,0,3
1080,E7_DELETE,3,0,3
1080,E7_REVERSE,3,0,3
1080,E8_DELETE,3,0,3
1080,E8_REVERSE,3,0,3
1080,E9_DELETE,3,0,3
1080,E9_REVERSE,3,0,3
1080,F_SURFACE_FORMAT_CONTROL,3,0,3
1080,G_RANDOM_CONTROL,3,0,3
1080,I_ISOMORPHIC_RELABEL,3,0,3
1080,L_FORWARD_CONTROL,3,0,3
1080,M0_SWITCH_NEUTRALIZED,3,0,3
1080,M_SWITCH_REASSIGNED,3,0,3
1080,O_ORDER_SHUFFLED,3,0,3
1080,P_ANCHOR_REASSIGNED,3,0,3
1080,R_DEGREE_MATCHED_REWIRE,3,0,3
1080,T_TERMINAL_CHANGED,3,0,3
1080,X_COMPLEXITY_MATCHED,3,0,3
1080,Y_TOPOLOGY_MATCHED,3,0,3
1081,A_AUTHENTIC,3,0,3
1081,D_ALL_DIRECTION_REVERSED,3,0,3
1081,E0_DELETE,3,0,3
1081,E0_REVERSE,3,0,3
1081,E1_DELETE,3,0,3
1081,E1_REVERSE,3,0,3
1081,E2_DELETE,3,0,3
1081,E2_REVERSE,3,0,3
1081,E3_DELETE,3,0,3
1081,E3_REVERSE,3,0,3
1081,E4_DELETE,3,0,3
1081,E4_REVERSE,3,0,3
1081,E5_DELETE,3,0,3
1081,E5_REVERSE,3,0,3
1081,E6_DELETE,3,0,3
1081,E6_REVERSE,3,0,3
1081,E7_DELETE,3,0,3
1081,E7_REVERSE,3,0,3
1081,E8_DELETE,3,0,3
1081,E8_REVERSE,3,0,3
1081,E9_DELETE,3,0,3
1081,E9_REVERSE,3,0,3
1081,F_SURFACE_FORMAT_CONTROL,3,0,3
1081,G_RANDOM_CONTROL,3,0,3
1081,I_ISOMORPHIC_RELABEL,3,0,3
1081,L_FORWARD_CONTROL,3,0,3
1081,M0_SWITCH_NEUTRALIZED,3,0,3
1081,M_SWITCH_REASSIGNED,3,0,3
1081,O_ORDER_SHUFFLED,3,0,3
1081,P_ANCHOR_REASSIGNED,3,0,3
1081,R_DEGREE_MATCHED_REWIRE,3,0,3
1081,T_TERMINAL_CHANGED,3,0,3
1081,X_COMPLEXITY_MATCHED,3,0,3
1081,Y_TOPOLOGY_MATCHED,3,0,3
1082,A_AUTHENTIC,3,0,3
1082,D_ALL_DIRECTION_REVERSED,3,0,3
1082,E0_DELETE,3,0,3
1082,E0_REVERSE,3,0,3
1082,E1_DELETE,3,0,3
1082,E1_REVERSE,3,0,3
1082,E2_DELETE,3,0,3
1082,E2_REVERSE,3,0,3
1082,E3_DELETE,3,0,3
1082,E3_REVERSE,3,0,3
1082,E4_DELETE,3,0,3
1082,E4_REVERSE,3,0,3
1082,E5_DELETE,3,0,3
1082,E5_REVERSE,3,0,3
1082,E6_DELETE,3,0,3
1082,E6_REVERSE,3,0,3
1082,E7_DELETE,3,0,3
1082,E7_REVERSE,3,0,3
1082,E8_DELETE,3,0,3
1082,E8_REVERSE,3,0,3
1082,E9_DELETE,3,0,3
1082,E9_REVERSE,3,0,3
1082,F_SURFACE_FORMAT_CONTROL,3,0,3
1082,G_RANDOM_CONTROL,3,0,3
1082,I_ISOMORPHIC_RELABEL,3,0,3
1082,L_FORWARD_CONTROL,3,0,3
1082,M0_SWITCH_NEUTRALIZED,3,0,3
1082,M_SWITCH_REASSIGNED,3,0,3
1082,O_ORDER_SHUFFLED,3,0,3
1082,P_ANCHOR_REASSIGNED,3,0,3
1082,R_DEGREE_MATCHED_REWIRE,3,0,3
1082,T_TERMINAL_CHANGED,3,0,3
1082,X_COMPLEXITY_MATCHED,3,0,3
1082,Y_TOPOLOGY_MATCHED,3,0,3
1083,A_AUTHENTIC,3,0,3
1083,D_ALL_DIRECTION_REVERSED,3,0,3
1083,E0_DELETE,3,0,3
1083,E0_REVERSE,3,0,3
1083,E1_DELETE,3,0,3
1083,E1_REVERSE,3,0,3
1083,E2_DELETE,3,0,3
1083,E2_REVERSE,3,0,3
1083,E3_DELETE,3,0,3
1083,E3_REVERSE,3,0,3
1083,E4_DELETE,3,0,3
1083,E4_REVERSE,3,0,3
1083,E5_DELETE,3,0,3
1083,E5_REVERSE,3,0,3
1083,E6_DELETE,3,0,3
1083,E6_REVERSE,3,0,3
1083,E7_DELETE,3,0,3
1083,E7_REVERSE,3,0,3
1083,E8_DELETE,3,0,3
1083,E8_REVERSE,3,0,3
1083,E9_DELETE,3,0,3
1083,E9_REVERSE,3,0,3
1083,F_SURFACE_FORMAT_CONTROL,3,0,3
1083,G_RANDOM_CONTROL,3,0,3
1083,I_ISOMORPHIC_RELABEL,3,0,3
1083,L_FORWARD_CONTROL,3,0,3
1083,M0_SWITCH_NEUTRALIZED,3,0,3
1083,M_SWITCH_REASSIGNED,3,0,3
1083,O_ORDER_SHUFFLED,3,0,3
1083,P_ANCHOR_REASSIGNED,3,0,3
1083,R_DEGREE_MATCHED_REWIRE,3,0,3
1083,T_TERMINAL_CHANGED,3,0,3
1083,X_COMPLEXITY_MATCHED,3,0,3
1083,Y_TOPOLOGY_MATCHED,3,0,3
1084,A_AUTHENTIC,3,0,3
1084,D_ALL_DIRECTION_REVERSED,3,0,3
1084,E0_DELETE,3,0,3
1084,E0_REVERSE,3,0,3
1084,E1_DELETE,3,0,3
1084,E1_REVERSE,3,0,3
1084,E2_DELETE,3,0,3
1084,E2_REVERSE,3,0,3
1084,E3_DELETE,3,0,3
1084,E3_REVERSE,3,0,3
1084,E4_DELETE,3,0,3
1084,E4_REVERSE,3,0,3
1084,E5_DELETE,3,0,3
1084,E5_REVERSE,3,0,3
1084,E6_DELETE,3,0,3
1084,E6_REVERSE,3,0,3
1084,E7_DELETE,3,0,3
1084,E7_REVERSE,3,0,3
1084,E8_DELETE,3,0,3
1084,E8_REVERSE,3,0,3
1084,E9_DELETE,3,0,3
1084,E9_REVERSE,3,0,3
1084,F_SURFACE_FORMAT_CONTROL,3,0,3
1084,G_RANDOM_CONTROL,3,0,3
1084,I_ISOMORPHIC_RELABEL,3,0,3
1084,L_FORWARD_CONTROL,3,0,3
1084,M0_SWITCH_NEUTRALIZED,3,0,3
1084,M_SWITCH_REASSIGNED,3,0,3
1084,O_ORDER_SHUFFLED,3,0,3
1084,P_ANCHOR_REASSIGNED,3,0,3
1084,R_DEGREE_MATCHED_REWIRE,3,0,3
1084,T_TERMINAL_CHANGED,3,0,3
1084,X_COMPLEXITY_MATCHED,3,0,3
1084,Y_TOPOLOGY_MATCHED,3,0,3
1085,A_AUTHENTIC,3,0,3
1085,D_ALL_DIRECTION_REVERSED,3,0,3
1085,E0_DELETE,3,0,3
1085,E0_REVERSE,3,0,3
1085,E1_DELETE,3,0,3
1085,E1_REVERSE,3,0,3
1085,E2_DELETE,3,0,3
1085,E2_REVERSE,3,0,3
1085,E3_DELETE,3,0,3
1085,E3_REVERSE,3,0,3
1085,E4_DELETE,3,0,3
1085,E4_REVERSE,3,0,3
1085,E5_DELETE,3,0,3
1085,E5_REVERSE,3,0,3
1085,E6_DELETE,3,0,3
1085,E6_REVERSE,3,0,3
1085,E7_DELETE,3,0,3
1085,E7_REVERSE,3,0,3
1085,E8_DELETE,3,0,3
1085,E8_REVERSE,3,0,3
1085,E9_DELETE,3,0,3
1085,E9_REVERSE,3,0,3
1085,F_SURFACE_FORMAT_CONTROL,3,0,3
1085,G_RANDOM_CONTROL,3,0,3
1085,I_ISOMORPHIC_RELABEL,3,0,3
1085,L_FORWARD_CONTROL,3,0,3
1085,M0_SWITCH_NEUTRALIZED,3,0,3
1085,M_SWITCH_REASSIGNED,3,0,3
1085,O_ORDER_SHUFFLED,3,0,3
1085,P_ANCHOR_REASSIGNED,3,0,3
1085,R_DEGREE_MATCHED_REWIRE,3,0,3
1085,T_TERMINAL_CHANGED,3,0,3
1085,X_COMPLEXITY_MATCHED,3,0,3
1085,Y_TOPOLOGY_MATCHED,3,0,3
1086,A_AUTHENTIC,3,0,3
1086,E0_DELETE,3,0,3
1086,E0_REVERSE,3,0,3
1086,E1_DELETE,3,0,3
1086,E1_REVERSE,3,0,3
1086,E2_DELETE,3,0,3
1086,E2_REVERSE,3,0,3
1086,E3_DELETE,3,0,3
1086,E3_REVERSE,3,0,3
1086,E4_DELETE,3,0,3
1086,E4_REVERSE,3,0,3
1086,E5_DELETE,3,0,3
1086,E5_REVERSE,3,0,3
1086,E6_DELETE,3,0,3
1086,E6_REVERSE,3,0,3
1086,E7_DELETE,3,0,3
1086,E7_REVERSE,3,0,3
1086,E8_DELETE,3,0,3
1086,E8_REVERSE,3,0,3
1086,E9_DELETE,3,0,3
1086,E9_REVERSE,3,0,3
1086,F_SURFACE_FORMAT_CONTROL,3,0,3
1086,G_RANDOM_CONTROL,3,0,3
1086,I_ISOMORPHIC_RELABEL,3,0,3
1086,L_FORWARD_CONTROL,3,0,3
1086,M0_SWITCH_NEUTRALIZED,3,0,3
1086,M_SWITCH_REASSIGNED,3,0,3
1086,O_ORDER_SHUFFLED,3,0,3
1086,P_ANCHOR_REASSIGNED,3,0,3
1086,R_DEGREE_MATCHED_REWIRE,3,0,3
1086,T_TERMINAL_CHANGED,3,0,3
1086,X_COMPLEXITY_MATCHED,3,0,3
1086,Y_TOPOLOGY_MATCHED,3,0,3
1087,A_AUTHENTIC,3,0,3
1087,D_ALL_DIRECTION_REVERSED,3,0,3
1087,E0_DELETE,3,0,3
1087,E0_REVERSE,3,0,3
1087,E1_DELETE,3,0,3
1087,E1_REVERSE,3,0,3
1087,E2_DELETE,3,0,3
1087,E2_REVERSE,3,0,3
1087,E3_DELETE,3,0,3
1087,E3_REVERSE,3,0,3
1087,E4_DELETE,3,0,3
1087,E4_REVERSE,3,0,3
1087,E5_DELETE,3,0,3
1087,E5_REVERSE,3,0,3
1087,E6_DELETE,3,0,3
1087,E6_REVERSE,3,0,3
1087,E7_DELETE,3,0,3
1087,E7_REVERSE,3,0,3
1087,E8_DELETE,3,0,3
1087,E8_REVERSE,3,0,3
1087,E9_DELETE,3,0,3
1087,F_SURFACE_FORMAT_CONTROL,3,0,3
1087,G_RANDOM_CONTROL,3,0,3
1087,I_ISOMORPHIC_RELABEL,3,0,3
1087,L_FORWARD_CONTROL,3,0,3
1087,M0_SWITCH_NEUTRALIZED,3,0,3
1087,M_SWITCH_REASSIGNED,3,0,3
1087,O_ORDER_SHUFFLED,3,0,3
1087,P_ANCHOR_REASSIGNED,3,0,3
1087,R_DEGREE_MATCHED_REWIRE,3,0,3
1087,T_TERMINAL_CHANGED,3,0,3
1087,X_COMPLEXITY_MATCHED,3,0,3
1087,Y_TOPOLOGY_MATCHED,3,0,3
1088,A_AUTHENTIC,3,0,3
1088,D_ALL_DIRECTION_REVERSED,3,0,3
1088,E0_DELETE,3,0,3
1088,E0_REVERSE,3,0,3
1088,E1_DELETE,3,0,3
1088,E1_REVERSE,3,0,3
1088,E2_DELETE,3,0,3
1088,E2_REVERSE,3,0,3
1088,E3_DELETE,3,0,3
1088,E3_REVERSE,3,0,3
1088,E4_DELETE,3,0,3
1088,E4_REVERSE,3,0,3
1088,E5_DELETE,3,0,3
1088,E5_REVERSE,3,0,3
1088,E6_DELETE,3,0,3
1088,E6_REVERSE,3,0,3
1088,E7_DELETE,3,0,3
1088,E7_REVERSE,3,0,3
1088,E8_DELETE,3,0,3
1088,E8_REVERSE,3,0,3
1088,E9_DELETE,3,0,3
1088,E9_REVERSE,3,0,3
1088,F_SURFACE_FORMAT_CONTROL,3,0,3
1088,G_RANDOM_CONTROL,3,0,3
1088,I_ISOMORPHIC_RELABEL,3,0,3
1088,L_FORWARD_CONTROL,3,0,3
1088,M0_SWITCH_NEUTRALIZED,3,0,3
1088,M_SWITCH_REASSIGNED,3,0,3
1088,O_ORDER_SHUFFLED,3,0,3
1088,P_ANCHOR_REASSIGNED,3,0,3
1088,R_DEGREE_MATCHED_REWIRE,3,0,3
1088,T_TERMINAL_CHANGED,3,0,3
1088,X_COMPLEXITY_MATCHED,3,0,3
1088,Y_TOPOLOGY_MATCHED,3,0,3
1089,A_AUTHENTIC,3,0,3
1089,D_ALL_DIRECTION_REVERSED,3,0,3
1089,E0_DELETE,3,0,3
1089,E0_REVERSE,3,0,3
1089,E1_DELETE,3,0,3
1089,E1_REVERSE,3,0,3
1089,E2_DELETE,3,0,3
1089,E2_REVERSE,3,0,3
1089,E3_DELETE,3,0,3
1089,E3_REVERSE,3,0,3
1089,E4_DELETE,3,0,3
1089,E4_REVERSE,3,0,3
1089,E5_DELETE,3,0,3
1089,E5_REVERSE,3,0,3
1089,E6_DELETE,3,0,3
1089,E6_REVERSE,3,0,3
1089,E7_DELETE,3,0,3
1089,E7_REVERSE,3,0,3
1089,E8_DELETE,3,0,3
1089,E8_REVERSE,3,0,3
1089,E9_DELETE,3,0,3
1089,E9_REVERSE,3,0,3
1089,F_SURFACE_FORMAT_CONTROL,3,0,3
1089,G_RANDOM_CONTROL,3,0,3
1089,I_ISOMORPHIC_RELABEL,3,0,3
1089,L_FORWARD_CONTROL,3,0,3
1089,M0_SWITCH_NEUTRALIZED,3,0,3
1089,M_SWITCH_REASSIGNED,3,0,3
1089,O_ORDER_SHUFFLED,3,0,3
1089,P_ANCHOR_REASSIGNED,3,0,3
1089,R_DEGREE_MATCHED_REWIRE,3,0,3
1089,T_TERMINAL_CHANGED,3,0,3
1089,X_COMPLEXITY_MATCHED,3,0,3
1089,Y_TOPOLOGY_MATCHED,3,0,3
1090,A_AUTHENTIC,3,0,3
1090,D_ALL_DIRECTION_REVERSED,3,0,3
1090,E0_DELETE,3,0,3
1090,E0_REVERSE,3,0,3
1090,E1_DELETE,3,0,3
1090,E1_REVERSE,3,0,3
1090,E2_DELETE,3,0,3
1090,E2_REVERSE,3,0,3
1090,E3_DELETE,3,0,3
1090,E3_REVERSE,3,0,3
1090,E4_DELETE,3,0,3
1090,E4_REVERSE,3,0,3
1090,E5_DELETE,3,0,3
1090,E5_REVERSE,3,0,3
1090,E6_DELETE,3,0,3
1090,E6_REVERSE,3,0,3
1090,E7_DELETE,3,0,3
1090,E7_REVERSE,3,0,3
1090,E8_DELETE,3,0,3
1090,E8_REVERSE,3,0,3
1090,E9_DELETE,3,0,3
1090,E9_REVERSE,3,0,3
1090,F_SURFACE_FORMAT_CONTROL,3,0,3
1090,G_RANDOM_CONTROL,3,0,3
1090,I_ISOMORPHIC_RELABEL,3,0,3
1090,L_FORWARD_CONTROL,3,0,3
1090,M0_SWITCH_NEUTRALIZED,3,0,3
1090,O_ORDER_SHUFFLED,3,0,3
1090,P_ANCHOR_REASSIGNED,3,0,3
1090,R_DEGREE_MATCHED_REWIRE,3,0,3
1090,T_TERMINAL_CHANGED,3,0,3
1090,X_COMPLEXITY_MATCHED,3,0,3
1090,Y_TOPOLOGY_MATCHED,3,0,3
1091,A_AUTHENTIC,3,0,3
1091,D_ALL_DIRECTION_REVERSED,3,0,3
1091,E0_DELETE,3,0,3
1091,E0_REVERSE,3,0,3
1091,E1_DELETE,3,0,3
1091,E1_REVERSE,3,0,3
1091,E2_DELETE,3,0,3
1091,E2_REVERSE,3,0,3
1091,E3_DELETE,3,0,3
1091,E3_REVERSE,3,0,3
1091,E4_DELETE,3,0,3
1091,E4_REVERSE,3,0,3
1091,E5_DELETE,3,0,3
1091,E5_REVERSE,3,0,3
1091,E6_DELETE,3,0,3
1091,E6_REVERSE,3,0,3
1091,E7_DELETE,3,0,3
1091,E7_REVERSE,3,0,3
1091,E8_DELETE,3,0,3
1091,E8_REVERSE,3,0,3
1091,E9_DELETE,3,0,3
1091,E9_REVERSE,3,0,3
1091,F_SURFACE_FORMAT_CONTROL,3,0,3
1091,G_RANDOM_CONTROL,3,0,3
1091,I_ISOMORPHIC_RELABEL,3,0,3
1091,L_FORWARD_CONTROL,3,0,3
1091,M0_SWITCH_NEUTRALIZED,3,0,3
1091,M_SWITCH_REASSIGNED,3,0,3
1091,O_ORDER_SHUFFLED,3,0,3
1091,P_ANCHOR_REASSIGNED,3,0,3
1091,R_DEGREE_MATCHED_REWIRE,3,0,3
1091,T_TERMINAL_CHANGED,3,0,3
1091,X_COMPLEXITY_MATCHED,3,0,3
1091,Y_TOPOLOGY_MATCHED,3,0,3
1092,A_AUTHENTIC,3,0,3
1092,D_ALL_DIRECTION_REVERSED,3,0,3
1092,E0_DELETE,3,0,3
1092,E0_REVERSE,3,0,3
1092,E1_DELETE,3,0,3
1092,E1_REVERSE,3,0,3
1092,E2_DELETE,3,0,3
1092,E2_REVERSE,3,0,3
1092,E3_DELETE,3,0,3
1092,E3_REVERSE,3,0,3
1092,E4_DELETE,3,0,3
1092,E4_REVERSE,3,0,3
1092,E5_DELETE,3,0,3
1092,E5_REVERSE,3,0,3
1092,E6_DELETE,3,0,3
1092,E6_REVERSE,3,0,3
1092,E7_DELETE,3,0,3
1092,E7_REVERSE,3,0,3
1092,E8_DELETE,3,0,3
1092,E8_REVERSE,3,0,3
1092,E9_DELETE,3,0,3
1092,E9_REVERSE,3,0,3
1092,F_SURFACE_FORMAT_CONTROL,3,0,3
1092,G_RANDOM_CONTROL,3,0,3
1092,I_ISOMORPHIC_RELABEL,3,0,3
1092,L_FORWARD_CONTROL,3,0,3
1092,M0_SWITCH_NEUTRALIZED,3,0,3
1092,M_SWITCH_REASSIGNED,3,0,3
1092,O_ORDER_SHUFFLED,3,0,3
1092,P_ANCHOR_REASSIGNED,3,0,3
1092,R_DEGREE_MATCHED_REWIRE,3,0,3
1092,T_TERMINAL_CHANGED,3,0,3
1092,X_COMPLEXITY_MATCHED,3,0,3
1092,Y_TOPOLOGY_MATCHED,3,0,3
1093,A_AUTHENTIC,3,0,3
1093,D_ALL_DIRECTION_REVERSED,3,0,3
1093,E0_DELETE,3,0,3
1093,E0_REVERSE,3,0,3
1093,E1_DELETE,3,0,3
1093,E1_REVERSE,3,0,3
1093,E2_DELETE,3,0,3
1093,E2_REVERSE,3,0,3
1093,E3_DELETE,3,0,3
1093,E3_REVERSE,3,0,3
1093,E4_DELETE,3,0,3
1093,E4_REVERSE,3,0,3
1093,E5_DELETE,3,0,3
1093,E5_REVERSE,3,0,3
1093,E6_DELETE,3,0,3
1093,E6_REVERSE,3,0,3
1093,E7_DELETE,3,0,3
1093,E7_REVERSE,3,0,3
1093,E8_DELETE,3,0,3
1093,E8_REVERSE,3,0,3
1093,E9_DELETE,3,0,3
1093,E9_REVERSE,3,0,3
1093,F_SURFACE_FORMAT_CONTROL,3,0,3
1093,G_RANDOM_CONTROL,3,0,3
1093,I_ISOMORPHIC_RELABEL,3,0,3
1093,L_FORWARD_CONTROL,3,0,3
1093,M0_SWITCH_NEUTRALIZED,3,0,3
1093,M_SWITCH_REASSIGNED,3,0,3
1093,O_ORDER_SHUFFLED,3,0,3
1093,P_ANCHOR_REASSIGNED,3,0,3
1093,R_DEGREE_MATCHED_REWIRE,3,0,3
1093,T_TERMINAL_CHANGED,3,0,3
1093,X_COMPLEXITY_MATCHED,3,0,3
1093,Y_TOPOLOGY_MATCHED,3,0,3
1094,A_AUTHENTIC,3,0,3
1094,D_ALL_DIRECTION_REVERSED,3,0,3
1094,E0_DELETE,3,0,3
1094,E0_REVERSE,3,0,3
1094,E1_DELETE,3,0,3
1094,E1_REVERSE,3,0,3
1094,E2_DELETE,3,0,3
1094,E2_REVERSE,3,0,3
1094,E3_DELETE,3,0,3
1094,E3_REVERSE,3,0,3
1094,E4_DELETE,3,0,3
1094,E4_REVERSE,3,0,3
1094,E5_DELETE,3,0,3
1094,E5_REVERSE,3,0,3
1094,E6_DELETE,3,0,3
1094,E6_REVERSE,3,0,3
1094,E7_DELETE,3,0,3
1094,E7_REVERSE,3,0,3
1094,E8_DELETE,3,0,3
1094,E8_REVERSE,3,0,3
1094,E9_DELETE,3,0,3
1094,E9_REVERSE,3,0,3
1094,F_SURFACE_FORMAT_CONTROL,3,0,3
1094,G_RANDOM_CONTROL,3,0,3
1094,I_ISOMORPHIC_RELABEL,3,0,3
1094,L_FORWARD_CONTROL,3,0,3
1094,M0_SWITCH_NEUTRALIZED,3,0,3
1094,M_SWITCH_REASSIGNED,3,0,3
1094,O_ORDER_SHUFFLED,3,0,3
1094,P_ANCHOR_REASSIGNED,3,0,3
1094,R_DEGREE_MATCHED_REWIRE,3,0,3
1094,T_TERMINAL_CHANGED,3,0,3
1094,X_COMPLEXITY_MATCHED,3,0,3
1094,Y_TOPOLOGY_MATCHED,3,0,3
1095,A_AUTHENTIC,3,0,3
1095,D_ALL_DIRECTION_REVERSED,3,0,3
1095,E0_DELETE,3,0,3
1095,E0_REVERSE,3,0,3
1095,E1_DELETE,3,0,3
1095,E1_REVERSE,3,0,3
1095,E2_DELETE,3,0,3
1095,E2_REVERSE,3,0,3
1095,E3_DELETE,3,0,3
1095,E3_REVERSE,3,0,3
1095,E4_DELETE,3,0,3
1095,E4_REVERSE,3,0,3
1095,E5_DELETE,3,0,3
1095,E5_REVERSE,3,0,3
1095,E6_DELETE,3,0,3
1095,E6_REVERSE,3,0,3
1095,E7_DELETE,3,0,3
1095,E7_REVERSE,3,0,3
1095,E8_DELETE,3,0,3
1095,E8_REVERSE,3,0,3
1095,E9_DELETE,3,0,3
1095,E9_REVERSE,3,0,3
1095,F_SURFACE_FORMAT_CONTROL,3,0,3
1095,G_RANDOM_CONTROL,3,0,3
1095,I_ISOMORPHIC_RELABEL,3,0,3
1095,L_FORWARD_CONTROL,3,0,3
1095,M0_SWITCH_NEUTRALIZED,3,0,3
1095,M_SWITCH_REASSIGNED,3,0,3
1095,O_ORDER_SHUFFLED,3,0,3
1095,P_ANCHOR_REASSIGNED,3,0,3
1095,R_DEGREE_MATCHED_REWIRE,3,0,3
1095,T_TERMINAL_CHANGED,3,0,3
1095,X_COMPLEXITY_MATCHED,3,0,3
1095,Y_TOPOLOGY_MATCHED,3,0,3
1096,A_AUTHENTIC,3,0,3
1096,D_ALL_DIRECTION_REVERSED,3,0,3
1096,E0_DELETE,3,0,3
1096,E0_REVERSE,3,0,3
1096,E1_DELETE,3,0,3
1096,E1_REVERSE,3,0,3
1096,E2_DELETE,3,0,3
1096,E2_REVERSE,3,0,3
1096,E3_DELETE,3,0,3
1096,E3_REVERSE,3,0,3
1096,E4_DELETE,3,0,3
1096,E4_REVERSE,3,0,3
1096,E5_DELETE,3,0,3
1096,E5_REVERSE,3,0,3
1096,E6_DELETE,3,0,3
1096,E6_REVERSE,3,0,3
1096,E7_DELETE,3,0,3
1096,E7_REVERSE,3,0,3
1096,E8_DELETE,3,0,3
1096,E8_REVERSE,3,0,3
1096,E9_DELETE,3,0,3
1096,E9_REVERSE,3,0,3
1096,F_SURFACE_FORMAT_CONTROL,3,0,3
1096,G_RANDOM_CONTROL,3,0,3
1096,I_ISOMORPHIC_RELABEL,3,0,3
1096,L_FORWARD_CONTROL,3,0,3
1096,M0_SWITCH_NEUTRALIZED,3,0,3
1096,M_SWITCH_REASSIGNED,3,0,3
1096,O_ORDER_SHUFFLED,3,0,3
1096,P_ANCHOR_REASSIGNED,3,0,3
1096,R_DEGREE_MATCHED_REWIRE,3,0,3
1096,T_TERMINAL_CHANGED,3,0,3
1096,X_COMPLEXITY_MATCHED,3,0,3
1096,Y_TOPOLOGY_MATCHED,3,0,3
1097,A_AUTHENTIC,3,0,3
1097,D_ALL_DIRECTION_REVERSED,3,0,3
1097,E0_DELETE,3,0,3
1097,E0_REVERSE,3,0,3
1097,E1_DELETE,3,0,3
1097,E1_REVERSE,3,0,3
1097,E2_DELETE,3,0,3
1097,E2_REVERSE,3,0,3
1097,E3_DELETE,3,0,3
1097,E3_REVERSE,3,0,3
1097,E4_DELETE,3,0,3
1097,E4_REVERSE,3,0,3
1097,E5_DELETE,3,0,3
1097,E5_REVERSE,3,0,3
1097,E6_DELETE,3,0,3
1097,E6_REVERSE,3,0,3
1097,E7_DELETE,3,0,3
1097,E7_REVERSE,3,0,3
1097,E8_DELETE,3,0,3
1097,E8_REVERSE,3,0,3
1097,E9_DELETE,3,0,3
1097,E9_REVERSE,3,0,3
1097,F_SURFACE_FORMAT_CONTROL,3,0,3
1097,G_RANDOM_CONTROL,3,0,3
1097,I_ISOMORPHIC_RELABEL,3,0,3
1097,L_FORWARD_CONTROL,3,0,3
1097,M0_SWITCH_NEUTRALIZED,3,0,3
1097,M_SWITCH_REASSIGNED,3,0,3
1097,O_ORDER_SHUFFLED,3,0,3
1097,P_ANCHOR_REASSIGNED,3,0,3
1097,R_DEGREE_MATCHED_REWIRE,3,0,3
1097,T_TERMINAL_CHANGED,3,0,3
1097,X_COMPLEXITY_MATCHED,3,0,3
1097,Y_TOPOLOGY_MATCHED,3,0,3
1098,A_AUTHENTIC,3,0,3
1098,D_ALL_DIRECTION_REVERSED,3,0,3
1098,E0_DELETE,3,0,3
1098,E0_REVERSE,3,0,3
1098,E1_DELETE,3,0,3
1098,E1_REVERSE,3,0,3
1098,E2_DELETE,3,0,3
1098,E2_REVERSE,3,0,3
1098,E3_DELETE,3,0,3
1098,E3_REVERSE,3,0,3
1098,E4_DELETE,3,0,3
1098,E4_REVERSE,3,0,3
1098,E5_DELETE,3,0,3
1098,E5_REVERSE,3,0,3
1098,E6_DELETE,3,0,3
1098,E6_REVERSE,3,0,3
1098,E7_DELETE,3,0,3
1098,E7_REVERSE,3,0,3
1098,E8_DELETE,3,0,3
1098,E8_REVERSE,3,0,3
1098,E9_DELETE,3,0,3
1098,E9_REVERSE,3,0,3
1098,F_SURFACE_FORMAT_CONTROL,3,0,3
1098,I_ISOMORPHIC_RELABEL,3,0,3
1098,L_FORWARD_CONTROL,3,0,3
1098,M0_SWITCH_NEUTRALIZED,3,0,3
1098,M_SWITCH_REASSIGNED,3,0,3
1098,O_ORDER_SHUFFLED,3,0,3
1098,P_ANCHOR_REASSIGNED,3,0,3
1098,R_DEGREE_MATCHED_REWIRE,3,0,3
1098,T_TERMINAL_CHANGED,3,0,3
1098,X_COMPLEXITY_MATCHED,3,0,3
1098,Y_TOPOLOGY_MATCHED,3,0,3
1099,A_AUTHENTIC,3,0,3
1099,D_ALL_DIRECTION_REVERSED,3,0,3
1099,E0_DELETE,3,0,3
1099,E0_REVERSE,3,0,3
1099,E1_DELETE,3,0,3
1099,E1_REVERSE,3,0,3
1099,E2_DELETE,3,0,3
1099,E2_REVERSE,3,0,3
1099,E3_DELETE,3,0,3
1099,E3_REVERSE,3,0,3
1099,E4_DELETE,3,0,3
1099,E4_REVERSE,3,0,3
1099,E5_DELETE,3,0,3
1099,E5_REVERSE,3,0,3
1099,E6_DELETE,3,0,3
1099,E6_REVERSE,3,0,3
1099,E7_DELETE,3,0,3
1099,E7_REVERSE,3,0,3
1099,E8_DELETE,3,0,3
1099,E8_REVERSE,3,0,3
1099,E9_DELETE,3,0,3
1099,E9_REVERSE,3,0,3
1099,F_SURFACE_FORMAT_CONTROL,3,0,3
1099,G_RANDOM_CONTROL,3,0,3
1099,I_ISOMORPHIC_RELABEL,3,0,3
1099,L_FORWARD_CONTROL,3,0,3
1099,M0_SWITCH_NEUTRALIZED,3,0,3
1099,M_SWITCH_REASSIGNED,3,0,3
1099,O_ORDER_SHUFFLED,3,0,3
1099,P_ANCHOR_REASSIGNED,3,0,3
1099,R_DEGREE_MATCHED_REWIRE,3,0,3
1099,T_TERMINAL_CHANGED,3,0,3
1099,X_COMPLEXITY_MATCHED,3,0,3
1099,Y_TOPOLOGY_MATCHED,3,0,3
1100,A_AUTHENTIC,3,0,3
1100,D_ALL_DIRECTION_REVERSED,3,0,3
1100,E0_DELETE,3,0,3
1100,E0_REVERSE,3,0,3
1100,E1_DELETE,3,0,3
1100,E1_REVERSE,3,0,3
1100,E2_DELETE,3,0,3
1100,E2_REVERSE,3,0,3
1100,E3_DELETE,3,0,3
1100,E3_REVERSE,3,0,3
1100,E4_DELETE,3,0,3
1100,E4_REVERSE,3,0,3
1100,E5_DELETE,3,0,3
1100,E5_REVERSE,3,0,3
1100,E6_DELETE,3,0,3
1100,E6_REVERSE,3,0,3
1100,E7_DELETE,3,0,3
1100,E7_REVERSE,3,0,3
1100,E8_DELETE,3,0,3
1100,E8_REVERSE,3,0,3
1100,E9_DELETE,3,0,3
1100,E9_REVERSE,3,0,3
1100,F_SURFACE_FORMAT_CONTROL,3,0,3
1100,G_RANDOM_CONTROL,3,0,3
1100,I_ISOMORPHIC_RELABEL,3,0,3
1100,L_FORWARD_CONTROL,3,0,3
1100,M0_SWITCH_NEUTRALIZED,3,0,3
1100,M_SWITCH_REASSIGNED,3,0,3
1100,O_ORDER_SHUFFLED,3,0,3
1100,P_ANCHOR_REASSIGNED,3,0,3
1100,R_DEGREE_MATCHED_REWIRE,3,0,3
1100,T_TERMINAL_CHANGED,3,0,3
1100,X_COMPLEXITY_MATCHED,3,0,3
1100,Y_TOPOLOGY_MATCHED,3,0,3
1101,A_AUTHENTIC,3,0,3
1101,D_ALL_DIRECTION_REVERSED,3,0,3
1101,E0_DELETE,3,0,3
1101,E0_REVERSE,3,0,3
1101,E1_DELETE,3,0,3
1101,E1_REVERSE,3,0,3
1101,E2_DELETE,3,0,3
1101,E2_REVERSE,3,0,3
1101,E3_DELETE,3,0,3
1101,E3_REVERSE,3,0,3
1101,E4_REVERSE,3,0,3
1101,E5_DELETE,3,0,3
1101,E5_REVERSE,3,0,3
1101,E6_DELETE,3,0,3
1101,E6_REVERSE,3,0,3
1101,E7_DELETE,3,0,3
1101,E7_REVERSE,3,0,3
1101,E8_DELETE,3,0,3
1101,E8_REVERSE,3,0,3
1101,E9_DELETE,3,0,3
1101,E9_REVERSE,3,0,3
1101,F_SURFACE_FORMAT_CONTROL,3,0,3
1101,G_RANDOM_CONTROL,3,0,3
1101,I_ISOMORPHIC_RELABEL,3,0,3
1101,L_FORWARD_CONTROL,3,0,3
1101,M0_SWITCH_NEUTRALIZED,3,0,3
1101,M_SWITCH_REASSIGNED,3,0,3
1101,O_ORDER_SHUFFLED,3,0,3
1101,P_ANCHOR_REASSIGNED,3,0,3
1101,R_DEGREE_MATCHED_REWIRE,3,0,3
1101,T_TERMINAL_CHANGED,3,0,3
1101,X_COMPLEXITY_MATCHED,3,0,3
1101,Y_TOPOLOGY_MATCHED,3,0,3
1102,A_AUTHENTIC,3,0,3
1102,D_ALL_DIRECTION_REVERSED,3,0,3
1102,E0_DELETE,3,0,3
1102,E0_REVERSE,3,0,3
1102,E1_DELETE,3,0,3
1102,E1_REVERSE,3,0,3
1102,E2_DELETE,3,0,3
1102,E2_REVERSE,3,0,3
1102,E3_DELETE,3,0,3
1102,E3_REVERSE,3,0,3
1102,E4_DELETE,3,0,3
1102,E4_REVERSE,3,0,3
1102,E5_DELETE,3,0,3
1102,E5_REVERSE,3,0,3
1102,E6_DELETE,3,0,3
1102,E6_REVERSE,3,0,3
1102,E7_DELETE,3,0,3
1102,E7_REVERSE,3,0,3
1102,E8_DELETE,3,0,3
1102,E8_REVERSE,3,0,3
1102,E9_DELETE,3,0,3
1102,E9_REVERSE,3,0,3
1102,F_SURFACE_FORMAT_CONTROL,3,0,3
1102,G_RANDOM_CONTROL,3,0,3
1102,I_ISOMORPHIC_RELABEL,3,0,3
1102,L_FORWARD_CONTROL,3,0,3
1102,M0_SWITCH_NEUTRALIZED,3,0,3
1102,M_SWITCH_REASSIGNED,3,0,3
1102,O_ORDER_SHUFFLED,3,0,3
1102,P_ANCHOR_REASSIGNED,3,0,3
1102,R_DEGREE_MATCHED_REWIRE,3,0,3
1102,T_TERMINAL_CHANGED,3,0,3
1102,X_COMPLEXITY_MATCHED,3,0,3
1102,Y_TOPOLOGY_MATCHED,3,0,3
1103,A_AUTHENTIC,3,0,3
1103,D_ALL_DIRECTION_REVERSED,3,0,3
1103,E0_DELETE,3,0,3
1103,E0_REVERSE,3,0,3
1103,E1_DELETE,3,0,3
1103,E1_REVERSE,3,0,3
1103,E2_DELETE,3,0,3
1103,E2_REVERSE,3,0,3
1103,E3_DELETE,3,0,3
1103,E3_REVERSE,3,0,3
1103,E4_DELETE,3,0,3
1103,E4_REVERSE,3,0,3
1103,E5_DELETE,3,0,3
1103,E5_REVERSE,3,0,3
1103,E6_DELETE,3,0,3
1103,E6_REVERSE,3,0,3
1103,E7_DELETE,3,0,3
1103,E7_REVERSE,3,0,3
1103,E8_DELETE,3,0,3
1103,E8_REVERSE,3,0,3
1103,E9_DELETE,3,0,3
1103,E9_REVERSE,3,0,3
1103,F_SURFACE_FORMAT_CONTROL,3,0,3
1103,G_RANDOM_CONTROL,3,0,3
1103,I_ISOMORPHIC_RELABEL,3,0,3
1103,L_FORWARD_CONTROL,3,0,3
1103,M0_SWITCH_NEUTRALIZED,3,0,3
1103,M_SWITCH_REASSIGNED,3,0,3
1103,O_ORDER_SHUFFLED,3,0,3
1103,P_ANCHOR_REASSIGNED,3,0,3
1103,R_DEGREE_MATCHED_REWIRE,3,0,3
1103,T_TERMINAL_CHANGED,3,0,3
1103,X_COMPLEXITY_MATCHED,3,0,3
1103,Y_TOPOLOGY_MATCHED,3,0,3
1104,A_AUTHENTIC,3,0,3
1104,D_ALL_DIRECTION_REVERSED,3,0,3
1104,E0_DELETE,3,0,3
1104,E0_REVERSE,3,0,3
1104,E1_DELETE,3,0,3
1104,E1_REVERSE,3,0,3
1104,E2_DELETE,3,0,3
1104,E2_REVERSE,3,0,3
1104,E3_DELETE,3,0,3
1104,E3_REVERSE,3,0,3
1104,E4_DELETE,3,0,3
1104,E4_REVERSE,3,0,3
1104,E5_DELETE,3,0,3
1104,E5_REVERSE,3,0,3
1104,E6_DELETE,3,0,3
1104,E6_REVERSE,3,0,3
1104,E7_REVERSE,3,0,3
1104,E8_DELETE,3,0,3
1104,E8_REVERSE,3,0,3
1104,E9_DELETE,3,0,3
1104,E9_REVERSE,3,0,3
1104,F_SURFACE_FORMAT_CONTROL,3,0,3
1104,G_RANDOM_CONTROL,3,0,3
1104,I_ISOMORPHIC_RELABEL,3,0,3
1104,L_FORWARD_CONTROL,3,0,3
1104,M0_SWITCH_NEUTRALIZED,3,0,3
1104,M_SWITCH_REASSIGNED,3,0,3
1104,O_ORDER_SHUFFLED,3,0,3
1104,P_ANCHOR_REASSIGNED,3,0,3
1104,R_DEGREE_MATCHED_REWIRE,3,0,3
1104,T_TERMINAL_CHANGED,3,0,3
1104,X_COMPLEXITY_MATCHED,3,0,3
1104,Y_TOPOLOGY_MATCHED,3,0,3
1105,A_AUTHENTIC,3,0,3
1105,D_ALL_DIRECTION_REVERSED,3,0,3
1105,E0_DELETE,3,0,3
1105,E0_REVERSE,3,0,3
1105,E1_DELETE,3,0,3
1105,E1_REVERSE,3,0,3
1105,E2_DELETE,3,0,3
1105,E2_REVERSE,3,0,3
1105,E3_DELETE,3,0,3
1105,E3_REVERSE,3,0,3
1105,E4_DELETE,3,0,3
1105,E4_REVERSE,3,0,3
1105,E5_DELETE,3,0,3
1105,E5_REVERSE,3,0,3
1105,E6_DELETE,3,0,3
1105,E6_REVERSE,3,0,3
1105,E7_DELETE,3,0,3
1105,E7_REVERSE,3,0,3
1105,E8_DELETE,3,0,3
1105,E8_REVERSE,3,0,3
1105,E9_DELETE,3,0,3
1105,E9_REVERSE,3,0,3
1105,F_SURFACE_FORMAT_CONTROL,3,0,3
1105,G_RANDOM_CONTROL,3,0,3
1105,I_ISOMORPHIC_RELABEL,3,0,3
1105,L_FORWARD_CONTROL,3,0,3
1105,M0_SWITCH_NEUTRALIZED,3,0,3
1105,M_SWITCH_REASSIGNED,3,0,3
1105,O_ORDER_SHUFFLED,3,0,3
1105,P_ANCHOR_REASSIGNED,3,0,3
1105,R_DEGREE_MATCHED_REWIRE,3,0,3
1105,T_TERMINAL_CHANGED,3,0,3
1105,X_COMPLEXITY_MATCHED,3,0,3
1105,Y_TOPOLOGY_MATCHED,3,0,3
1106,A_AUTHENTIC,3,0,3
1106,D_ALL_DIRECTION_REVERSED,3,0,3
1106,E0_DELETE,3,0,3
1106,E0_REVERSE,3,0,3
1106,E1_DELETE,3,0,3
1106,E1_REVERSE,3,0,3
1106,E2_DELETE,3,0,3
1106,E2_REVERSE,3,0,3
1106,E3_DELETE,3,0,3
1106,E3_REVERSE,3,0,3
1106,E4_DELETE,3,0,3
1106,E4_REVERSE,3,0,3
1106,E5_DELETE,3,0,3
1106,E5_REVERSE,3,0,3
1106,E6_DELETE,3,0,3
1106,E6_REVERSE,3,0,3
1106,E7_DELETE,3,0,3
1106,E7_REVERSE,3,0,3
1106,E8_DELETE,3,0,3
1106,E8_REVERSE,3,0,3
1106,E9_DELETE,3,0,3
1106,E9_REVERSE,3,0,3
1106,F_SURFACE_FORMAT_CONTROL,3,0,3
1106,G_RANDOM_CONTROL,3,0,3
1106,I_ISOMORPHIC_RELABEL,3,0,3
1106,L_FORWARD_CONTROL,3,0,3
1106,M0_SWITCH_NEUTRALIZED,3,0,3
1106,M_SWITCH_REASSIGNED,3,0,3
1106,O_ORDER_SHUFFLED,3,0,3
1106,P_ANCHOR_REASSIGNED,3,0,3
1106,R_DEGREE_MATCHED_REWIRE,3,0,3
1106,T_TERMINAL_CHANGED,3,0,3
1106,X_COMPLEXITY_MATCHED,3,0,3
1106,Y_TOPOLOGY_MATCHED,3,0,3
1107,A_AUTHENTIC,3,0,3
1107,D_ALL_DIRECTION_REVERSED,3,0,3
1107,E0_DELETE,3,0,3
1107,E0_REVERSE,3,0,3
1107,E1_DELETE,3,0,3
1107,E1_REVERSE,3,0,3
1107,E2_DELETE,3,0,3
1107,E2_REVERSE,3,0,3
1107,E3_DELETE,3,0,3
1107,E3_REVERSE,3,0,3
1107,E4_DELETE,3,0,3
1107,E4_REVERSE,3,0,3
1107,E5_DELETE,3,0,3
1107,E5_REVERSE,3,0,3
1107,E6_DELETE,3,0,3
1107,E6_REVERSE,3,0,3
1107,E7_DELETE,3,0,3
1107,E7_REVERSE,3,0,3
1107,E8_DELETE,3,0,3
1107,E8_REVERSE,3,0,3
1107,E9_DELETE,3,0,3
1107,E9_REVERSE,3,0,3
1107,F_SURFACE_FORMAT_CONTROL,3,0,3
1107,G_RANDOM_CONTROL,3,0,3
1107,I_ISOMORPHIC_RELABEL,3,0,3
1107,L_FORWARD_CONTROL,3,0,3
1107,M0_SWITCH_NEUTRALIZED,3,0,3
1107,M_SWITCH_REASSIGNED,3,0,3
1107,O_ORDER_SHUFFLED,3,0,3
1107,P_ANCHOR_REASSIGNED,3,0,3
1107,R_DEGREE_MATCHED_REWIRE,3,0,3
1107,T_TERMINAL_CHANGED,3,0,3
1107,X_COMPLEXITY_MATCHED,3,0,3
1107,Y_TOPOLOGY_MATCHED,3,0,3
1108,A_AUTHENTIC,3,0,3
1108,D_ALL_DIRECTION_REVERSED,3,0,3
1108,E0_DELETE,3,0,3
1108,E0_REVERSE,3,0,3
1108,E1_DELETE,3,0,3
1108,E1_REVERSE,3,0,3
1108,E2_DELETE,3,0,3
1108,E2_REVERSE,3,0,3
1108,E3_DELETE,3,0,3
1108,E3_REVERSE,3,0,3
1108,E4_DELETE,3,0,3
1108,E4_REVERSE,3,0,3
1108,E5_DELETE,3,0,3
1108,E5_REVERSE,3,0,3
1108,E6_DELETE,3,0,3
1108,E6_REVERSE,3,0,3
1108,E7_DELETE,3,0,3
1108,E7_REVERSE,3,0,3
1108,E8_DELETE,3,0,3
1108,E8_REVERSE,3,0,3
1108,E9_DELETE,3,0,3
1108,E9_REVERSE,3,0,3
1108,F_SURFACE_FORMAT_CONTROL,3,0,3
1108,G_RANDOM_CONTROL,3,0,3
1108,I_ISOMORPHIC_RELABEL,3,0,3
1108,L_FORWARD_CONTROL,3,0,3
1108,M0_SWITCH_NEUTRALIZED,3,0,3
1108,M_SWITCH_REASSIGNED,3,0,3
1108,O_ORDER_SHUFFLED,3,0,3
1108,P_ANCHOR_REASSIGNED,3,0,3
1108,R_DEGREE_MATCHED_REWIRE,3,0,3
1108,T_TERMINAL_CHANGED,3,0,3
1108,X_COMPLEXITY_MATCHED,3,0,3
1108,Y_TOPOLOGY_MATCHED,3,0,3
1109,A_AUTHENTIC,3,0,3
1109,D_ALL_DIRECTION_REVERSED,3,0,3
1109,E0_DELETE,3,0,3
1109,E0_REVERSE,3,0,3
1109,E1_DELETE,3,0,3
1109,E1_REVERSE,3,0,3
1109,E2_DELETE,3,0,3
1109,E2_REVERSE,3,0,3
1109,E3_DELETE,3,0,3
1109,E3_REVERSE,3,0,3
1109,E4_DELETE,3,0,3
1109,E4_REVERSE,3,0,3
1109,E5_DELETE,3,0,3
1109,E5_REVERSE,3,0,3
1109,E6_DELETE,3,0,3
1109,E6_REVERSE,3,0,3
1109,E7_DELETE,3,0,3
1109,E7_REVERSE,3,0,3
1109,E8_DELETE,3,0,3
1109,E8_REVERSE,3,0,3
1109,E9_DELETE,3,0,3
1109,E9_REVERSE,3,0,3
1109,F_SURFACE_FORMAT_CONTROL,3,0,3
1109,G_RANDOM_CONTROL,3,0,3
1109,I_ISOMORPHIC_RELABEL,3,0,3
1109,L_FORWARD_CONTROL,3,0,3
1109,M0_SWITCH_NEUTRALIZED,3,0,3
1109,M_SWITCH_REASSIGNED,3,0,3
1109,O_ORDER_SHUFFLED,3,0,3
1109,P_ANCHOR_REASSIGNED,3,0,3
1109,R_DEGREE_MATCHED_REWIRE,3,0,3
1109,T_TERMINAL_CHANGED,3,0,3
1109,X_COMPLEXITY_MATCHED,3,0,3
1109,Y_TOPOLOGY_MATCHED,3,0,3
1110,A_AUTHENTIC,3,0,3
1110,D_ALL_DIRECTION_REVERSED,3,0,3
1110,E0_DELETE,3,0,3
1110,E0_REVERSE,3,0,3
1110,E1_DELETE,3,0,3
1110,E1_REVERSE,3,0,3
1110,E2_DELETE,3,0,3
1110,E2_REVERSE,3,0,3
1110,E3_DELETE,3,0,3
1110,E3_REVERSE,3,0,3
1110,E4_DELETE,3,0,3
1110,E4_REVERSE,3,0,3
1110,E5_DELETE,3,0,3
1110,E5_REVERSE,3,0,3
1110,E6_DELETE,3,0,3
1110,E6_REVERSE,3,0,3
1110,E7_DELETE,3,0,3
1110,E7_REVERSE,3,0,3
1110,E8_DELETE,3,0,3
1110,E8_REVERSE,3,0,3
1110,E9_DELETE,3,0,3
1110,E9_REVERSE,3,0,3
1110,F_SURFACE_FORMAT_CONTROL,3,0,3
1110,G_RANDOM_CONTROL,3,0,3
1110,I_ISOMORPHIC_RELABEL,3,0,3
1110,L_FORWARD_CONTROL,3,0,3
1110,M0_SWITCH_NEUTRALIZED,3,0,3
1110,M_SWITCH_REASSIGNED,3,0,3
1110,O_ORDER_SHUFFLED,3,0,3
1110,P_ANCHOR_REASSIGNED,3,0,3
1110,R_DEGREE_MATCHED_REWIRE,3,0,3
1110,T_TERMINAL_CHANGED,3,0,3
1110,X_COMPLEXITY_MATCHED,3,0,3
1110,Y_TOPOLOGY_MATCHED,3,0,3
1111,A_AUTHENTIC,3,0,3
1111,D_ALL_DIRECTION_REVERSED,3,0,3
1111,E0_DELETE,3,0,3
1111,E0_REVERSE,3,0,3
1111,E1_DELETE,3,0,3
1111,E1_REVERSE,3,0,3
1111,E2_DELETE,3,0,3
1111,E2_REVERSE,3,0,3
1111,E3_DELETE,3,0,3
1111,E3_REVERSE,3,0,3
1111,E4_DELETE,3,0,3
1111,E4_REVERSE,3,0,3
1111,E5_DELETE,3,0,3
1111,E5_REVERSE,3,0,3
1111,E6_DELETE,3,0,3
1111,E6_REVERSE,3,0,3
1111,E7_DELETE,3,0,3
1111,E7_REVERSE,3,0,3
1111,E8_DELETE,3,0,3
1111,E8_REVERSE,3,0,3
1111,E9_DELETE,3,0,3
1111,E9_REVERSE,3,0,3
1111,F_SURFACE_FORMAT_CONTROL,3,0,3
1111,G_RANDOM_CONTROL,3,0,3
1111,I_ISOMORPHIC_RELABEL,3,0,3
1111,L_FORWARD_CONTROL,3,0,3
1111,M0_SWITCH_NEUTRALIZED,3,0,3
1111,M_SWITCH_REASSIGNED,3,0,3
1111,O_ORDER_SHUFFLED,3,0,3
1111,P_ANCHOR_REASSIGNED,3,0,3
1111,R_DEGREE_MATCHED_REWIRE,3,0,3
1111,T_TERMINAL_CHANGED,3,0,3
1111,X_COMPLEXITY_MATCHED,3,0,3
1111,Y_TOPOLOGY_MATCHED,3,0,3
1112,A_AUTHENTIC,3,0,3
1112,D_ALL_DIRECTION_REVERSED,3,0,3
1112,E0_DELETE,3,0,3
1112,E0_REVERSE,3,0,3
1112,E1_DELETE,3,0,3
1112,E1_REVERSE,3,0,3
1112,E2_DELETE,3,0,3
1112,E2_REVERSE,3,0,3
1112,E3_DELETE,3,0,3
1112,E3_REVERSE,3,0,3
1112,E4_DELETE,3,0,3
1112,E4_REVERSE,3,0,3
1112,E5_DELETE,3,0,3
1112,E5_REVERSE,3,0,3
1112,E6_DELETE,3,0,3
1112,E6_REVERSE,3,0,3
1112,E7_DELETE,3,0,3
1112,E7_REVERSE,3,0,3
1112,E8_DELETE,3,0,3
1112,E8_REVERSE,3,0,3
1112,E9_DELETE,3,0,3
1112,E9_REVERSE,3,0,3
1112,F_SURFACE_FORMAT_CONTROL,3,0,3
1112,G_RANDOM_CONTROL,3,0,3
1112,I_ISOMORPHIC_RELABEL,3,0,3
1112,L_FORWARD_CONTROL,3,0,3
1112,M0_SWITCH_NEUTRALIZED,3,0,3
1112,M_SWITCH_REASSIGNED,3,0,3
1112,O_ORDER_SHUFFLED,3,0,3
1112,P_ANCHOR_REASSIGNED,3,0,3
1112,R_DEGREE_MATCHED_REWIRE,3,0,3
1112,T_TERMINAL_CHANGED,3,0,3
1112,X_COMPLEXITY_MATCHED,3,0,3
1112,Y_TOPOLOGY_MATCHED,3,0,3
1113,A_AUTHENTIC,3,0,3
1113,D_ALL_DIRECTION_REVERSED,3,0,3
1113,E0_DELETE,3,0,3
1113,E0_REVERSE,3,0,3
1113,E1_DELETE,3,0,3
1113,E1_REVERSE,3,0,3
1113,E2_DELETE,3,0,3
1113,E2_REVERSE,3,0,3
1113,E3_DELETE,3,0,3
1113,E3_REVERSE,3,0,3
1113,E4_DELETE,3,0,3
1113,E4_REVERSE,3,0,3
1113,E5_DELETE,3,0,3
1113,E5_REVERSE,3,0,3
1113,E6_DELETE,3,0,3
1113,E6_REVERSE,3,0,3
1113,E7_DELETE,3,0,3
1113,E7_REVERSE,3,0,3
1113,E8_DELETE,3,0,3
1113,E8_REVERSE,3,0,3
1113,E9_DELETE,3,0,3
1113,E9_REVERSE,3,0,3
1113,F_SURFACE_FORMAT_CONTROL,3,0,3
1113,G_RANDOM_CONTROL,3,0,3
1113,I_ISOMORPHIC_RELABEL,3,0,3
1113,L_FORWARD_CONTROL,3,0,3
1113,M0_SWITCH_NEUTRALIZED,3,0,3
1113,M_SWITCH_REASSIGNED,3,0,3
1113,O_ORDER_SHUFFLED,3,0,3
1113,P_ANCHOR_REASSIGNED,3,0,3
1113,R_DEGREE_MATCHED_REWIRE,3,0,3
1113,T_TERMINAL_CHANGED,3,0,3
1113,X_COMPLEXITY_MATCHED,3,0,3
1113,Y_TOPOLOGY_MATCHED,3,0,3
1114,A_AUTHENTIC,3,0,3
1114,D_ALL_DIRECTION_REVERSED,3,0,3
1114,E0_DELETE,3,0,3
1114,E0_REVERSE,3,0,3
1114,E1_DELETE,3,0,3
1114,E1_REVERSE,3,0,3
1114,E2_DELETE,3,0,3
1114,E2_REVERSE,3,0,3
1114,E3_DELETE,3,0,3
1114,E3_REVERSE,3,0,3
1114,E4_DELETE,3,0,3
1114,E4_REVERSE,3,0,3
1114,E5_DELETE,3,0,3
1114,E5_REVERSE,3,0,3
1114,E6_DELETE,3,0,3
1114,E6_REVERSE,3,0,3
1114,E7_DELETE,3,0,3
1114,E7_REVERSE,3,0,3
1114,E8_DELETE,3,0,3
1114,E8_REVERSE,3,0,3
1114,E9_DELETE,3,0,3
1114,E9_REVERSE,3,0,3
1114,F_SURFACE_FORMAT_CONTROL,3,0,3
1114,G_RANDOM_CONTROL,3,0,3
1114,I_ISOMORPHIC_RELABEL,3,0,3
1114,L_FORWARD_CONTROL,3,0,3
1114,M0_SWITCH_NEUTRALIZED,3,0,3
1114,M_SWITCH_REASSIGNED,3,0,3
1114,O_ORDER_SHUFFLED,3,0,3
1114,P_ANCHOR_REASSIGNED,3,0,3
1114,R_DEGREE_MATCHED_REWIRE,3,0,3
1114,T_TERMINAL_CHANGED,3,0,3
1114,X_COMPLEXITY_MATCHED,3,0,3
1114,Y_TOPOLOGY_MATCHED,3,0,3
1115,A_AUTHENTIC,3,0,3
1115,D_ALL_DIRECTION_REVERSED,3,0,3
1115,E0_DELETE,3,0,3
1115,E0_REVERSE,3,0,3
1115,E1_DELETE,3,0,3
1115,E1_REVERSE,3,0,3
1115,E2_DELETE,3,0,3
1115,E2_REVERSE,3,0,3
1115,E3_DELETE,3,0,3
1115,E3_REVERSE,3,0,3
1115,E4_DELETE,3,0,3
1115,E4_REVERSE,3,0,3
1115,E5_DELETE,3,0,3
1115,E5_REVERSE,3,0,3
1115,E6_DELETE,3,0,3
1115,E6_REVERSE,3,0,3
1115,E7_DELETE,3,0,3
1115,E7_REVERSE,3,0,3
1115,E8_DELETE,3,0,3
1115,E8_REVERSE,3,0,3
1115,E9_DELETE,3,0,3
1115,E9_REVERSE,3,0,3
1115,F_SURFACE_FORMAT_CONTROL,3,0,3
1115,G_RANDOM_CONTROL,3,0,3
1115,I_ISOMORPHIC_RELABEL,3,0,3
1115,L_FORWARD_CONTROL,3,0,3
1115,M0_SWITCH_NEUTRALIZED,3,0,3
1115,M_SWITCH_REASSIGNED,3,0,3
1115,O_ORDER_SHUFFLED,3,0,3
1115,P_ANCHOR_REASSIGNED,3,0,3
1115,R_DEGREE_MATCHED_REWIRE,3,0,3
1115,T_TERMINAL_CHANGED,3,0,3
1115,X_COMPLEXITY_MATCHED,3,0,3
1115,Y_TOPOLOGY_MATCHED,3,0,3
1116,A_AUTHENTIC,3,0,3
1116,D_ALL_DIRECTION_REVERSED,3,0,3
1116,E0_DELETE,3,0,3
1116,E0_REVERSE,3,0,3
1116,E1_DELETE,3,0,3
1116,E1_REVERSE,3,0,3
1116,E2_DELETE,3,0,3
1116,E2_REVERSE,3,0,3
1116,E3_DELETE,3,0,3
1116,E3_REVERSE,3,0,3
1116,E4_DELETE,3,0,3
1116,E4_REVERSE,3,0,3
1116,E5_DELETE,3,0,3
1116,E5_REVERSE,3,0,3
1116,E6_DELETE,3,0,3
1116,E6_REVERSE,3,0,3
1116,E7_DELETE,3,0,3
1116,E7_REVERSE,3,0,3
1116,E8_DELETE,3,0,3
1116,E8_REVERSE,3,0,3
1116,E9_DELETE,3,0,3
1116,E9_REVERSE,3,0,3
1116,F_SURFACE_FORMAT_CONTROL,3,0,3
1116,G_RANDOM_CONTROL,3,0,3
1116,I_ISOMORPHIC_RELABEL,3,0,3
1116,L_FORWARD_CONTROL,3,0,3
1116,M0_SWITCH_NEUTRALIZED,3,0,3
1116,M_SWITCH_REASSIGNED,3,0,3
1116,O_ORDER_SHUFFLED,3,0,3
1116,P_ANCHOR_REASSIGNED,3,0,3
1116,R_DEGREE_MATCHED_REWIRE,3,0,3
1116,T_TERMINAL_CHANGED,3,0,3
1116,X_COMPLEXITY_MATCHED,3,0,3
1116,Y_TOPOLOGY_MATCHED,3,0,3
1117,A_AUTHENTIC,3,0,3
1117,D_ALL_DIRECTION_REVERSED,3,0,3
1117,E0_DELETE,3,0,3
1117,E0_REVERSE,3,0,3
1117,E1_DELETE,3,0,3
1117,E1_REVERSE,3,0,3
1117,E2_DELETE,3,0,3
1117,E2_REVERSE,3,0,3
1117,E3_DELETE,3,0,3
1117,E3_REVERSE,3,0,3
1117,E4_DELETE,3,0,3
1117,E4_REVERSE,3,0,3
1117,E5_DELETE,3,0,3
1117,E5_REVERSE,3,0,3
1117,E6_DELETE,3,0,3
1117,E6_REVERSE,3,0,3
1117,E7_DELETE,3,0,3
1117,E7_REVERSE,3,0,3
1117,E8_DELETE,3,0,3
1117,E8_REVERSE,3,0,3
1117,E9_DELETE,3,0,3
1117,E9_REVERSE,3,0,3
1117,F_SURFACE_FORMAT_CONTROL,3,0,3
1117,G_RANDOM_CONTROL,3,0,3
1117,I_ISOMORPHIC_RELABEL,3,0,3
1117,L_FORWARD_CONTROL,3,0,3
1117,M0_SWITCH_NEUTRALIZED,3,0,3
1117,M_SWITCH_REASSIGNED,3,0,3
1117,O_ORDER_SHUFFLED,3,0,3
1117,P_ANCHOR_REASSIGNED,3,0,3
1117,R_DEGREE_MATCHED_REWIRE,3,0,3
1117,T_TERMINAL_CHANGED,3,0,3
1117,X_COMPLEXITY_MATCHED,3,0,3
1117,Y_TOPOLOGY_MATCHED,3,0,3
1118,A_AUTHENTIC,3,0,3
1118,D_ALL_DIRECTION_REVERSED,3,0,3
1118,E0_DELETE,3,0,3
1118,E0_REVERSE,3,0,3
1118,E1_DELETE,3,0,3
1118,E1_REVERSE,3,0,3
1118,E2_DELETE,3,0,3
1118,E2_REVERSE,3,0,3
1118,E3_DELETE,3,0,3
1118,E3_REVERSE,3,0,3
1118,E4_DELETE,3,0,3
1118,E4_REVERSE,3,0,3
1118,E5_DELETE,3,0,3
1118,E5_REVERSE,3,0,3
1118,E6_DELETE,3,0,3
1118,E6_REVERSE,3,0,3
1118,E7_DELETE,3,0,3
1118,E7_REVERSE,3,0,3
1118,E8_DELETE,3,0,3
1118,E8_REVERSE,3,0,3
1118,E9_DELETE,3,0,3
1118,E9_REVERSE,3,0,3
1118,F_SURFACE_FORMAT_CONTROL,3,0,3
1118,G_RANDOM_CONTROL,3,0,3
1118,I_ISOMORPHIC_RELABEL,3,0,3
1118,L_FORWARD_CONTROL,3,0,3
1118,M0_SWITCH_NEUTRALIZED,3,0,3
1118,M_SWITCH_REASSIGNED,3,0,3
1118,O_ORDER_SHUFFLED,3,0,3
1118,P_ANCHOR_REASSIGNED,3,0,3
1118,R_DEGREE_MATCHED_REWIRE,3,0,3
1118,T_TERMINAL_CHANGED,3,0,3
1118,X_COMPLEXITY_MATCHED,3,0,3
1118,Y_TOPOLOGY_MATCHED,3,0,3
1119,A_AUTHENTIC,3,0,3
1119,D_ALL_DIRECTION_REVERSED,3,0,3
1119,E0_DELETE,3,0,3
1119,E0_REVERSE,3,0,3
1119,E1_DELETE,3,0,3
1119,E1_REVERSE,3,0,3
1119,E2_DELETE,3,0,3
1119,E2_REVERSE,3,0,3
1119,E3_DELETE,3,0,3
1119,E3_REVERSE,3,0,3
1119,E4_DELETE,3,0,3
1119,E4_REVERSE,3,0,3
1119,E5_DELETE,3,0,3
1119,E5_REVERSE,3,0,3
1119,E6_DELETE,3,0,3
1119,E6_REVERSE,3,0,3
1119,E7_DELETE,3,0,3
1119,E7_REVERSE,3,0,3
1119,E8_DELETE,3,0,3
1119,E8_REVERSE,3,0,3
1119,E9_DELETE,3,0,3
1119,E9_REVERSE,3,0,3
1119,F_SURFACE_FORMAT_CONTROL,3,0,3
1119,G_RANDOM_CONTROL,3,0,3
1119,I_ISOMORPHIC_RELABEL,3,0,3
1119,L_FORWARD_CONTROL,3,0,3
1119,M0_SWITCH_NEUTRALIZED,3,0,3
1119,M_SWITCH_REASSIGNED,3,0,3
1119,O_ORDER_SHUFFLED,3,0,3
1119,P_ANCHOR_REASSIGNED,3,0,3
1119,R_DEGREE_MATCHED_REWIRE,3,0,3
1119,T_TERMINAL_CHANGED,3,0,3
1119,X_COMPLEXITY_MATCHED,3,0,3
1119,Y_TOPOLOGY_MATCHED,3,0,3
1120,A_AUTHENTIC,3,0,3
1120,D_ALL_DIRECTION_REVERSED,3,0,3
1120,E0_DELETE,3,0,3
1120,E0_REVERSE,3,0,3
1120,E1_DELETE,3,0,3
1120,E1_REVERSE,3,0,3
1120,E2_DELETE,3,0,3
1120,E2_REVERSE,3,0,3
1120,E3_DELETE,3,0,3
1120,E3_REVERSE,3,0,3
1120,E4_DELETE,3,0,3
1120,E4_REVERSE,3,0,3
1120,E5_DELETE,3,0,3
1120,E5_REVERSE,3,0,3
1120,E6_DELETE,3,0,3
1120,E6_REVERSE,3,0,3
1120,E7_DELETE,3,0,3
1120,E7_REVERSE,3,0,3
1120,E8_DELETE,3,0,3
1120,E8_REVERSE,3,0,3
1120,E9_DELETE,3,0,3
1120,E9_REVERSE,3,0,3
1120,F_SURFACE_FORMAT_CONTROL,3,0,3
1120,G_RANDOM_CONTROL,3,0,3
1120,I_ISOMORPHIC_RELABEL,3,0,3
1120,L_FORWARD_CONTROL,3,0,3
1120,M0_SWITCH_NEUTRALIZED,3,0,3
1120,M_SWITCH_REASSIGNED,3,0,3
1120,O_ORDER_SHUFFLED,3,0,3
1120,P_ANCHOR_REASSIGNED,3,0,3
1120,R_DEGREE_MATCHED_REWIRE,3,0,3
1120,T_TERMINAL_CHANGED,3,0,3
1120,X_COMPLEXITY_MATCHED,3,0,3
1120,Y_TOPOLOGY_MATCHED,3,0,3
1121,A_AUTHENTIC,3,0,3
1121,D_ALL_DIRECTION_REVERSED,3,0,3
1121,E0_DELETE,3,0,3
1121,E0_REVERSE,3,0,3
1121,E1_DELETE,3,0,3
1121,E1_REVERSE,3,0,3
1121,E2_DELETE,3,0,3
1121,E2_REVERSE,3,0,3
1121,E3_DELETE,3,0,3
1121,E3_REVERSE,3,0,3
1121,E4_DELETE,3,0,3
1121,E4_REVERSE,3,0,3
1121,E5_DELETE,3,0,3
1121,E5_REVERSE,3,0,3
1121,E6_DELETE,3,0,3
1121,E6_REVERSE,3,0,3
1121,E7_DELETE,3,0,3
1121,E7_REVERSE,3,0,3
1121,E8_DELETE,3,0,3
1121,E8_REVERSE,3,0,3
1121,E9_DELETE,3,0,3
1121,E9_REVERSE,3,0,3
1121,F_SURFACE_FORMAT_CONTROL,3,0,3
1121,G_RANDOM_CONTROL,3,0,3
1121,I_ISOMORPHIC_RELABEL,3,0,3
1121,L_FORWARD_CONTROL,3,0,3
1121,M0_SWITCH_NEUTRALIZED,3,0,3
1121,M_SWITCH_REASSIGNED,3,0,3
1121,O_ORDER_SHUFFLED,3,0,3
1121,P_ANCHOR_REASSIGNED,3,0,3
1121,R_DEGREE_MATCHED_REWIRE,3,0,3
1121,T_TERMINAL_CHANGED,3,0,3
1121,X_COMPLEXITY_MATCHED,3,0,3
1121,Y_TOPOLOGY_MATCHED,3,0,3
1122,A_AUTHENTIC,3,0,3
1122,D_ALL_DIRECTION_REVERSED,3,0,3
1122,E0_DELETE,3,0,3
1122,E0_REVERSE,3,0,3
1122,E1_DELETE,3,0,3
1122,E1_REVERSE,3,0,3
1122,E2_DELETE,3,0,3
1122,E2_REVERSE,3,0,3
1122,E3_DELETE,3,0,3
1122,E3_REVERSE,3,0,3
1122,E4_DELETE,3,0,3
1122,E4_REVERSE,3,0,3
1122,E5_DELETE,3,0,3
1122,E5_REVERSE,3,0,3
1122,E6_DELETE,3,0,3
1122,E6_REVERSE,3,0,3
1122,E7_DELETE,3,0,3
1122,E7_REVERSE,3,0,3
1122,E8_DELETE,3,0,3
1122,E8_REVERSE,3,0,3
1122,E9_DELETE,3,0,3
1122,E9_REVERSE,3,0,3
1122,F_SURFACE_FORMAT_CONTROL,3,0,3
1122,G_RANDOM_CONTROL,3,0,3
1122,I_ISOMORPHIC_RELABEL,3,0,3
1122,L_FORWARD_CONTROL,3,0,3
1122,M_SWITCH_REASSIGNED,3,0,3
1122,O_ORDER_SHUFFLED,3,0,3
1122,P_ANCHOR_REASSIGNED,3,0,3
1122,R_DEGREE_MATCHED_REWIRE,3,0,3
1122,T_TERMINAL_CHANGED,3,0,3
1122,X_COMPLEXITY_MATCHED,3,0,3
1122,Y_TOPOLOGY_MATCHED,3,0,3
1123,A_AUTHENTIC,3,0,3
1123,D_ALL_DIRECTION_REVERSED,3,0,3
1123,E0_DELETE,3,0,3
1123,E0_REVERSE,3,0,3
1123,E1_DELETE,3,0,3
1123,E1_REVERSE,3,0,3
1123,E2_DELETE,3,0,3
1123,E2_REVERSE,3,0,3
1123,E3_DELETE,3,0,3
1123,E3_REVERSE,3,0,3
1123,E4_DELETE,3,0,3
1123,E4_REVERSE,3,0,3
1123,E5_DELETE,3,0,3
1123,E5_REVERSE,3,0,3
1123,E6_DELETE,3,0,3
1123,E6_REVERSE,3,0,3
1123,E7_DELETE,3,0,3
1123,E7_REVERSE,3,0,3
1123,E8_DELETE,3,0,3
1123,E8_REVERSE,3,0,3
1123,E9_DELETE,3,0,3
1123,E9_REVERSE,3,0,3
1123,F_SURFACE_FORMAT_CONTROL,3,0,3
1123,G_RANDOM_CONTROL,3,0,3
1123,I_ISOMORPHIC_RELABEL,3,0,3
1123,L_FORWARD_CONTROL,3,0,3
1123,M0_SWITCH_NEUTRALIZED,3,0,3
1123,M_SWITCH_REASSIGNED,3,0,3
1123,O_ORDER_SHUFFLED,3,0,3
1123,P_ANCHOR_REASSIGNED,3,0,3
1123,R_DEGREE_MATCHED_REWIRE,3,0,3
1123,T_TERMINAL_CHANGED,3,0,3
1123,X_COMPLEXITY_MATCHED,3,0,3
1123,Y_TOPOLOGY_MATCHED,3,0,3
1124,A_AUTHENTIC,3,0,3
1124,D_ALL_DIRECTION_REVERSED,3,0,3
1124,E0_DELETE,3,0,3
1124,E0_REVERSE,3,0,3
1124,E1_DELETE,3,0,3
1124,E1_REVERSE,3,0,3
1124,E2_DELETE,3,0,3
1124,E2_REVERSE,3,0,3
1124,E3_DELETE,3,0,3
1124,E3_REVERSE,3,0,3
1124,E4_DELETE,3,0,3
1124,E4_REVERSE,3,0,3
1124,E5_DELETE,3,0,3
1124,E5_REVERSE,3,0,3
1124,E6_DELETE,3,0,3
1124,E6_REVERSE,3,0,3
1124,E7_DELETE,3,0,3
1124,E7_REVERSE,3,0,3
1124,E8_DELETE,3,0,3
1124,E8_REVERSE,3,0,3
1124,E9_DELETE,3,0,3
1124,E9_REVERSE,3,0,3
1124,F_SURFACE_FORMAT_CONTROL,3,0,3
1124,G_RANDOM_CONTROL,3,0,3
1124,I_ISOMORPHIC_RELABEL,3,0,3
1124,L_FORWARD_CONTROL,3,0,3
1124,M0_SWITCH_NEUTRALIZED,3,0,3
1124,M_SWITCH_REASSIGNED,3,0,3
1124,O_ORDER_SHUFFLED,3,0,3
1124,P_ANCHOR_REASSIGNED,3,0,3
1124,R_DEGREE_MATCHED_REWIRE,3,0,3
1124,T_TERMINAL_CHANGED,3,0,3
1124,X_COMPLEXITY_MATCHED,3,0,3
1124,Y_TOPOLOGY_MATCHED,3,0,3
1125,A_AUTHENTIC,3,0,3
1125,D_ALL_DIRECTION_REVERSED,3,0,3
1125,E0_DELETE,3,0,3
1125,E0_REVERSE,3,0,3
1125,E1_DELETE,3,0,3
1125,E1_REVERSE,3,0,3
1125,E2_DELETE,3,0,3
1125,E2_REVERSE,3,0,3
1125,E3_DELETE,3,0,3
1125,E3_REVERSE,3,0,3
1125,E4_DELETE,3,0,3
1125,E4_REVERSE,3,0,3
1125,E5_DELETE,3,0,3
1125,E5_REVERSE,3,0,3
1125,E6_DELETE,3,0,3
1125,E6_REVERSE,3,0,3
1125,E7_DELETE,3,0,3
1125,E7_REVERSE,3,0,3
1125,E8_DELETE,3,0,3
1125,E8_REVERSE,3,0,3
1125,E9_DELETE,3,0,3
1125,E9_REVERSE,3,0,3
1125,F_SURFACE_FORMAT_CONTROL,3,0,3
1125,G_RANDOM_CONTROL,3,0,3
1125,I_ISOMORPHIC_RELABEL,3,0,3
1125,L_FORWARD_CONTROL,3,0,3
1125,M0_SWITCH_NEUTRALIZED,3,0,3
1125,M_SWITCH_REASSIGNED,3,0,3
1125,O_ORDER_SHUFFLED,3,0,3
1125,P_ANCHOR_REASSIGNED,3,0,3
1125,R_DEGREE_MATCHED_REWIRE,3,0,3
1125,T_TERMINAL_CHANGED,3,0,3
1125,X_COMPLEXITY_MATCHED,3,0,3
1125,Y_TOPOLOGY_MATCHED,3,0,3
1126,A_AUTHENTIC,3,0,3
1126,D_ALL_DIRECTION_REVERSED,3,0,3
1126,E0_DELETE,3,0,3
1126,E0_REVERSE,3,0,3
1126,E1_DELETE,3,0,3
1126,E1_REVERSE,3,0,3
1126,E2_DELETE,3,0,3
1126,E2_REVERSE,3,0,3
1126,E3_DELETE,3,0,3
1126,E3_REVERSE,3,0,3
1126,E4_DELETE,3,0,3
1126,E4_REVERSE,3,0,3
1126,E5_DELETE,3,0,3
1126,E5_REVERSE,3,0,3
1126,E6_DELETE,3,0,3
1126,E6_REVERSE,3,0,3
1126,E7_DELETE,3,0,3
1126,E7_REVERSE,3,0,3
1126,E8_DELETE,3,0,3
1126,E8_REVERSE,3,0,3
1126,E9_DELETE,3,0,3
1126,E9_REVERSE,3,0,3
1126,F_SURFACE_FORMAT_CONTROL,3,0,3
1126,G_RANDOM_CONTROL,3,0,3
1126,I_ISOMORPHIC_RELABEL,3,0,3
1126,L_FORWARD_CONTROL,3,0,3
1126,M0_SWITCH_NEUTRALIZED,3,0,3
1126,M_SWITCH_REASSIGNED,3,0,3
1126,O_ORDER_SHUFFLED,3,0,3
1126,P_ANCHOR_REASSIGNED,3,0,3
1126,R_DEGREE_MATCHED_REWIRE,3,0,3
1126,T_TERMINAL_CHANGED,3,0,3
1126,X_COMPLEXITY_MATCHED,3,0,3
1126,Y_TOPOLOGY_MATCHED,3,0,3
1127,A_AUTHENTIC,3,0,3
1127,D_ALL_DIRECTION_REVERSED,3,0,3
1127,E0_DELETE,3,0,3
1127,E0_REVERSE,3,0,3
1127,E1_DELETE,3,0,3
1127,E1_REVERSE,3,0,3
1127,E2_DELETE,3,0,3
1127,E2_REVERSE,3,0,3
1127,E3_DELETE,3,0,3
1127,E3_REVERSE,3,0,3
1127,E4_DELETE,3,0,3
1127,E4_REVERSE,3,0,3
1127,E5_DELETE,3,0,3
1127,E5_REVERSE,3,0,3
1127,E6_DELETE,3,0,3
1127,E6_REVERSE,3,0,3
1127,E7_DELETE,3,0,3
1127,E7_REVERSE,3,0,3
1127,E8_DELETE,3,0,3
1127,E8_REVERSE,3,0,3
1127,E9_DELETE,3,0,3
1127,E9_REVERSE,3,0,3
1127,F_SURFACE_FORMAT_CONTROL,3,0,3
1127,G_RANDOM_CONTROL,3,0,3
1127,I_ISOMORPHIC_RELABEL,3,0,3
1127,L_FORWARD_CONTROL,3,0,3
1127,M0_SWITCH_NEUTRALIZED,3,0,3
1127,M_SWITCH_REASSIGNED,3,0,3
1127,O_ORDER_SHUFFLED,3,0,3
1127,P_ANCHOR_REASSIGNED,3,0,3
1127,R_DEGREE_MATCHED_REWIRE,3,0,3
1127,T_TERMINAL_CHANGED,3,0,3
1127,X_COMPLEXITY_MATCHED,3,0,3
1127,Y_TOPOLOGY_MATCHED,3,0,3
1128,A_AUTHENTIC,3,0,3
1128,D_ALL_DIRECTION_REVERSED,3,0,3
1128,E0_DELETE,3,0,3
1128,E0_REVERSE,3,0,3
1128,E1_DELETE,3,0,3
1128,E1_REVERSE,3,0,3
1128,E2_DELETE,3,0,3
1128,E2_REVERSE,3,0,3
1128,E3_DELETE,3,0,3
1128,E3_REVERSE,3,0,3
1128,E4_DELETE,3,0,3
1128,E4_REVERSE,3,0,3
1128,E5_DELETE,3,0,3
1128,E5_REVERSE,3,0,3
1128,E6_DELETE,3,0,3
1128,E6_REVERSE,3,0,3
1128,E7_DELETE,3,0,3
1128,E7_REVERSE,3,0,3
1128,E8_DELETE,3,0,3
1128,E8_REVERSE,3,0,3
1128,E9_DELETE,3,0,3
1128,E9_REVERSE,3,0,3
1128,F_SURFACE_FORMAT_CONTROL,3,0,3
1128,G_RANDOM_CONTROL,3,0,3
1128,I_ISOMORPHIC_RELABEL,3,0,3
1128,L_FORWARD_CONTROL,3,0,3
1128,M0_SWITCH_NEUTRALIZED,3,0,3
1128,M_SWITCH_REASSIGNED,3,0,3
1128,O_ORDER_SHUFFLED,3,0,3
1128,P_ANCHOR_REASSIGNED,3,0,3
1128,R_DEGREE_MATCHED_REWIRE,3,0,3
1128,T_TERMINAL_CHANGED,3,0,3
1128,X_COMPLEXITY_MATCHED,3,0,3
1128,Y_TOPOLOGY_MATCHED,3,0,3
1129,A_AUTHENTIC,3,0,3
1129,D_ALL_DIRECTION_REVERSED,3,0,3
1129,E0_DELETE,3,0,3
1129,E0_REVERSE,3,0,3
1129,E1_DELETE,3,0,3
1129,E1_REVERSE,3,0,3
1129,E2_DELETE,3,0,3
1129,E2_REVERSE,3,0,3
1129,E3_DELETE,3,0,3
1129,E3_REVERSE,3,0,3
1129,E4_DELETE,3,0,3
1129,E4_REVERSE,3,0,3
1129,E5_DELETE,3,0,3
1129,E5_REVERSE,3,0,3
1129,E6_DELETE,3,0,3
1129,E6_REVERSE,3,0,3
1129,E7_DELETE,3,0,3
1129,E7_REVERSE,3,0,3
1129,E8_DELETE,3,0,3
1129,E8_REVERSE,3,0,3
1129,E9_DELETE,3,0,3
1129,E9_REVERSE,3,0,3
1129,F_SURFACE_FORMAT_CONTROL,3,0,3
1129,G_RANDOM_CONTROL,3,0,3
1129,I_ISOMORPHIC_RELABEL,3,0,3
1129,L_FORWARD_CONTROL,3,0,3
1129,M0_SWITCH_NEUTRALIZED,3,0,3
1129,M_SWITCH_REASSIGNED,3,0,3
1129,O_ORDER_SHUFFLED,3,0,3
1129,P_ANCHOR_REASSIGNED,3,0,3
1129,R_DEGREE_MATCHED_REWIRE,3,0,3
1129,T_TERMINAL_CHANGED,3,0,3
1129,X_COMPLEXITY_MATCHED,3,0,3
1129,Y_TOPOLOGY_MATCHED,3,0,3
1130,A_AUTHENTIC,3,0,3
1130,D_ALL_DIRECTION_REVERSED,3,0,3
1130,E0_DELETE,3,0,3
1130,E0_REVERSE,3,0,3
1130,E1_DELETE,3,0,3
1130,E1_REVERSE,3,0,3
1130,E2_DELETE,3,0,3
1130,E2_REVERSE,3,0,3
1130,E3_DELETE,3,0,3
1130,E3_REVERSE,3,0,3
1130,E4_DELETE,3,0,3
1130,E4_REVERSE,3,0,3
1130,E5_DELETE,3,0,3
1130,E5_REVERSE,3,0,3
1130,E6_DELETE,3,0,3
1130,E6_REVERSE,3,0,3
1130,E7_REVERSE,3,0,3
1130,E8_DELETE,3,0,3
1130,E8_REVERSE,3,0,3
1130,E9_DELETE,3,0,3
1130,E9_REVERSE,3,0,3
1130,F_SURFACE_FORMAT_CONTROL,3,0,3
1130,I_ISOMORPHIC_RELABEL,3,0,3
1130,L_FORWARD_CONTROL,3,0,3
1130,M0_SWITCH_NEUTRALIZED,3,0,3
1130,M_SWITCH_REASSIGNED,3,0,3
1130,O_ORDER_SHUFFLED,3,0,3
1130,P_ANCHOR_REASSIGNED,3,0,3
1130,R_DEGREE_MATCHED_REWIRE,3,0,3
1130,T_TERMINAL_CHANGED,3,0,3
1130,X_COMPLEXITY_MATCHED,3,0,3
1130,Y_TOPOLOGY_MATCHED,3,0,3
1131,A_AUTHENTIC,3,0,3
1131,D_ALL_DIRECTION_REVERSED,3,0,3
1131,E0_DELETE,3,0,3
1131,E0_REVERSE,3,0,3
1131,E1_DELETE,3,0,3
1131,E1_REVERSE,3,0,3
1131,E2_DELETE,3,0,3
1131,E2_REVERSE,3,0,3
1131,E3_DELETE,3,0,3
1131,E3_REVERSE,3,0,3
1131,E4_DELETE,3,0,3
1131,E4_REVERSE,3,0,3
1131,E5_DELETE,3,0,3
1131,E5_REVERSE,3,0,3
1131,E6_DELETE,3,0,3
1131,E6_REVERSE,3,0,3
1131,E7_DELETE,3,0,3
1131,E7_REVERSE,3,0,3
1131,E8_DELETE,3,0,3
1131,E8_REVERSE,3,0,3
1131,E9_DELETE,3,0,3
1131,E9_REVERSE,3,0,3
1131,F_SURFACE_FORMAT_CONTROL,3,0,3
1131,G_RANDOM_CONTROL,3,0,3
1131,I_ISOMORPHIC_RELABEL,3,0,3
1131,L_FORWARD_CONTROL,3,0,3
1131,M0_SWITCH_NEUTRALIZED,3,0,3
1131,M_SWITCH_REASSIGNED,3,0,3
1131,O_ORDER_SHUFFLED,3,0,3
1131,P_ANCHOR_REASSIGNED,3,0,3
1131,R_DEGREE_MATCHED_REWIRE,3,0,3
1131,T_TERMINAL_CHANGED,3,0,3
1131,X_COMPLEXITY_MATCHED,3,0,3
1131,Y_TOPOLOGY_MATCHED,3,0,3
1132,A_AUTHENTIC,3,0,3
1132,D_ALL_DIRECTION_REVERSED,3,0,3
1132,E0_DELETE,3,0,3
1132,E0_REVERSE,3,0,3
1132,E1_DELETE,3,0,3
1132,E1_REVERSE,3,0,3
1132,E2_DELETE,3,0,3
1132,E2_REVERSE,3,0,3
1132,E3_DELETE,3,0,3
1132,E3_REVERSE,3,0,3
1132,E4_DELETE,3,0,3
1132,E4_REVERSE,3,0,3
1132,E5_DELETE,3,0,3
1132,E5_REVERSE,3,0,3
1132,E6_DELETE,3,0,3
1132,E6_REVERSE,3,0,3
1132,E7_DELETE,3,0,3
1132,E8_DELETE,3,0,3
1132,E8_REVERSE,3,0,3
1132,E9_DELETE,3,0,3
1132,E9_REVERSE,3,0,3
1132,F_SURFACE_FORMAT_CONTROL,3,0,3
1132,G_RANDOM_CONTROL,3,0,3
1132,I_ISOMORPHIC_RELABEL,3,0,3
1132,L_FORWARD_CONTROL,3,0,3
1132,M0_SWITCH_NEUTRALIZED,3,0,3
1132,M_SWITCH_REASSIGNED,3,0,3
1132,O_ORDER_SHUFFLED,3,0,3
1132,P_ANCHOR_REASSIGNED,3,0,3
1132,R_DEGREE_MATCHED_REWIRE,3,0,3
1132,T_TERMINAL_CHANGED,3,0,3
1132,X_COMPLEXITY_MATCHED,3,0,3
1132,Y_TOPOLOGY_MATCHED,3,0,3
1133,A_AUTHENTIC,3,0,3
1133,D_ALL_DIRECTION_REVERSED,3,0,3
1133,E0_DELETE,3,0,3
1133,E0_REVERSE,3,0,3
1133,E1_DELETE,3,0,3
1133,E1_REVERSE,3,0,3
1133,E2_DELETE,3,0,3
1133,E2_REVERSE,3,0,3
1133,E3_DELETE,3,0,3
1133,E3_REVERSE,3,0,3
1133,E4_DELETE,3,0,3
1133,E4_REVERSE,3,0,3
1133,E5_DELETE,3,0,3
1133,E5_REVERSE,3,0,3
1133,E6_DELETE,3,0,3
1133,E6_REVERSE,3,0,3
1133,E7_DELETE,3,0,3
1133,E7_REVERSE,3,0,3
1133,E8_DELETE,3,0,3
1133,E8_REVERSE,3,0,3
1133,E9_DELETE,3,0,3
1133,E9_REVERSE,3,0,3
1133,F_SURFACE_FORMAT_CONTROL,3,0,3
1133,I_ISOMORPHIC_RELABEL,3,0,3
1133,L_FORWARD_CONTROL,3,0,3
1133,M0_SWITCH_NEUTRALIZED,3,0,3
1133,M_SWITCH_REASSIGNED,3,0,3
1133,O_ORDER_SHUFFLED,3,0,3
1133,P_ANCHOR_REASSIGNED,3,0,3
1133,R_DEGREE_MATCHED_REWIRE,3,0,3
1133,T_TERMINAL_CHANGED,3,0,3
1133,X_COMPLEXITY_MATCHED,3,0,3
1133,Y_TOPOLOGY_MATCHED,3,0,3
1134,A_AUTHENTIC,3,0,3
1134,D_ALL_DIRECTION_REVERSED,3,0,3
1134,E0_DELETE,3,0,3
1134,E0_REVERSE,3,0,3
1134,E1_DELETE,3,0,3
1134,E1_REVERSE,3,0,3
1134,E2_DELETE,3,0,3
1134,E2_REVERSE,3,0,3
1134,E3_DELETE,3,0,3
1134,E3_REVERSE,3,0,3
1134,E4_DELETE,3,0,3
1134,E4_REVERSE,3,0,3
1134,E5_DELETE,3,0,3
1134,E5_REVERSE,3,0,3
1134,E6_DELETE,3,0,3
1134,E6_REVERSE,3,0,3
1134,E7_DELETE,3,0,3
1134,E7_REVERSE,3,0,3
1134,E8_DELETE,3,0,3
1134,E8_REVERSE,3,0,3
1134,E9_DELETE,3,0,3
1134,E9_REVERSE,3,0,3
1134,F_SURFACE_FORMAT_CONTROL,3,0,3
1134,G_RANDOM_CONTROL,3,0,3
1134,I_ISOMORPHIC_RELABEL,3,0,3
1134,L_FORWARD_CONTROL,3,0,3
1134,M0_SWITCH_NEUTRALIZED,3,0,3
1134,M_SWITCH_REASSIGNED,3,0,3
1134,O_ORDER_SHUFFLED,3,0,3
1134,P_ANCHOR_REASSIGNED,3,0,3
1134,R_DEGREE_MATCHED_REWIRE,3,0,3
1134,T_TERMINAL_CHANGED,3,0,3
1134,X_COMPLEXITY_MATCHED,3,0,3
1134,Y_TOPOLOGY_MATCHED,3,0,3
1135,A_AUTHENTIC,3,0,3
1135,D_ALL_DIRECTION_REVERSED,3,0,3
1135,E0_DELETE,3,0,3
1135,E0_REVERSE,3,0,3
1135,E1_DELETE,3,0,3
1135,E1_REVERSE,3,0,3
1135,E2_DELETE,3,0,3
1135,E2_REVERSE,3,0,3
1135,E3_DELETE,3,0,3
1135,E3_REVERSE,3,0,3
1135,E4_DELETE,3,0,3
1135,E4_REVERSE,3,0,3
1135,E5_DELETE,3,0,3
1135,E5_REVERSE,3,0,3
1135,E6_DELETE,3,0,3
1135,E6_REVERSE,3,0,3
1135,E7_DELETE,3,0,3
1135,E7_REVERSE,3,0,3
1135,E8_DELETE,3,0,3
1135,E8_REVERSE,3,0,3
1135,E9_DELETE,3,0,3
1135,E9_REVERSE,3,0,3
1135,F_SURFACE_FORMAT_CONTROL,3,0,3
1135,G_RANDOM_CONTROL,3,0,3
1135,I_ISOMORPHIC_RELABEL,3,0,3
1135,L_FORWARD_CONTROL,3,0,3
1135,M0_SWITCH_NEUTRALIZED,3,0,3
1135,M_SWITCH_REASSIGNED,3,0,3
1135,O_ORDER_SHUFFLED,3,0,3
1135,P_ANCHOR_REASSIGNED,3,0,3
1135,R_DEGREE_MATCHED_REWIRE,3,0,3
1135,T_TERMINAL_CHANGED,3,0,3
1135,X_COMPLEXITY_MATCHED,3,0,3
1135,Y_TOPOLOGY_MATCHED,3,0,3
1136,A_AUTHENTIC,3,0,3
1136,D_ALL_DIRECTION_REVERSED,3,0,3
1136,E0_DELETE,3,0,3
1136,E0_REVERSE,3,0,3
1136,E1_DELETE,3,0,3
1136,E1_REVERSE,3,0,3
1136,E2_DELETE,3,0,3
1136,E2_REVERSE,3,0,3
1136,E3_DELETE,3,0,3
1136,E3_REVERSE,3,0,3
1136,E4_DELETE,3,0,3
1136,E4_REVERSE,3,0,3
1136,E5_DELETE,3,0,3
1136,E6_DELETE,3,0,3
1136,E6_REVERSE,3,0,3
1136,E7_DELETE,3,0,3
1136,E7_REVERSE,3,0,3
1136,E8_DELETE,3,0,3
1136,E8_REVERSE,3,0,3
1136,E9_DELETE,3,0,3
1136,E9_REVERSE,3,0,3
1136,F_SURFACE_FORMAT_CONTROL,3,0,3
1136,G_RANDOM_CONTROL,3,0,3
1136,I_ISOMORPHIC_RELABEL,3,0,3
1136,L_FORWARD_CONTROL,3,0,3
1136,M0_SWITCH_NEUTRALIZED,3,0,3
1136,M_SWITCH_REASSIGNED,3,0,3
1136,O_ORDER_SHUFFLED,3,0,3
1136,P_ANCHOR_REASSIGNED,3,0,3
1136,R_DEGREE_MATCHED_REWIRE,3,0,3
1136,T_TERMINAL_CHANGED,3,0,3
1136,X_COMPLEXITY_MATCHED,3,0,3
1136,Y_TOPOLOGY_MATCHED,3,0,3
1137,A_AUTHENTIC,3,0,3
1137,D_ALL_DIRECTION_REVERSED,3,0,3
1137,E0_DELETE,3,0,3
1137,E0_REVERSE,3,0,3
1137,E1_DELETE,3,0,3
1137,E1_REVERSE,3,0,3
1137,E2_DELETE,3,0,3
1137,E2_REVERSE,3,0,3
1137,E3_DELETE,3,0,3
1137,E3_REVERSE,3,0,3
1137,E4_DELETE,3,0,3
1137,E4_REVERSE,3,0,3
1137,E5_DELETE,3,0,3
1137,E5_REVERSE,3,0,3
1137,E6_DELETE,3,0,3
1137,E6_REVERSE,3,0,3
1137,E7_DELETE,3,0,3
1137,E7_REVERSE,3,0,3
1137,E8_DELETE,3,0,3
1137,E8_REVERSE,3,0,3
1137,E9_DELETE,3,0,3
1137,E9_REVERSE,3,0,3
1137,F_SURFACE_FORMAT_CONTROL,3,0,3
1137,G_RANDOM_CONTROL,3,0,3
1137,I_ISOMORPHIC_RELABEL,3,0,3
1137,L_FORWARD_CONTROL,3,0,3
1137,M0_SWITCH_NEUTRALIZED,3,0,3
1137,M_SWITCH_REASSIGNED,3,0,3
1137,O_ORDER_SHUFFLED,3,0,3
1137,P_ANCHOR_REASSIGNED,3,0,3
1137,R_DEGREE_MATCHED_REWIRE,3,0,3
1137,T_TERMINAL_CHANGED,3,0,3
1137,X_COMPLEXITY_MATCHED,3,0,3
1137,Y_TOPOLOGY_MATCHED,3,0,3
1138,A_AUTHENTIC,3,0,3
1138,D_ALL_DIRECTION_REVERSED,3,0,3
1138,E0_DELETE,3,0,3
1138,E0_REVERSE,3,0,3
1138,E1_DELETE,3,0,3
1138,E1_REVERSE,3,0,3
1138,E2_DELETE,3,0,3
1138,E2_REVERSE,3,0,3
1138,E3_DELETE,3,0,3
1138,E3_REVERSE,3,0,3
1138,E4_DELETE,3,0,3
1138,E4_REVERSE,3,0,3
1138,E5_DELETE,3,0,3
1138,E5_REVERSE,3,0,3
1138,E6_DELETE,3,0,3
1138,E6_REVERSE,3,0,3
1138,E7_DELETE,3,0,3
1138,E7_REVERSE,3,0,3
1138,E8_DELETE,3,0,3
1138,E8_REVERSE,3,0,3
1138,E9_DELETE,3,0,3
1138,E9_REVERSE,3,0,3
1138,F_SURFACE_FORMAT_CONTROL,3,0,3
1138,G_RANDOM_CONTROL,3,0,3
1138,I_ISOMORPHIC_RELABEL,3,0,3
1138,L_FORWARD_CONTROL,3,0,3
1138,M0_SWITCH_NEUTRALIZED,3,0,3
1138,M_SWITCH_REASSIGNED,3,0,3
1138,O_ORDER_SHUFFLED,3,0,3
1138,P_ANCHOR_REASSIGNED,3,0,3
1138,R_DEGREE_MATCHED_REWIRE,3,0,3
1138,T_TERMINAL_CHANGED,3,0,3
1138,X_COMPLEXITY_MATCHED,3,0,3
1138,Y_TOPOLOGY_MATCHED,3,0,3
1139,A_AUTHENTIC,3,0,3
1139,D_ALL_DIRECTION_REVERSED,3,0,3
1139,E0_DELETE,3,0,3
1139,E0_REVERSE,3,0,3
1139,E1_DELETE,3,0,3
1139,E1_REVERSE,3,0,3
1139,E2_DELETE,3,0,3
1139,E2_REVERSE,3,0,3
1139,E3_DELETE,3,0,3
1139,E3_REVERSE,3,0,3
1139,E4_DELETE,3,0,3
1139,E4_REVERSE,3,0,3
1139,E5_DELETE,3,0,3
1139,E5_REVERSE,3,0,3
1139,E6_DELETE,3,0,3
1139,E6_REVERSE,3,0,3
1139,E7_DELETE,3,0,3
1139,E7_REVERSE,3,0,3
1139,E8_DELETE,3,0,3
1139,E8_REVERSE,3,0,3
1139,E9_DELETE,3,0,3
1139,E9_REVERSE,3,0,3
1139,F_SURFACE_FORMAT_CONTROL,3,0,3
1139,G_RANDOM_CONTROL,3,0,3
1139,I_ISOMORPHIC_RELABEL,3,0,3
1139,L_FORWARD_CONTROL,3,0,3
1139,M0_SWITCH_NEUTRALIZED,3,0,3
1139,M_SWITCH_REASSIGNED,3,0,3
1139,O_ORDER_SHUFFLED,3,0,3
1139,P_ANCHOR_REASSIGNED,3,0,3
1139,R_DEGREE_MATCHED_REWIRE,3,0,3
1139,T_TERMINAL_CHANGED,3,0,3
1139,X_COMPLEXITY_MATCHED,3,0,3
1139,Y_TOPOLOGY_MATCHED,3,0,3
1140,A_AUTHENTIC,3,0,3
1140,D_ALL_DIRECTION_REVERSED,3,0,3
1140,E0_DELETE,3,0,3
1140,E0_REVERSE,3,0,3
1140,E1_DELETE,3,0,3
1140,E1_REVERSE,3,0,3
1140,E2_DELETE,3,0,3
1140,E2_REVERSE,3,0,3
1140,E3_DELETE,3,0,3
1140,E3_REVERSE,3,0,3
1140,E4_DELETE,3,0,3
1140,E4_REVERSE,3,0,3
1140,E5_DELETE,3,0,3
1140,E5_REVERSE,3,0,3
1140,E6_DELETE,3,0,3
1140,E6_REVERSE,3,0,3
1140,E7_DELETE,3,0,3
1140,E7_REVERSE,3,0,3
1140,E8_DELETE,3,0,3
1140,E8_REVERSE,3,0,3
1140,E9_DELETE,3,0,3
1140,E9_REVERSE,3,0,3
1140,F_SURFACE_FORMAT_CONTROL,3,0,3
1140,G_RANDOM_CONTROL,3,0,3
1140,I_ISOMORPHIC_RELABEL,3,0,3
1140,L_FORWARD_CONTROL,3,0,3
1140,M0_SWITCH_NEUTRALIZED,3,0,3
1140,M_SWITCH_REASSIGNED,3,0,3
1140,O_ORDER_SHUFFLED,3,0,3
1140,P_ANCHOR_REASSIGNED,3,0,3
1140,R_DEGREE_MATCHED_REWIRE,3,0,3
1140,T_TERMINAL_CHANGED,3,0,3
1140,X_COMPLEXITY_MATCHED,3,0,3
1140,Y_TOPOLOGY_MATCHED,3,0,3
1141,A_AUTHENTIC,3,0,3
1141,D_ALL_DIRECTION_REVERSED,3,0,3
1141,E0_DELETE,3,0,3
1141,E0_REVERSE,3,0,3
1141,E1_DELETE,3,0,3
1141,E1_REVERSE,3,0,3
1141,E2_DELETE,3,0,3
1141,E2_REVERSE,3,0,3
1141,E3_DELETE,3,0,3
1141,E3_REVERSE,3,0,3
1141,E4_DELETE,3,0,3
1141,E4_REVERSE,3,0,3
1141,E5_DELETE,3,0,3
1141,E5_REVERSE,3,0,3
1141,E6_DELETE,3,0,3
1141,E6_REVERSE,3,0,3
1141,E7_DELETE,3,0,3
1141,E7_REVERSE,3,0,3
1141,E8_DELETE,3,0,3
1141,E8_REVERSE,3,0,3
1141,E9_DELETE,3,0,3
1141,E9_REVERSE,3,0,3
1141,F_SURFACE_FORMAT_CONTROL,3,0,3
1141,G_RANDOM_CONTROL,3,0,3
1141,I_ISOMORPHIC_RELABEL,3,0,3
1141,L_FORWARD_CONTROL,3,0,3
1141,M0_SWITCH_NEUTRALIZED,3,0,3
1141,M_SWITCH_REASSIGNED,3,0,3
1141,O_ORDER_SHUFFLED,3,0,3
1141,P_ANCHOR_REASSIGNED,3,0,3
1141,R_DEGREE_MATCHED_REWIRE,3,0,3
1141,T_TERMINAL_CHANGED,3,0,3
1141,X_COMPLEXITY_MATCHED,3,0,3
1141,Y_TOPOLOGY_MATCHED,3,0,3
1142,A_AUTHENTIC,3,0,3
1142,D_ALL_DIRECTION_REVERSED,3,0,3
1142,E0_DELETE,3,0,3
1142,E0_REVERSE,3,0,3
1142,E1_DELETE,3,0,3
1142,E1_REVERSE,3,0,3
1142,E2_DELETE,3,0,3
1142,E3_DELETE,3,0,3
1142,E3_REVERSE,3,0,3
1142,E4_DELETE,3,0,3
1142,E4_REVERSE,3,0,3
1142,E5_DELETE,3,0,3
1142,E5_REVERSE,3,0,3
1142,E6_DELETE,3,0,3
1142,E6_REVERSE,3,0,3
1142,E7_DELETE,3,0,3
1142,E7_REVERSE,3,0,3
1142,E8_DELETE,3,0,3
1142,E8_REVERSE,3,0,3
1142,E9_DELETE,3,0,3
1142,E9_REVERSE,3,0,3
1142,F_SURFACE_FORMAT_CONTROL,3,0,3
1142,G_RANDOM_CONTROL,3,0,3
1142,I_ISOMORPHIC_RELABEL,3,0,3
1142,L_FORWARD_CONTROL,3,0,3
1142,M0_SWITCH_NEUTRALIZED,3,0,3
1142,M_SWITCH_REASSIGNED,3,0,3
1142,O_ORDER_SHUFFLED,3,0,3
1142,P_ANCHOR_REASSIGNED,3,0,3
1142,R_DEGREE_MATCHED_REWIRE,3,0,3
1142,T_TERMINAL_CHANGED,3,0,3
1142,X_COMPLEXITY_MATCHED,3,0,3
1142,Y_TOPOLOGY_MATCHED,3,0,3
1143,A_AUTHENTIC,3,0,3
1143,D_ALL_DIRECTION_REVERSED,3,0,3
1143,E0_DELETE,3,0,3
1143,E0_REVERSE,3,0,3
1143,E1_DELETE,3,0,3
1143,E1_REVERSE,3,0,3
1143,E2_DELETE,3,0,3
1143,E2_REVERSE,3,0,3
1143,E3_DELETE,3,0,3
1143,E3_REVERSE,3,0,3
1143,E4_DELETE,3,0,3
1143,E4_REVERSE,3,0,3
1143,E5_DELETE,3,0,3
1143,E5_REVERSE,3,0,3
1143,E6_DELETE,3,0,3
1143,E6_REVERSE,3,0,3
1143,E7_REVERSE,3,0,3
1143,E8_DELETE,3,0,3
1143,E8_REVERSE,3,0,3
1143,E9_DELETE,3,0,3
1143,E9_REVERSE,3,0,3
1143,F_SURFACE_FORMAT_CONTROL,3,0,3
1143,G_RANDOM_CONTROL,3,0,3
1143,I_ISOMORPHIC_RELABEL,3,0,3
1143,L_FORWARD_CONTROL,3,0,3
1143,M0_SWITCH_NEUTRALIZED,3,0,3
1143,M_SWITCH_REASSIGNED,3,0,3
1143,O_ORDER_SHUFFLED,3,0,3
1143,P_ANCHOR_REASSIGNED,3,0,3
1143,R_DEGREE_MATCHED_REWIRE,3,0,3
1143,T_TERMINAL_CHANGED,3,0,3
1143,X_COMPLEXITY_MATCHED,3,0,3
1143,Y_TOPOLOGY_MATCHED,3,0,3
1144,A_AUTHENTIC,3,0,3
1144,D_ALL_DIRECTION_REVERSED,3,0,3
1144,E0_DELETE,3,0,3
1144,E0_REVERSE,3,0,3
1144,E1_DELETE,3,0,3
1144,E1_REVERSE,3,0,3
1144,E2_DELETE,3,0,3
1144,E2_REVERSE,3,0,3
1144,E3_DELETE,3,0,3
1144,E3_REVERSE,3,0,3
1144,E4_DELETE,3,0,3
1144,E4_REVERSE,3,0,3
1144,E5_DELETE,3,0,3
1144,E5_REVERSE,3,0,3
1144,E6_DELETE,3,0,3
1144,E6_REVERSE,3,0,3
1144,E7_DELETE,3,0,3
1144,E7_REVERSE,3,0,3
1144,E8_DELETE,3,0,3
1144,E8_REVERSE,3,0,3
1144,E9_DELETE,3,0,3
1144,E9_REVERSE,3,0,3
1144,F_SURFACE_FORMAT_CONTROL,3,0,3
1144,G_RANDOM_CONTROL,3,0,3
1144,I_ISOMORPHIC_RELABEL,3,0,3
1144,L_FORWARD_CONTROL,3,0,3
1144,M0_SWITCH_NEUTRALIZED,3,0,3
1144,M_SWITCH_REASSIGNED,3,0,3
1144,O_ORDER_SHUFFLED,3,0,3
1144,P_ANCHOR_REASSIGNED,3,0,3
1144,R_DEGREE_MATCHED_REWIRE,3,0,3
1144,T_TERMINAL_CHANGED,3,0,3
1144,X_COMPLEXITY_MATCHED,3,0,3
1144,Y_TOPOLOGY_MATCHED,3,0,3
1145,A_AUTHENTIC,3,0,3
1145,D_ALL_DIRECTION_REVERSED,3,0,3
1145,E0_DELETE,3,0,3
1145,E0_REVERSE,3,0,3
1145,E1_DELETE,3,0,3
1145,E1_REVERSE,3,0,3
1145,E2_DELETE,3,0,3
1145,E2_REVERSE,3,0,3
1145,E3_DELETE,3,0,3
1145,E3_REVERSE,3,0,3
1145,E4_DELETE,3,0,3
1145,E4_REVERSE,3,0,3
1145,E5_DELETE,3,0,3
1145,E5_REVERSE,3,0,3
1145,E6_DELETE,3,0,3
1145,E6_REVERSE,3,0,3
1145,E7_DELETE,3,0,3
1145,E7_REVERSE,3,0,3
1145,E8_DELETE,3,0,3
1145,E8_REVERSE,3,0,3
1145,E9_DELETE,3,0,3
1145,E9_REVERSE,3,0,3
1145,F_SURFACE_FORMAT_CONTROL,3,0,3
1145,G_RANDOM_CONTROL,3,0,3
1145,I_ISOMORPHIC_RELABEL,3,0,3
1145,L_FORWARD_CONTROL,3,0,3
1145,M0_SWITCH_NEUTRALIZED,3,0,3
1145,M_SWITCH_REASSIGNED,3,0,3
1145,O_ORDER_SHUFFLED,3,0,3
1145,P_ANCHOR_REASSIGNED,3,0,3
1145,R_DEGREE_MATCHED_REWIRE,3,0,3
1145,T_TERMINAL_CHANGED,3,0,3
1145,X_COMPLEXITY_MATCHED,3,0,3
1145,Y_TOPOLOGY_MATCHED,3,0,3
1146,A_AUTHENTIC,3,0,3
1146,D_ALL_DIRECTION_REVERSED,3,0,3
1146,E0_DELETE,3,0,3
1146,E0_REVERSE,3,0,3
1146,E1_DELETE,3,0,3
1146,E1_REVERSE,3,0,3
1146,E2_DELETE,3,0,3
1146,E2_REVERSE,3,0,3
1146,E3_DELETE,3,0,3
1146,E3_REVERSE,3,0,3
1146,E4_DELETE,3,0,3
1146,E4_REVERSE,3,0,3
1146,E5_DELETE,3,0,3
1146,E5_REVERSE,3,0,3
1146,E6_DELETE,3,0,3
1146,E6_REVERSE,3,0,3
1146,E7_DELETE,3,0,3
1146,E7_REVERSE,3,0,3
1146,E8_DELETE,3,0,3
1146,E8_REVERSE,3,0,3
1146,E9_DELETE,3,0,3
1146,E9_REVERSE,3,0,3
1146,F_SURFACE_FORMAT_CONTROL,3,0,3
1146,G_RANDOM_CONTROL,3,0,3
1146,I_ISOMORPHIC_RELABEL,3,0,3
1146,L_FORWARD_CONTROL,3,0,3
1146,M0_SWITCH_NEUTRALIZED,3,0,3
1146,M_SWITCH_REASSIGNED,3,0,3
1146,O_ORDER_SHUFFLED,3,0,3
1146,P_ANCHOR_REASSIGNED,3,0,3
1146,R_DEGREE_MATCHED_REWIRE,3,0,3
1146,T_TERMINAL_CHANGED,3,0,3
1146,X_COMPLEXITY_MATCHED,3,0,3
1146,Y_TOPOLOGY_MATCHED,3,0,3
1147,A_AUTHENTIC,3,0,3
1147,D_ALL_DIRECTION_REVERSED,3,0,3
1147,E0_DELETE,3,0,3
1147,E0_REVERSE,3,0,3
1147,E1_DELETE,3,0,3
1147,E1_REVERSE,3,0,3
1147,E2_DELETE,3,0,3
1147,E2_REVERSE,3,0,3
1147,E3_DELETE,3,0,3
1147,E3_REVERSE,3,0,3
1147,E4_DELETE,3,0,3
1147,E4_REVERSE,3,0,3
1147,E5_DELETE,3,0,3
1147,E5_REVERSE,3,0,3
1147,E6_DELETE,3,0,3
1147,E6_REVERSE,3,0,3
1147,E7_DELETE,3,0,3
1147,E7_REVERSE,3,0,3
1147,E8_DELETE,3,0,3
1147,E8_REVERSE,3,0,3
1147,E9_DELETE,3,0,3
1147,E9_REVERSE,3,0,3
1147,F_SURFACE_FORMAT_CONTROL,3,0,3
1147,G_RANDOM_CONTROL,3,0,3
1147,I_ISOMORPHIC_RELABEL,3,0,3
1147,L_FORWARD_CONTROL,3,0,3
1147,M0_SWITCH_NEUTRALIZED,3,0,3
1147,M_SWITCH_REASSIGNED,3,0,3
1147,O_ORDER_SHUFFLED,3,0,3
1147,P_ANCHOR_REASSIGNED,3,0,3
1147,R_DEGREE_MATCHED_REWIRE,3,0,3
1147,T_TERMINAL_CHANGED,3,0,3
1147,X_COMPLEXITY_MATCHED,3,0,3
1147,Y_TOPOLOGY_MATCHED,3,0,3
1148,A_AUTHENTIC,3,0,3
1148,D_ALL_DIRECTION_REVERSED,3,0,3
1148,E0_DELETE,3,0,3
1148,E0_REVERSE,3,0,3
1148,E1_DELETE,3,0,3
1148,E1_REVERSE,3,0,3
1148,E2_DELETE,3,0,3
1148,E2_REVERSE,3,0,3
1148,E3_DELETE,3,0,3
1148,E3_REVERSE,3,0,3
1148,E4_DELETE,3,0,3
1148,E4_REVERSE,3,0,3
1148,E5_DELETE,3,0,3
1148,E5_REVERSE,3,0,3
1148,E6_DELETE,3,0,3
1148,E6_REVERSE,3,0,3
1148,E7_DELETE,3,0,3
1148,E7_REVERSE,3,0,3
1148,E8_DELETE,3,0,3
1148,E8_REVERSE,3,0,3
1148,E9_DELETE,3,0,3
1148,E9_REVERSE,3,0,3
1148,F_SURFACE_FORMAT_CONTROL,3,0,3
1148,G_RANDOM_CONTROL,3,0,3
1148,I_ISOMORPHIC_RELABEL,3,0,3
1148,L_FORWARD_CONTROL,3,0,3
1148,M_SWITCH_REASSIGNED,3,0,3
1148,O_ORDER_SHUFFLED,3,0,3
1148,P_ANCHOR_REASSIGNED,3,0,3
1148,R_DEGREE_MATCHED_REWIRE,3,0,3
1148,T_TERMINAL_CHANGED,3,0,3
1148,X_COMPLEXITY_MATCHED,3,0,3
1148,Y_TOPOLOGY_MATCHED,3,0,3
1149,A_AUTHENTIC,3,0,3
1149,D_ALL_DIRECTION_REVERSED,3,0,3
1149,E0_DELETE,3,0,3
1149,E0_REVERSE,3,0,3
1149,E1_DELETE,3,0,3
1149,E1_REVERSE,3,0,3
1149,E2_DELETE,3,0,3
1149,E2_REVERSE,3,0,3
1149,E3_DELETE,3,0,3
1149,E3_REVERSE,3,0,3
1149,E4_DELETE,3,0,3
1149,E4_REVERSE,3,0,3
1149,E5_DELETE,3,0,3
1149,E5_REVERSE,3,0,3
1149,E6_DELETE,3,0,3
1149,E6_REVERSE,3,0,3
1149,E7_DELETE,3,0,3
1149,E7_REVERSE,3,0,3
1149,E8_DELETE,3,0,3
1149,E8_REVERSE,3,0,3
1149,E9_DELETE,3,0,3
1149,E9_REVERSE,3,0,3
1149,F_SURFACE_FORMAT_CONTROL,3,0,3
1149,G_RANDOM_CONTROL,3,0,3
1149,I_ISOMORPHIC_RELABEL,3,0,3
1149,L_FORWARD_CONTROL,3,0,3
1149,M0_SWITCH_NEUTRALIZED,3,0,3
1149,M_SWITCH_REASSIGNED,3,0,3
1149,O_ORDER_SHUFFLED,3,0,3
1149,P_ANCHOR_REASSIGNED,3,0,3
1149,R_DEGREE_MATCHED_REWIRE,3,0,3
1149,T_TERMINAL_CHANGED,3,0,3
1149,X_COMPLEXITY_MATCHED,3,0,3
1149,Y_TOPOLOGY_MATCHED,3,0,3
1150,A_AUTHENTIC,3,0,3
1150,D_ALL_DIRECTION_REVERSED,3,0,3
1150,E0_DELETE,3,0,3
1150,E0_REVERSE,3,0,3
1150,E1_DELETE,3,0,3
1150,E1_REVERSE,3,0,3
1150,E2_DELETE,3,0,3
1150,E2_REVERSE,3,0,3
1150,E3_DELETE,3,0,3
1150,E3_REVERSE,3,0,3
1150,E4_DELETE,3,0,3
1150,E4_REVERSE,3,0,3
1150,E5_DELETE,3,0,3
1150,E5_REVERSE,3,0,3
1150,E6_DELETE,3,0,3
1150,E6_REVERSE,3,0,3
1150,E7_DELETE,3,0,3
1150,E7_REVERSE,3,0,3
1150,E8_DELETE,3,0,3
1150,E8_REVERSE,3,0,3
1150,E9_DELETE,3,0,3
1150,E9_REVERSE,3,0,3
1150,F_SURFACE_FORMAT_CONTROL,3,0,3
1150,G_RANDOM_CONTROL,3,0,3
1150,I_ISOMORPHIC_RELABEL,3,0,3
1150,L_FORWARD_CONTROL,3,0,3
1150,M0_SWITCH_NEUTRALIZED,3,0,3
1150,M_SWITCH_REASSIGNED,3,0,3
1150,O_ORDER_SHUFFLED,3,0,3
1150,P_ANCHOR_REASSIGNED,3,0,3
1150,R_DEGREE_MATCHED_REWIRE,3,0,3
1150,T_TERMINAL_CHANGED,3,0,3
1150,X_COMPLEXITY_MATCHED,3,0,3
1150,Y_TOPOLOGY_MATCHED,3,0,3
1151,A_AUTHENTIC,3,0,3
1151,D_ALL_DIRECTION_REVERSED,3,0,3
1151,E0_DELETE,3,0,3
1151,E0_REVERSE,3,0,3
1151,E1_DELETE,3,0,3
1151,E1_REVERSE,3,0,3
1151,E2_DELETE,3,0,3
1151,E2_REVERSE,3,0,3
1151,E3_DELETE,3,0,3
1151,E3_REVERSE,3,0,3
1151,E4_DELETE,3,0,3
1151,E4_REVERSE,3,0,3
1151,E5_DELETE,3,0,3
1151,E5_REVERSE,3,0,3
1151,E6_DELETE,3,0,3
1151,E6_REVERSE,3,0,3
1151,E7_DELETE,3,0,3
1151,E7_REVERSE,3,0,3
1151,E8_DELETE,3,0,3
1151,E8_REVERSE,3,0,3
1151,E9_DELETE,3,0,3
1151,E9_REVERSE,3,0,3
1151,F_SURFACE_FORMAT_CONTROL,3,0,3
1151,G_RANDOM_CONTROL,3,0,3
1151,I_ISOMORPHIC_RELABEL,3,0,3
1151,L_FORWARD_CONTROL,3,0,3
1151,M0_SWITCH_NEUTRALIZED,3,0,3
1151,M_SWITCH_REASSIGNED,3,0,3
1151,O_ORDER_SHUFFLED,3,0,3
1151,P_ANCHOR_REASSIGNED,3,0,3
1151,R_DEGREE_MATCHED_REWIRE,3,0,3
1151,T_TERMINAL_CHANGED,3,0,3
1151,X_COMPLEXITY_MATCHED,3,0,3
1151,Y_TOPOLOGY_MATCHED,3,0,3
1152,A_AUTHENTIC,3,0,3
1152,D_ALL_DIRECTION_REVERSED,3,0,3
1152,E0_DELETE,3,0,3
1152,E0_REVERSE,3,0,3
1152,E1_DELETE,3,0,3
1152,E1_REVERSE,3,0,3
1152,E2_DELETE,3,0,3
1152,E2_REVERSE,3,0,3
1152,E3_DELETE,3,0,3
1152,E3_REVERSE,3,0,3
1152,E4_DELETE,3,0,3
1152,E4_REVERSE,3,0,3
1152,E5_DELETE,3,0,3
1152,E5_REVERSE,3,0,3
1152,E6_DELETE,3,0,3
1152,E6_REVERSE,3,0,3
1152,E7_DELETE,3,0,3
1152,E7_REVERSE,3,0,3
1152,E8_DELETE,3,0,3
1152,E8_REVERSE,3,0,3
1152,E9_DELETE,3,0,3
1152,E9_REVERSE,3,0,3
1152,F_SURFACE_FORMAT_CONTROL,3,0,3
1152,G_RANDOM_CONTROL,3,0,3
1152,I_ISOMORPHIC_RELABEL,3,0,3
1152,L_FORWARD_CONTROL,3,0,3
1152,M0_SWITCH_NEUTRALIZED,3,0,3
1152,M_SWITCH_REASSIGNED,3,0,3
1152,O_ORDER_SHUFFLED,3,0,3
1152,P_ANCHOR_REASSIGNED,3,0,3
1152,R_DEGREE_MATCHED_REWIRE,3,0,3
1152,T_TERMINAL_CHANGED,3,0,3
1152,X_COMPLEXITY_MATCHED,3,0,3
1152,Y_TOPOLOGY_MATCHED,3,0,3
1153,A_AUTHENTIC,3,0,3
1153,D_ALL_DIRECTION_REVERSED,3,0,3
1153,E0_DELETE,3,0,3
1153,E0_REVERSE,3,0,3
1153,E1_DELETE,3,0,3
1153,E1_REVERSE,3,0,3
1153,E2_DELETE,3,0,3
1153,E2_REVERSE,3,0,3
1153,E3_DELETE,3,0,3
1153,E3_REVERSE,3,0,3
1153,E4_DELETE,3,0,3
1153,E4_REVERSE,3,0,3
1153,E5_DELETE,3,0,3
1153,E5_REVERSE,3,0,3
1153,E6_DELETE,3,0,3
1153,E6_REVERSE,3,0,3
1153,E7_DELETE,3,0,3
1153,E7_REVERSE,3,0,3
1153,E8_DELETE,3,0,3
1153,E8_REVERSE,3,0,3
1153,E9_DELETE,3,0,3
1153,F_SURFACE_FORMAT_CONTROL,3,0,3
1153,G_RANDOM_CONTROL,3,0,3
1153,I_ISOMORPHIC_RELABEL,3,0,3
1153,L_FORWARD_CONTROL,3,0,3
1153,M0_SWITCH_NEUTRALIZED,3,0,3
1153,M_SWITCH_REASSIGNED,3,0,3
1153,O_ORDER_SHUFFLED,3,0,3
1153,P_ANCHOR_REASSIGNED,3,0,3
1153,R_DEGREE_MATCHED_REWIRE,3,0,3
1153,T_TERMINAL_CHANGED,3,0,3
1153,X_COMPLEXITY_MATCHED,3,0,3
1153,Y_TOPOLOGY_MATCHED,3,0,3
1154,A_AUTHENTIC,3,0,3
1154,D_ALL_DIRECTION_REVERSED,3,0,3
1154,E0_DELETE,3,0,3
1154,E0_REVERSE,3,0,3
1154,E1_DELETE,3,0,3
1154,E1_REVERSE,3,0,3
1154,E2_DELETE,3,0,3
1154,E2_REVERSE,3,0,3
1154,E3_DELETE,3,0,3
1154,E3_REVERSE,3,0,3
1154,E4_DELETE,3,0,3
1154,E4_REVERSE,3,0,3
1154,E5_DELETE,3,0,3
1154,E5_REVERSE,3,0,3
1154,E6_DELETE,3,0,3
1154,E6_REVERSE,3,0,3
1154,E7_DELETE,3,0,3
1154,E7_REVERSE,3,0,3
1154,E8_DELETE,3,0,3
1154,E8_REVERSE,3,0,3
1154,E9_DELETE,3,0,3
1154,E9_REVERSE,3,0,3
1154,F_SURFACE_FORMAT_CONTROL,3,0,3
1154,G_RANDOM_CONTROL,3,0,3
1154,I_ISOMORPHIC_RELABEL,3,0,3
1154,L_FORWARD_CONTROL,3,0,3
1154,M0_SWITCH_NEUTRALIZED,3,0,3
1154,M_SWITCH_REASSIGNED,3,0,3
1154,O_ORDER_SHUFFLED,3,0,3
1154,P_ANCHOR_REASSIGNED,3,0,3
1154,R_DEGREE_MATCHED_REWIRE,3,0,3
1154,T_TERMINAL_CHANGED,3,0,3
1154,X_COMPLEXITY_MATCHED,3,0,3
1154,Y_TOPOLOGY_MATCHED,3,0,3
1155,A_AUTHENTIC,3,0,3
1155,D_ALL_DIRECTION_REVERSED,3,0,3
1155,E0_DELETE,3,0,3
1155,E0_REVERSE,3,0,3
1155,E1_DELETE,3,0,3
1155,E1_REVERSE,3,0,3
1155,E2_DELETE,3,0,3
1155,E2_REVERSE,3,0,3
1155,E3_DELETE,3,0,3
1155,E3_REVERSE,3,0,3
1155,E4_DELETE,3,0,3
1155,E4_REVERSE,3,0,3
1155,E5_DELETE,3,0,3
1155,E5_REVERSE,3,0,3
1155,E6_DELETE,3,0,3
1155,E6_REVERSE,3,0,3
1155,E7_DELETE,3,0,3
1155,E7_REVERSE,3,0,3
1155,E8_DELETE,3,0,3
1155,E8_REVERSE,3,0,3
1155,E9_DELETE,3,0,3
1155,E9_REVERSE,3,0,3
1155,F_SURFACE_FORMAT_CONTROL,3,0,3
1155,G_RANDOM_CONTROL,3,0,3
1155,I_ISOMORPHIC_RELABEL,3,0,3
1155,L_FORWARD_CONTROL,3,0,3
1155,M0_SWITCH_NEUTRALIZED,3,0,3
1155,M_SWITCH_REASSIGNED,3,0,3
1155,O_ORDER_SHUFFLED,3,0,3
1155,P_ANCHOR_REASSIGNED,3,0,3
1155,R_DEGREE_MATCHED_REWIRE,3,0,3
1155,T_TERMINAL_CHANGED,3,0,3
1155,X_COMPLEXITY_MATCHED,3,0,3
1155,Y_TOPOLOGY_MATCHED,3,0,3
1156,A_AUTHENTIC,3,0,3
1156,D_ALL_DIRECTION_REVERSED,3,0,3
1156,E0_DELETE,3,0,3
1156,E0_REVERSE,3,0,3
1156,E1_DELETE,3,0,3
1156,E1_REVERSE,3,0,3
1156,E2_DELETE,3,0,3
1156,E2_REVERSE,3,0,3
1156,E3_DELETE,3,0,3
1156,E3_REVERSE,3,0,3
1156,E4_DELETE,3,0,3
1156,E4_REVERSE,3,0,3
1156,E5_DELETE,3,0,3
1156,E5_REVERSE,3,0,3
1156,E6_DELETE,3,0,3
1156,E6_REVERSE,3,0,3
1156,E7_DELETE,3,0,3
1156,E7_REVERSE,3,0,3
1156,E8_DELETE,3,0,3
1156,E8_REVERSE,3,0,3
1156,E9_DELETE,3,0,3
1156,E9_REVERSE,3,0,3
1156,F_SURFACE_FORMAT_CONTROL,3,0,3
1156,G_RANDOM_CONTROL,3,0,3
1156,I_ISOMORPHIC_RELABEL,3,0,3
1156,L_FORWARD_CONTROL,3,0,3
1156,M0_SWITCH_NEUTRALIZED,3,0,3
1156,M_SWITCH_REASSIGNED,3,0,3
1156,O_ORDER_SHUFFLED,3,0,3
1156,P_ANCHOR_REASSIGNED,3,0,3
1156,R_DEGREE_MATCHED_REWIRE,3,0,3
1156,T_TERMINAL_CHANGED,3,0,3
1156,X_COMPLEXITY_MATCHED,3,0,3
1156,Y_TOPOLOGY_MATCHED,3,0,3
1157,A_AUTHENTIC,3,0,3
1157,D_ALL_DIRECTION_REVERSED,3,0,3
1157,E0_DELETE,3,0,3
1157,E0_REVERSE,3,0,3
1157,E1_DELETE,3,0,3
1157,E1_REVERSE,3,0,3
1157,E2_DELETE,3,0,3
1157,E2_REVERSE,3,0,3
1157,E3_DELETE,3,0,3
1157,E3_REVERSE,3,0,3
1157,E4_DELETE,3,0,3
1157,E4_REVERSE,3,0,3
1157,E5_DELETE,3,0,3
1157,E5_REVERSE,3,0,3
1157,E6_DELETE,3,0,3
1157,E6_REVERSE,3,0,3
1157,E7_DELETE,3,0,3
1157,E7_REVERSE,3,0,3
1157,E8_DELETE,3,0,3
1157,E8_REVERSE,3,0,3
1157,E9_DELETE,3,0,3
1157,E9_REVERSE,3,0,3
1157,F_SURFACE_FORMAT_CONTROL,3,0,3
1157,G_RANDOM_CONTROL,3,0,3
1157,I_ISOMORPHIC_RELABEL,3,0,3
1157,L_FORWARD_CONTROL,3,0,3
1157,M0_SWITCH_NEUTRALIZED,3,0,3
1157,M_SWITCH_REASSIGNED,3,0,3
1157,O_ORDER_SHUFFLED,3,0,3
1157,P_ANCHOR_REASSIGNED,3,0,3
1157,R_DEGREE_MATCHED_REWIRE,3,0,3
1157,T_TERMINAL_CHANGED,3,0,3
1157,X_COMPLEXITY_MATCHED,3,0,3
1157,Y_TOPOLOGY_MATCHED,3,0,3
1158,A_AUTHENTIC,3,0,3
1158,D_ALL_DIRECTION_REVERSED,3,0,3
1158,E0_DELETE,3,0,3
1158,E0_REVERSE,3,0,3
1158,E1_DELETE,3,0,3
1158,E1_REVERSE,3,0,3
1158,E2_DELETE,3,0,3
1158,E2_REVERSE,3,0,3
1158,E3_DELETE,3,0,3
1158,E3_REVERSE,3,0,3
1158,E4_DELETE,3,0,3
1158,E4_REVERSE,3,0,3
1158,E5_DELETE,3,0,3
1158,E5_REVERSE,3,0,3
1158,E6_DELETE,3,0,3
1158,E6_REVERSE,3,0,3
1158,E7_DELETE,3,0,3
1158,E7_REVERSE,3,0,3
1158,E8_DELETE,3,0,3
1158,E8_REVERSE,3,0,3
1158,E9_DELETE,3,0,3
1158,E9_REVERSE,3,0,3
1158,F_SURFACE_FORMAT_CONTROL,3,0,3
1158,G_RANDOM_CONTROL,3,0,3
1158,I_ISOMORPHIC_RELABEL,3,0,3
1158,L_FORWARD_CONTROL,3,0,3
1158,M0_SWITCH_NEUTRALIZED,3,0,3
1158,M_SWITCH_REASSIGNED,3,0,3
1158,O_ORDER_SHUFFLED,3,0,3
1158,P_ANCHOR_REASSIGNED,3,0,3
1158,R_DEGREE_MATCHED_REWIRE,3,0,3
1158,T_TERMINAL_CHANGED,3,0,3
1158,X_COMPLEXITY_MATCHED,3,0,3
1158,Y_TOPOLOGY_MATCHED,3,0,3
1159,A_AUTHENTIC,3,0,3
1159,D_ALL_DIRECTION_REVERSED,3,0,3
1159,E0_DELETE,3,0,3
1159,E0_REVERSE,3,0,3
1159,E1_DELETE,3,0,3
1159,E1_REVERSE,3,0,3
1159,E2_DELETE,3,0,3
1159,E2_REVERSE,3,0,3
1159,E3_DELETE,3,0,3
1159,E3_REVERSE,3,0,3
1159,E4_DELETE,3,0,3
1159,E4_REVERSE,3,0,3
1159,E5_DELETE,3,0,3
1159,E5_REVERSE,3,0,3
1159,E6_DELETE,3,0,3
1159,E6_REVERSE,3,0,3
1159,E7_DELETE,3,0,3
1159,E7_REVERSE,3,0,3
1159,E8_DELETE,3,0,3
1159,E8_REVERSE,3,0,3
1159,E9_DELETE,3,0,3
1159,E9_REVERSE,3,0,3
1159,F_SURFACE_FORMAT_CONTROL,3,0,3
1159,G_RANDOM_CONTROL,3,0,3
1159,I_ISOMORPHIC_RELABEL,3,0,3
1159,L_FORWARD_CONTROL,3,0,3
1159,M0_SWITCH_NEUTRALIZED,3,0,3
1159,M_SWITCH_REASSIGNED,3,0,3
1159,O_ORDER_SHUFFLED,3,0,3
1159,P_ANCHOR_REASSIGNED,3,0,3
1159,R_DEGREE_MATCHED_REWIRE,3,0,3
1159,T_TERMINAL_CHANGED,3,0,3
1159,X_COMPLEXITY_MATCHED,3,0,3
1159,Y_TOPOLOGY_MATCHED,3,0,3
