SEQUENCE_NO,RUN_ID,CANONICAL_ID,CANONICAL_NAME,HISTORICAL_STATUS,SELECTION_SOURCE,SOURCE_PATH,DESTINATION_PATH,DESTINATION_BUCKET,SIZE_BYTES,SOURCE_SHA256,DESTINATION_SHA256,HASH_VERIFIED,COPY_STATUS,ERROR
242,RUN-007,CAN-F1-R4,F1 Development R4 - V12 Graph Calibration,RUN_OR_DEVELOPMENT_RECORD,PHASE8F_DIRECT_RUN_AUTHORITY,C:\RSOS\Training data\F1_DEV_R4_V12_GRAPH_CALIBRATION\00_MANIFEST\COMPLETE_PACKAGE_SHA256_MANIFEST.csv,C:\RSOS\RSOS_CANONICAL_EXPERIMENT_CHAIN\90_RUN_RECORDS\RUN-007__F1_Development_R4_V12_Graph_Calibration\09_FREEZE\SOURCE\Training data\F1_DEV_R4_V12_GRAPH_CALIBRATION\00_MANIFEST\COMPLETE_PACKAGE_SHA256_MANIFEST.csv,09_FREEZE,2423,9024e1461ea31f5037962ed971ffca3a6ec7fe355ffa82028b21aa8025e85921,9024e1461ea31f5037962ed971ffca3a6ec7fe355ffa82028b21aa8025e85921,True,COPIED_AND_VERIFIED,
243,RUN-007,CAN-F1-R4,F1 Development R4 - V12 Graph Calibration,RUN_OR_DEVELOPMENT_RECORD,PHASE8F_DIRECT_RUN_AUTHORITY,C:\RSOS\Training data\F1_DEV_R4_V12_GRAPH_CALIBRATION\00_MANIFEST\ENVIRONMENT.json,C:\RSOS\RSOS_CANONICAL_EXPERIMENT_CHAIN\90_RUN_RECORDS\RUN-007__F1_Development_R4_V12_Graph_Calibration\00_CONTROL\SOURCE\Training data\F1_DEV_R4_V12_GRAPH_CALIBRATION\00_MANIFEST\ENVIRONMENT.json,00_CONTROL,280,18afac642a63e6a2da202928d373d38c1a7a369599b62b211b56c94794ad2783,18afac642a63e6a2da202928d373d38c1a7a369599b62b211b56c94794ad2783,True,COPIED_AND_VERIFIED,
244,RUN-007,CAN-F1-R4,F1 Development R4 - V12 Graph Calibration,RUN_OR_DEVELOPMENT_RECORD,PHASE8F_DIRECT_RUN_AUTHORITY,C:\RSOS\Training data\F1_DEV_R4_V12_GRAPH_CALIBRATION\00_MANIFEST\FINAL_ZIP_SHA256.txt,C:\RSOS\RSOS_CANONICAL_EXPERIMENT_CHAIN\90_RUN_RECORDS\RUN-007__F1_Development_R4_V12_Graph_Calibration\09_FREEZE\SOURCE\Training data\F1_DEV_R4_V12_GRAPH_CALIBRATION\00_MANIFEST\FINAL_ZIP_SHA256.txt,09_FREEZE,66,dc89ada4a28a4e1c81757c3228bc99ac19e4221e66d63e1bb38e14243f0b5752,dc89ada4a28a4e1c81757c3228bc99ac19e4221e66d63e1bb38e14243f0b5752,True,COPIED_AND_VERIFIED,
245,RUN-007,CAN-F1-R4,F1 Development R4 - V12 Graph Calibration,RUN_OR_DEVELOPMENT_RECORD,PHASE8F_DIRECT_RUN_AUTHORITY,C:\RSOS\Training data\F1_DEV_R4_V12_GRAPH_CALIBRATION\00_MANIFEST\OUTPUT_SHA256_MANIFEST.csv,C:\RSOS\RSOS_CANONICAL_EXPERIMENT_CHAIN\90_RUN_RECORDS\RUN-007__F1_Development_R4_V12_Graph_Calibration\09_FREEZE\SOURCE\Training data\F1_DEV_R4_V12_GRAPH_CALIBRATION\00_MANIFEST\OUTPUT_SHA256_MANIFEST.csv,09_FREEZE,1984,e3430a316f4bfe8b1fa6b5a4637636fe0766d86df8d699f2e961093a1085fb8b,e3430a316f4bfe8b1fa6b5a4637636fe0766d86df8d699f2e961093a1085fb8b,True,COPIED_AND_VERIFIED,
246,RUN-007,CAN-F1-R4,F1 Development R4 - V12 Graph Calibration,RUN_OR_DEVELOPMENT_RECORD,PHASE8F_DIRECT_RUN_AUTHORITY,C:\RSOS\Training data\F1_DEV_R4_V12_GRAPH_CALIBRATION\00_MANIFEST\POWERSHELL_RUNNER_SHA256.txt,C:\RSOS\RSOS_CANONICAL_EXPERIMENT_CHAIN\90_RUN_RECORDS\RUN-007__F1_Development_R4_V12_Graph_Calibration\09_FREEZE\SOURCE\Training data\F1_DEV_R4_V12_GRAPH_CALIBRATION\00_MANIFEST\POWERSHELL_RUNNER_SHA256.txt,09_FREEZE,66,64e17aecb1607aec660f9cbc13dcb7c83bce9217d5eace49cdda4e1189f1fd4b,64e17aecb1607aec660f9cbc13dcb7c83bce9217d5eace49cdda4e1189f1fd4b,True,COPIED_AND_VERIFIED,
247,RUN-007,CAN-F1-R4,F1 Development R4 - V12 Graph Calibration,RUN_OR_DEVELOPMENT_RECORD,PHASE8F_DIRECT_RUN_AUTHORITY,C:\RSOS\Training data\F1_DEV_R4_V12_GRAPH_CALIBRATION\00_MANIFEST\R4_SUMMARY.json,C:\RSOS\RSOS_CANONICAL_EXPERIMENT_CHAIN\90_RUN_RECORDS\RUN-007__F1_Development_R4_V12_Graph_Calibration\05_OUTPUTS\SOURCE\Training data\F1_DEV_R4_V12_GRAPH_CALIBRATION\00_MANIFEST\R4_SUMMARY.json,05_OUTPUTS,3204,ddfaf3cb3518d7732fd086a54a2eea95dedda90270b95189e97fdbb226d028b6,ddfaf3cb3518d7732fd086a54a2eea95dedda90270b95189e97fdbb226d028b6,True,COPIED_AND_VERIFIED,
248,RUN-007,CAN-F1-R4,F1 Development R4 - V12 Graph Calibration,RUN_OR_DEVELOPMENT_RECORD,PHASE8F_DIRECT_RUN_AUTHORITY,C:\RSOS\Training data\F1_DEV_R4_V12_GRAPH_CALIBRATION\00_MANIFEST\R4_SUMMARY.txt,C:\RSOS\RSOS_CANONICAL_EXPERIMENT_CHAIN\90_RUN_RECORDS\RUN-007__F1_Development_R4_V12_Graph_Calibration\05_OUTPUTS\SOURCE\Training data\F1_DEV_R4_V12_GRAPH_CALIBRATION\00_MANIFEST\R4_SUMMARY.txt,05_OUTPUTS,1821,d4caa08e5927f4ec6aab82c75b86a1aaf2a6ba4db57c85b224196eb27d434c34,d4caa08e5927f4ec6aab82c75b86a1aaf2a6ba4db57c85b224196eb27d434c34,True,COPIED_AND_VERIFIED,
249,RUN-007,CAN-F1-R4,F1 Development R4 - V12 Graph Calibration,RUN_OR_DEVELOPMENT_RECORD,PHASE8F_DIRECT_RUN_AUTHORITY,C:\RSOS\Training data\F1_DEV_R4_V12_GRAPH_CALIBRATION\01_EXTRACTOR_UNIT_TESTS\EXTRACTOR_UNIT_TESTS.csv,C:\RSOS\RSOS_CANONICAL_EXPERIMENT_CHAIN\90_RUN_RECORDS\RUN-007__F1_Development_R4_V12_Graph_Calibration\00_CONTROL\SOURCE\Training data\F1_DEV_R4_V12_GRAPH_CALIBRATION\01_EXTRACTOR_UNIT_TESTS\EXTRACTOR_UNIT_TESTS.csv,00_CONTROL,383,b78bf80d117b26483dae386d6efe35d00db5afca93d95d68922e30c82418f31f,b78bf80d117b26483dae386d6efe35d00db5afca93d95d68922e30c82418f31f,True,COPIED_AND_VERIFIED,
250,RUN-007,CAN-F1-R4,F1 Development R4 - V12 Graph Calibration,RUN_OR_DEVELOPMENT_RECORD,PHASE8F_DIRECT_RUN_AUTHORITY,C:\RSOS\Training data\F1_DEV_R4_V12_GRAPH_CALIBRATION\02_AUTHENTIC_EDGE_PERTURBATIONS\AUTHENTIC_V12_EDGE_PERTURBATIONS.csv,C:\RSOS\RSOS_CANONICAL_EXPERIMENT_CHAIN\90_RUN_RECORDS\RUN-007__F1_Development_R4_V12_Graph_Calibration\00_CONTROL\SOURCE\Training data\F1_DEV_R4_V12_GRAPH_CALIBRATION\02_AUTHENTIC_EDGE_PERTURBATIONS\AUTHENTIC_V12_EDGE_PERTURBATIONS.csv,00_CONTROL,81937,aa87f9ccf6234ad1d8177660d4f8d7cb8e262d00bc006ac9f7f00a8dfd87b263,aa87f9ccf6234ad1d8177660d4f8d7cb8e262d00bc006ac9f7f00a8dfd87b263,True,COPIED_AND_VERIFIED,
251,RUN-007,CAN-F1-R4,F1 Development R4 - V12 Graph Calibration,RUN_OR_DEVELOPMENT_RECORD,PHASE8F_DIRECT_RUN_AUTHORITY,C:\RSOS\Training data\F1_DEV_R4_V12_GRAPH_CALIBRATION\02_AUTHENTIC_EDGE_PERTURBATIONS\AUTHENTIC_V12_PER_EDGE_DETECTION.csv,C:\RSOS\RSOS_CANONICAL_EXPERIMENT_CHAIN\90_RUN_RECORDS\RUN-007__F1_Development_R4_V12_Graph_Calibration\00_CONTROL\SOURCE\Training data\F1_DEV_R4_V12_GRAPH_CALIBRATION\02_AUTHENTIC_EDGE_PERTURBATIONS\AUTHENTIC_V12_PER_EDGE_DETECTION.csv,00_CONTROL,1460,b5ee8e793704de760349a3112933f7bf80a18998a5bf59f76edb3a1d7d8c057c,b5ee8e793704de760349a3112933f7bf80a18998a5bf59f76edb3a1d7d8c057c,True,COPIED_AND_VERIFIED,
252,RUN-007,CAN-F1-R4,F1 Development R4 - V12 Graph Calibration,RUN_OR_DEVELOPMENT_RECORD,PHASE8F_DIRECT_RUN_AUTHORITY,C:\RSOS\Training data\F1_DEV_R4_V12_GRAPH_CALIBRATION\02_AUTHENTIC_EDGE_PERTURBATIONS\AUTHENTIC_V12_PERTURBATION_SUMMARY.csv,C:\RSOS\RSOS_CANONICAL_EXPERIMENT_CHAIN\90_RUN_RECORDS\RUN-007__F1_Development_R4_V12_Graph_Calibration\05_OUTPUTS\SOURCE\Training data\F1_DEV_R4_V12_GRAPH_CALIBRATION\02_AUTHENTIC_EDGE_PERTURBATIONS\AUTHENTIC_V12_PERTURBATION_SUMMARY.csv,05_OUTPUTS,272,d7102ea4de6b7c3cbe26c0b2078859819183f8d8dbae306ba592d3a58d8c1f90,d7102ea4de6b7c3cbe26c0b2078859819183f8d8dbae306ba592d3a58d8c1f90,True,COPIED_AND_VERIFIED,
253,RUN-007,CAN-F1-R4,F1 Development R4 - V12 Graph Calibration,RUN_OR_DEVELOPMENT_RECORD,PHASE8F_DIRECT_RUN_AUTHORITY,C:\RSOS\Training data\F1_DEV_R4_V12_GRAPH_CALIBRATION\03_CROSS_TOPOLOGY_GENERALIZATION\CROSS_TOPOLOGY_DATA.parquet,C:\RSOS\RSOS_CANONICAL_EXPERIMENT_CHAIN\90_RUN_RECORDS\RUN-007__F1_Development_R4_V12_Graph_Calibration\06_DIAGNOSTIC\SOURCE\Training data\F1_DEV_R4_V12_GRAPH_CALIBRATION\03_CROSS_TOPOLOGY_GENERALIZATION\CROSS_TOPOLOGY_DATA.parquet,06_DIAGNOSTIC,77099,55958207bea17bf84ddfda422e81698f365e540ea1a279f315f1b8c80ff66b5f,55958207bea17bf84ddfda422e81698f365e540ea1a279f315f1b8c80ff66b5f,True,COPIED_AND_VERIFIED,
254,RUN-007,CAN-F1-R4,F1 Development R4 - V12 Graph Calibration,RUN_OR_DEVELOPMENT_RECORD,PHASE8F_DIRECT_RUN_AUTHORITY,C:\RSOS\Training data\F1_DEV_R4_V12_GRAPH_CALIBRATION\03_CROSS_TOPOLOGY_GENERALIZATION\CROSS_TOPOLOGY_GENERALIZATION_RESULT.csv,C:\RSOS\RSOS_CANONICAL_EXPERIMENT_CHAIN\90_RUN_RECORDS\RUN-007__F1_Development_R4_V12_Graph_Calibration\06_DIAGNOSTIC\SOURCE\Training data\F1_DEV_R4_V12_GRAPH_CALIBRATION\03_CROSS_TOPOLOGY_GENERALIZATION\CROSS_TOPOLOGY_GENERALIZATION_RESULT.csv,06_DIAGNOSTIC,228,,,False,COPY_OR_VERIFY_ERROR,[Errno 2] No such file or directory: 'C:\\RSOS\\RSOS_CANONICAL_EXPERIMENT_CHAIN\\90_RUN_RECORDS\\RUN-007__F1_Development_R4_V12_Graph_Calibration\\06_DIAGNOSTIC\\SOURCE\\Training data\\F1_DEV_R4_V12_GRAPH_CALIBRATION\\03_CROSS_TOPOLOGY_GENERALIZATION\\CROSS_TOPOLOGY_GENERALIZATION_RESULT.csv.phase8g.partial'
255,RUN-007,CAN-F1-R4,F1 Development R4 - V12 Graph Calibration,RUN_OR_DEVELOPMENT_RECORD,PHASE8F_DIRECT_RUN_AUTHORITY,C:\RSOS\Training data\F1_DEV_R4_V12_GRAPH_CALIBRATION\04_LEAVE_FAMILY_OUT\LEAVE_PERTURBATION_FAMILY_OUT.csv,C:\RSOS\RSOS_CANONICAL_EXPERIMENT_CHAIN\90_RUN_RECORDS\RUN-007__F1_Development_R4_V12_Graph_Calibration\00_CONTROL\SOURCE\Training data\F1_DEV_R4_V12_GRAPH_CALIBRATION\04_LEAVE_FAMILY_OUT\LEAVE_PERTURBATION_FAMILY_OUT.csv,00_CONTROL,221,34f9c12b8d35189c87ccd2b3341dee0cfd49cb729d7d593e083539ff3651c595,34f9c12b8d35189c87ccd2b3341dee0cfd49cb729d7d593e083539ff3651c595,True,COPIED_AND_VERIFIED,
256,RUN-007,CAN-F1-R4,F1 Development R4 - V12 Graph Calibration,RUN_OR_DEVELOPMENT_RECORD,PHASE8F_DIRECT_RUN_AUTHORITY,C:\RSOS\Training data\F1_DEV_R4_V12_GRAPH_CALIBRATION\05_NO_SILENT_OMISSION\NO_SILENT_OMISSION_LEDGER.csv,C:\RSOS\RSOS_CANONICAL_EXPERIMENT_CHAIN\90_RUN_RECORDS\RUN-007__F1_Development_R4_V12_Graph_Calibration\00_CONTROL\SOURCE\Training data\F1_DEV_R4_V12_GRAPH_CALIBRATION\05_NO_SILENT_OMISSION\NO_SILENT_OMISSION_LEDGER.csv,00_CONTROL,1304,c6b37925c01500dae7d0835a927efee3a3ae3f27d94d22a1196fa24c5d9d8bf2,c6b37925c01500dae7d0835a927efee3a3ae3f27d94d22a1196fa24c5d9d8bf2,True,COPIED_AND_VERIFIED,
257,RUN-007,CAN-F1-R4,F1 Development R4 - V12 Graph Calibration,RUN_OR_DEVELOPMENT_RECORD,PHASE8F_DIRECT_RUN_AUTHORITY,C:\RSOS\Training data\F1_DEV_R4_V12_GRAPH_CALIBRATION\06_FROZEN_MODELS\CROSS_TOPOLOGY_CLASSIFIER.joblib,C:\RSOS\RSOS_CANONICAL_EXPERIMENT_CHAIN\90_RUN_RECORDS\RUN-007__F1_Development_R4_V12_Graph_Calibration\06_DIAGNOSTIC\SOURCE\Training data\F1_DEV_R4_V12_GRAPH_CALIBRATION\06_FROZEN_MODELS\CROSS_TOPOLOGY_CLASSIFIER.joblib,06_DIAGNOSTIC,264696,8b66796db58164e5a92d7932be257d84319d4c8298be542eb09f3e703ec36fcd,8b66796db58164e5a92d7932be257d84319d4c8298be542eb09f3e703ec36fcd,True,COPIED_AND_VERIFIED,
258,RUN-007,CAN-F1-R4,F1 Development R4 - V12 Graph Calibration,RUN_OR_DEVELOPMENT_RECORD,PHASE8F_DIRECT_RUN_AUTHORITY,C:\RSOS\Training data\F1_DEV_R4_V12_GRAPH_CALIBRATION\F1_DEV_R4_COMPLETE.marker,C:\RSOS\RSOS_CANONICAL_EXPERIMENT_CHAIN\90_RUN_RECORDS\RUN-007__F1_Development_R4_V12_Graph_Calibration\09_FREEZE\SOURCE\Training data\F1_DEV_R4_V12_GRAPH_CALIBRATION\F1_DEV_R4_COMPLETE.marker,09_FREEZE,133,98968ca95b5bb6c2b5a773ea53f1b96d64247aa70bfaec08e75976990405744c,98968ca95b5bb6c2b5a773ea53f1b96d64247aa70bfaec08e75976990405744c,True,COPIED_AND_VERIFIED,
259,RUN-007,CAN-F1-R4,F1 Development R4 - V12 Graph Calibration,RUN_OR_DEVELOPMENT_RECORD,PHASE8F_DIRECT_RUN_AUTHORITY,C:\RSOS\Training data\F1_DEV_R4_V12_GRAPH_CALIBRATION\F1_DEV_R4_V12_GRAPH_CALIBRATION_COMPLETE.zip,C:\RSOS\RSOS_CANONICAL_EXPERIMENT_CHAIN\90_RUN_RECORDS\RUN-007__F1_Development_R4_V12_Graph_Calibration\08_PACKAGE\SOURCE\Training data\F1_DEV_R4_V12_GRAPH_CALIBRATION\F1_DEV_R4_V12_GRAPH_CALIBRATION_COMPLETE.zip,08_PACKAGE,382917,54aedbc3c4ce4a44f96495f9af16a0caeeb6233bd9ea7c110e5abc286d74d9a3,54aedbc3c4ce4a44f96495f9af16a0caeeb6233bd9ea7c110e5abc286d74d9a3,True,COPIED_AND_VERIFIED,
260,RUN-007,CAN-F1-R4,F1 Development R4 - V12 Graph Calibration,RUN_OR_DEVELOPMENT_RECORD,PHASE8F_DIRECT_RUN_AUTHORITY,C:\RSOS\Training data\F1_DEV_R4_V12_GRAPH_CALIBRATION\F1_DEV_R4_V12_GRAPH_CALIBRATION_RUNNER.zip,C:\RSOS\RSOS_CANONICAL_EXPERIMENT_CHAIN\90_RUN_RECORDS\RUN-007__F1_Development_R4_V12_Graph_Calibration\08_PACKAGE\SOURCE\Training data\F1_DEV_R4_V12_GRAPH_CALIBRATION\F1_DEV_R4_V12_GRAPH_CALIBRATION_RUNNER.zip,08_PACKAGE,8113,13ce4a13a97bbff1810069049fb66a09b416ac33be7a3a38db76246fcec55d39,13ce4a13a97bbff1810069049fb66a09b416ac33be7a3a38db76246fcec55d39,True,COPIED_AND_VERIFIED,
261,RUN-007,CAN-F1-R4,F1 Development R4 - V12 Graph Calibration,RUN_OR_DEVELOPMENT_RECORD,PHASE8F_DIRECT_RUN_AUTHORITY,C:\RSOS\Training data\F1_DEV_R4_V12_GRAPH_CALIBRATION\RUN_F1_DEV_R4_V12_GRAPH_CALIBRATION.ps1,C:\RSOS\RSOS_CANONICAL_EXPERIMENT_CHAIN\90_RUN_RECORDS\RUN-007__F1_Development_R4_V12_Graph_Calibration\03_RUNNER\SOURCE\Training data\F1_DEV_R4_V12_GRAPH_CALIBRATION\RUN_F1_DEV_R4_V12_GRAPH_CALIBRATION.ps1,03_RUNNER,3500,1055ba734b60f99a1204dbfd93633cc2c626a9ffcd50f288549b90ef6ffd0218,1055ba734b60f99a1204dbfd93633cc2c626a9ffcd50f288549b90ef6ffd0218,True,COPIED_AND_VERIFIED,
262,RUN-007,CAN-F1-R4,F1 Development R4 - V12 Graph Calibration,RUN_OR_DEVELOPMENT_RECORD,PHASE8F_DIRECT_RUN_AUTHORITY,C:\RSOS\Training data\F1_DEV_R4_V12_GRAPH_CALIBRATION\RUN_F1_DEV_R4_V12_GRAPH_CALIBRATION.py,C:\RSOS\RSOS_CANONICAL_EXPERIMENT_CHAIN\90_RUN_RECORDS\RUN-007__F1_Development_R4_V12_Graph_Calibration\03_RUNNER\SOURCE\Training data\F1_DEV_R4_V12_GRAPH_CALIBRATION\RUN_F1_DEV_R4_V12_GRAPH_CALIBRATION.py,03_RUNNER,21031,3ca461e8c4ab134c5fb17e33ae98da776bc3c237d33f0e3a1e79bcade072deb7,3ca461e8c4ab134c5fb17e33ae98da776bc3c237d33f0e3a1e79bcade072deb7,True,COPIED_AND_VERIFIED,
