FILE_NAME,FULL_PATH,SIZE_BYTES
WF2_PHASE0B_CHECK_WF1B_AUTHORITY.py,C:\RSOS\RSOS_EXPERIMENTS_WF2_PROSPECTIVE_CROSS_SYSTEM_CONFIRMATION\03_RUNNER\WF2_PHASE0B_CHECK_WF1B_AUTHORITY.py,6081
WF1_B_FINAL_AUTHORITY_R3.zip,C:\RSOS\RSOS_EXPERIMENTS_WF2_PROSPECTIVE_CROSS_SYSTEM_CONFIRMATION\02_INPUTS\00_FOUNDATION_FROZEN\WF1_B_FINAL_AUTHORITY_R3.zip,72985
RUN_WF1_B_FRESH14_ADAPTER.py,C:\RSOS\RSOS_EXPERIMENTS_WF2_PROSPECTIVE_CROSS_SYSTEM_CONFIRMATION\02_INPUTS\00_FOUNDATION_FROZEN\DETECTOR_PACKAGE\RUN_WF1_B_FRESH14_ADAPTER.py,36647
RUN_WF1_B_FRESH14_ADAPTER_R3.py,C:\RSOS\RSOS_EXPERIMENTS_WF2_PROSPECTIVE_CROSS_SYSTEM_CONFIRMATION\02_INPUTS\00_FOUNDATION_FROZEN\DETECTOR_PACKAGE\RUN_WF1_B_FRESH14_ADAPTER_R3.py,36431
RUN_WF1_B_FRESH14_ADAPTER_R3.cpython-313.pyc,C:\RSOS\RSOS_EXPERIMENTS_WF2_PROSPECTIVE_CROSS_SYSTEM_CONFIRMATION\02_INPUTS\00_FOUNDATION_FROZEN\DETECTOR_PACKAGE\__pycache__\RUN_WF1_B_FRESH14_ADAPTER_R3.cpython-313.pyc,83174
WF1_B_FINAL_AUTHORITY_R3.zip,C:\RSOS\RSOS_EXPERIMENTS_WF2_PROSPECTIVE_CROSS_SYSTEM_CONFIRMATION\00_CONTROL\PRECONSOLIDATION\RSOS_EXPERIMENTS_WF2_A_PROSPECTIVE_FROZEN_SIGNATURE\02_FROZEN_SIGNATURE\WF1_B_FINAL_AUTHORITY_R3.zip,72985
RUN_WF1_B_FRESH14_ADAPTER.py,C:\RSOS\RSOS_EXPERIMENTS_WF2_PROSPECTIVE_CROSS_SYSTEM_CONFIRMATION\00_CONTROL\PRECONSOLIDATION\RSOS_EXPERIMENTS_WF2_A_PROSPECTIVE_FROZEN_SIGNATURE\02_FROZEN_SIGNATURE\DETECTOR_PACKAGE\RUN_WF1_B_FRESH14_ADAPTER.py,36647
RUN_WF1_B_FRESH14_ADAPTER_R3.py,C:\RSOS\RSOS_EXPERIMENTS_WF2_PROSPECTIVE_CROSS_SYSTEM_CONFIRMATION\00_CONTROL\PRECONSOLIDATION\RSOS_EXPERIMENTS_WF2_A_PROSPECTIVE_FROZEN_SIGNATURE\02_FROZEN_SIGNATURE\DETECTOR_PACKAGE\RUN_WF1_B_FRESH14_ADAPTER_R3.py,36431
WF1_A_WF1_B_GITHUB_PROVENANCE_PACKAGE_v1.zip,C:\RSOS\RSOS_EXPERIMENTS_WF1_A_V12_R_CORRECTIVE_CAUSAL_TOPOLOGY\PUBLICATION\WF1_A_WF1_B_GITHUB_PROVENANCE_PACKAGE_v1.zip,11444695
WF1_A_WF1_B_GITHUB_PROVENANCE_PACKAGE_v1_FREEZE_RECORD.txt,C:\RSOS\RSOS_EXPERIMENTS_WF1_A_V12_R_CORRECTIVE_CAUSAL_TOPOLOGY\PUBLICATION\WF1_A_WF1_B_GITHUB_PROVENANCE_PACKAGE_v1_FREEZE_RECORD.txt,781
WF1_B_EXPERIMENT_ROOT.txt,C:\RSOS\RSOS_EXPERIMENTS_WF1_A_V12_R_CORRECTIVE_CAUSAL_TOPOLOGY\WF1_B_EXTERNAL_POPULATION_PARQUET\00_CONTROL\WF1_B_EXPERIMENT_ROOT.txt,796
WF1_B_EXTERNAL_POPULATION_PREREGISTRATION.txt,C:\RSOS\RSOS_EXPERIMENTS_WF1_A_V12_R_CORRECTIVE_CAUSAL_TOPOLOGY\WF1_B_EXTERNAL_POPULATION_PARQUET\01_PROTOCOL\WF1_B_EXTERNAL_POPULATION_PREREGISTRATION.txt,1593
WF1_B_FRESH_CONFIRMATION_SELECTED_SHARDS.csv,C:\RSOS\RSOS_EXPERIMENTS_WF1_A_V12_R_CORRECTIVE_CAUSAL_TOPOLOGY\WF1_B_EXTERNAL_POPULATION_PARQUET\01_PROTOCOL\WF1_B_FRESH_CONFIRMATION_SELECTED_SHARDS.csv,909
WF1_B_FRESH_CONFIRMATION_SELECTION.txt,C:\RSOS\RSOS_EXPERIMENTS_WF1_A_V12_R_CORRECTIVE_CAUSAL_TOPOLOGY\WF1_B_EXTERNAL_POPULATION_PARQUET\01_PROTOCOL\WF1_B_FRESH_CONFIRMATION_SELECTION.txt,382
WF1_B_FRESH_SELECTION_CORRECTION.txt,C:\RSOS\RSOS_EXPERIMENTS_WF1_A_V12_R_CORRECTIVE_CAUSAL_TOPOLOGY\WF1_B_EXTERNAL_POPULATION_PARQUET\01_PROTOCOL\WF1_B_FRESH_SELECTION_CORRECTION.txt,515
WF1_B_FRESH_SHARD_14_FREEZE.txt,C:\RSOS\RSOS_EXPERIMENTS_WF1_A_V12_R_CORRECTIVE_CAUSAL_TOPOLOGY\WF1_B_EXTERNAL_POPULATION_PARQUET\01_PROTOCOL\WF1_B_FRESH_SHARD_14_FREEZE.txt,564
00_POST_WF1A_SIGNATURE_FREEZE.json,C:\RSOS\RSOS_EXPERIMENTS_WF1_A_V12_R_CORRECTIVE_CAUSAL_TOPOLOGY\WF1_B_EXTERNAL_POPULATION_PARQUET\03_SIGNATURE_FREEZE\00_POST_WF1A_SIGNATURE_FREEZE.json,3277
01_SIGNATURE_FREEZE_SHA256.csv,C:\RSOS\RSOS_EXPERIMENTS_WF1_A_V12_R_CORRECTIVE_CAUSAL_TOPOLOGY\WF1_B_EXTERNAL_POPULATION_PARQUET\03_SIGNATURE_FREEZE\01_SIGNATURE_FREEZE_SHA256.csv,2287
02_SIGNATURE_FREEZE_RECORD.txt,C:\RSOS\RSOS_EXPERIMENTS_WF1_A_V12_R_CORRECTIVE_CAUSAL_TOPOLOGY\WF1_B_EXTERNAL_POPULATION_PARQUET\03_SIGNATURE_FREEZE\02_SIGNATURE_FREEZE_RECORD.txt,759
01_INSPECT_WILDCHAT_SCHEMA.py,C:\RSOS\RSOS_EXPERIMENTS_WF1_A_V12_R_CORRECTIVE_CAUSAL_TOPOLOGY\WF1_B_EXTERNAL_POPULATION_PARQUET\04_RUNNER\01_INSPECT_WILDCHAT_SCHEMA.py,588
BUILD_WF1_B_ADAPTER_R3.py,C:\RSOS\RSOS_EXPERIMENTS_WF1_A_V12_R_CORRECTIVE_CAUSAL_TOPOLOGY\WF1_B_EXTERNAL_POPULATION_PARQUET\04_RUNNER\BUILD_WF1_B_ADAPTER_R3.py,1907
RUN_WF1_B_FRESH14_ADAPTER.py,C:\RSOS\RSOS_EXPERIMENTS_WF1_A_V12_R_CORRECTIVE_CAUSAL_TOPOLOGY\WF1_B_EXTERNAL_POPULATION_PARQUET\04_RUNNER\RUN_WF1_B_FRESH14_ADAPTER.py,36647
00_CREATE_WF1_B_FOLDER_STRUCTURE.ps1,C:\RSOS\RSOS_EXPERIMENTS_WF1_A_V12_R_CORRECTIVE_CAUSAL_TOPOLOGY\WF1_B_EXTERNAL_POPULATION_PARQUET\05_COMMANDS\00_CREATE_WF1_B_FOLDER_STRUCTURE.ps1,586
01_FREEZE_POST_WF1A_SIGNATURE.ps1,C:\RSOS\RSOS_EXPERIMENTS_WF1_A_V12_R_CORRECTIVE_CAUSAL_TOPOLOGY\WF1_B_EXTERNAL_POPULATION_PARQUET\05_COMMANDS\01_FREEZE_POST_WF1A_SIGNATURE.ps1,284
03_INSPECT_WILDCHAT_SCHEMA.ps1,C:\RSOS\RSOS_EXPERIMENTS_WF1_A_V12_R_CORRECTIVE_CAUSAL_TOPOLOGY\WF1_B_EXTERNAL_POPULATION_PARQUET\05_COMMANDS\03_INSPECT_WILDCHAT_SCHEMA.ps1,307
04_SELECT_AND_DOWNLOAD_FRESH_CONFIRMATION.ps1,C:\RSOS\RSOS_EXPERIMENTS_WF1_A_V12_R_CORRECTIVE_CAUSAL_TOPOLOGY\WF1_B_EXTERNAL_POPULATION_PARQUET\05_COMMANDS\04_SELECT_AND_DOWNLOAD_FRESH_CONFIRMATION.ps1,3953
05_RUN_FRESH_SHARD14_F2_BASELINE.ps1,C:\RSOS\RSOS_EXPERIMENTS_WF1_A_V12_R_CORRECTIVE_CAUSAL_TOPOLOGY\WF1_B_EXTERNAL_POPULATION_PARQUET\05_COMMANDS\05_RUN_FRESH_SHARD14_F2_BASELINE.ps1,463
01_WILDCHAT_SCHEMA.txt,C:\RSOS\RSOS_EXPERIMENTS_WF1_A_V12_R_CORRECTIVE_CAUSAL_TOPOLOGY\WF1_B_EXTERNAL_POPULATION_PARQUET\07_OUTPUT\01_WILDCHAT_SCHEMA.txt,137522
F2_B_CORRECTED_EXTERNAL_RARITY_RESULTS.zip,C:\RSOS\RSOS_EXPERIMENTS_WF1_A_V12_R_CORRECTIVE_CAUSAL_TOPOLOGY\WF1_B_EXTERNAL_POPULATION_PARQUET\07_OUTPUT\F2_B_CORRECTED_EXTERNAL_RARITY_RESULTS.zip,76314
F2_RUNNER_DISCOVERY.txt,C:\RSOS\RSOS_EXPERIMENTS_WF1_A_V12_R_CORRECTIVE_CAUSAL_TOPOLOGY\WF1_B_EXTERNAL_POPULATION_PARQUET\07_OUTPUT\F2_RUNNER_DISCOVERY.txt,36340
WF1_B_FINAL_AUTHORITY_R3.zip,C:\RSOS\RSOS_EXPERIMENTS_WF1_A_V12_R_CORRECTIVE_CAUSAL_TOPOLOGY\WF1_B_EXTERNAL_POPULATION_PARQUET\10_FREEZE\WF1_B_FINAL_AUTHORITY_R3.zip,72985
WF1_B_FINAL_FREEZE_RECORD.txt,C:\RSOS\RSOS_EXPERIMENTS_WF1_A_V12_R_CORRECTIVE_CAUSAL_TOPOLOGY\WF1_B_EXTERNAL_POPULATION_PARQUET\10_FREEZE\WF1_B_FINAL_FREEZE_RECORD.txt,272
WF1_B_POST_WF1A_SIGNATURE_FREEZE.zip,C:\RSOS\RSOS_EXPERIMENTS_WF1_A_V12_R_CORRECTIVE_CAUSAL_TOPOLOGY\WF1_B_EXTERNAL_POPULATION_PARQUET\10_FREEZE\WF1_B_POST_WF1A_SIGNATURE_FREEZE.zip,22486
00_FINAL_ADJUDICATION.txt,C:\RSOS\RSOS_EXPERIMENTS_WF1_A_V12_R_CORRECTIVE_CAUSAL_TOPOLOGY\WF1_B_EXTERNAL_POPULATION_PARQUET\09_ADJUDICATION\WF1_B_FINAL_AUTHORITY_R3\00_FINAL_ADJUDICATION.txt,2012
01_FINAL_MANIFEST.csv,C:\RSOS\RSOS_EXPERIMENTS_WF1_A_V12_R_CORRECTIVE_CAUSAL_TOPOLOGY\WF1_B_EXTERNAL_POPULATION_PARQUET\09_ADJUDICATION\WF1_B_FINAL_AUTHORITY_R3\01_FINAL_MANIFEST.csv,1845
PRE_EXTERNAL_THRESHOLDS.json,C:\RSOS\RSOS_EXPERIMENTS_WF1_A_V12_R_CORRECTIVE_CAUSAL_TOPOLOGY\WF1_B_EXTERNAL_POPULATION_PARQUET\09_ADJUDICATION\WF1_B_FINAL_AUTHORITY_R3\00_PREFLIGHT\PRE_EXTERNAL_THRESHOLDS.json,2168
SELECTION_AND_METHOD_FREEZE.json,C:\RSOS\RSOS_EXPERIMENTS_WF1_A_V12_R_CORRECTIVE_CAUSAL_TOPOLOGY\WF1_B_EXTERNAL_POPULATION_PARQUET\09_ADJUDICATION\WF1_B_FINAL_AUTHORITY_R3\00_PREFLIGHT\SELECTION_AND_METHOD_FREEZE.json,1531
train-00014-of-00086_SCHEMA.json,C:\RSOS\RSOS_EXPERIMENTS_WF1_A_V12_R_CORRECTIVE_CAUSAL_TOPOLOGY\WF1_B_EXTERNAL_POPULATION_PARQUET\09_ADJUDICATION\WF1_B_FINAL_AUTHORITY_R3\00_PREFLIGHT\train-00014-of-00086_SCHEMA.json,7708
WINDOW_MARGIN_THRESHOLDS.json,C:\RSOS\RSOS_EXPERIMENTS_WF1_A_V12_R_CORRECTIVE_CAUSAL_TOPOLOGY\WF1_B_EXTERNAL_POPULATION_PARQUET\09_ADJUDICATION\WF1_B_FINAL_AUTHORITY_R3\00_PREFLIGHT\WINDOW_MARGIN_THRESHOLDS.json,279
SEPARATION_RESULTS.csv,C:\RSOS\RSOS_EXPERIMENTS_WF1_A_V12_R_CORRECTIVE_CAUSAL_TOPOLOGY\WF1_B_EXTERNAL_POPULATION_PARQUET\09_ADJUDICATION\WF1_B_FINAL_AUTHORITY_R3\02_PRIMARY\SEPARATION_RESULTS.csv,2410
CEM_BALANCE.csv,C:\RSOS\RSOS_EXPERIMENTS_WF1_A_V12_R_CORRECTIVE_CAUSAL_TOPOLOGY\WF1_B_EXTERNAL_POPULATION_PARQUET\09_ADJUDICATION\WF1_B_FINAL_AUTHORITY_R3\05_NUISANCE\CEM_BALANCE.csv,110
CEM_RESULT.csv,C:\RSOS\RSOS_EXPERIMENTS_WF1_A_V12_R_CORRECTIVE_CAUSAL_TOPOLOGY\WF1_B_EXTERNAL_POPULATION_PARQUET\09_ADJUDICATION\WF1_B_FINAL_AUTHORITY_R3\05_NUISANCE\CEM_RESULT.csv,223
CLUSTER_DIAGNOSTIC.json,C:\RSOS\RSOS_EXPERIMENTS_WF1_A_V12_R_CORRECTIVE_CAUSAL_TOPOLOGY\WF1_B_EXTERNAL_POPULATION_PARQUET\09_ADJUDICATION\WF1_B_FINAL_AUTHORITY_R3\05_NUISANCE\CLUSTER_DIAGNOSTIC.json,86
LANGUAGE_DISTRIBUTION.csv,C:\RSOS\RSOS_EXPERIMENTS_WF1_A_V12_R_CORRECTIVE_CAUSAL_TOPOLOGY\WF1_B_EXTERNAL_POPULATION_PARQUET\09_ADJUDICATION\WF1_B_FINAL_AUTHORITY_R3\05_NUISANCE\LANGUAGE_DISTRIBUTION.csv,668
MODEL_DISTRIBUTION.csv,C:\RSOS\RSOS_EXPERIMENTS_WF1_A_V12_R_CORRECTIVE_CAUSAL_TOPOLOGY\WF1_B_EXTERNAL_POPULATION_PARQUET\09_ADJUDICATION\WF1_B_FINAL_AUTHORITY_R3\05_NUISANCE\MODEL_DISTRIBUTION.csv,59
MODEL_LANGUAGE_STRATA_90TOL.csv,C:\RSOS\RSOS_EXPERIMENTS_WF1_A_V12_R_CORRECTIVE_CAUSAL_TOPOLOGY\WF1_B_EXTERNAL_POPULATION_PARQUET\09_ADJUDICATION\WF1_B_FINAL_AUTHORITY_R3\05_NUISANCE\MODEL_LANGUAGE_STRATA_90TOL.csv,666
NEAREST250_MAHALANOBIS.csv,C:\RSOS\RSOS_EXPERIMENTS_WF1_A_V12_R_CORRECTIVE_CAUSAL_TOPOLOGY\WF1_B_EXTERNAL_POPULATION_PARQUET\09_ADJUDICATION\WF1_B_FINAL_AUTHORITY_R3\06_NEAREST\NEAREST250_MAHALANOBIS.csv,68803
NEAREST250_STRICT_COMPOSITE.csv,C:\RSOS\RSOS_EXPERIMENTS_WF1_A_V12_R_CORRECTIVE_CAUSAL_TOPOLOGY\WF1_B_EXTERNAL_POPULATION_PARQUET\09_ADJUDICATION\WF1_B_FINAL_AUTHORITY_R3\06_NEAREST\NEAREST250_STRICT_COMPOSITE.csv,68808
F2_B_SUMMARY.json,C:\RSOS\RSOS_EXPERIMENTS_WF1_A_V12_R_CORRECTIVE_CAUSAL_TOPOLOGY\WF1_B_EXTERNAL_POPULATION_PARQUET\09_ADJUDICATION\WF1_B_FINAL_AUTHORITY_R3\07_AUDIT\F2_B_SUMMARY.json,1827
STATUS_LEDGER.csv,C:\RSOS\RSOS_EXPERIMENTS_WF1_A_V12_R_CORRECTIVE_CAUSAL_TOPOLOGY\WF1_B_EXTERNAL_POPULATION_PARQUET\09_ADJUDICATION\WF1_B_FINAL_AUTHORITY_R3\07_AUDIT\STATUS_LEDGER.csv,1279
PRE_EXTERNAL_THRESHOLDS.json,C:\RSOS\RSOS_EXPERIMENTS_WF1_A_V12_R_CORRECTIVE_CAUSAL_TOPOLOGY\WF1_B_EXTERNAL_POPULATION_PARQUET\07_OUTPUT\FRESH_SHARD14_CONFIRMATION_R3\00_PREFLIGHT\PRE_EXTERNAL_THRESHOLDS.json,2168
SELECTION_AND_METHOD_FREEZE.json,C:\RSOS\RSOS_EXPERIMENTS_WF1_A_V12_R_CORRECTIVE_CAUSAL_TOPOLOGY\WF1_B_EXTERNAL_POPULATION_PARQUET\07_OUTPUT\FRESH_SHARD14_CONFIRMATION_R3\00_PREFLIGHT\SELECTION_AND_METHOD_FREEZE.json,1531
train-00014-of-00086_SCHEMA.json,C:\RSOS\RSOS_EXPERIMENTS_WF1_A_V12_R_CORRECTIVE_CAUSAL_TOPOLOGY\WF1_B_EXTERNAL_POPULATION_PARQUET\07_OUTPUT\FRESH_SHARD14_CONFIRMATION_R3\00_PREFLIGHT\train-00014-of-00086_SCHEMA.json,7708
WINDOW_MARGIN_THRESHOLDS.json,C:\RSOS\RSOS_EXPERIMENTS_WF1_A_V12_R_CORRECTIVE_CAUSAL_TOPOLOGY\WF1_B_EXTERNAL_POPULATION_PARQUET\07_OUTPUT\FRESH_SHARD14_CONFIRMATION_R3\00_PREFLIGHT\WINDOW_MARGIN_THRESHOLDS.json,279
EXTRACTION_COUNTS.json,C:\RSOS\RSOS_EXPERIMENTS_WF1_A_V12_R_CORRECTIVE_CAUSAL_TOPOLOGY\WF1_B_EXTERNAL_POPULATION_PARQUET\07_OUTPUT\FRESH_SHARD14_CONFIRMATION_R3\01_EXTERNAL_FEATURES\EXTRACTION_COUNTS.json,232
F2_B_EXTERNAL_FEATURES_AND_SCORES.parquet,C:\RSOS\RSOS_EXPERIMENTS_WF1_A_V12_R_CORRECTIVE_CAUSAL_TOPOLOGY\WF1_B_EXTERNAL_POPULATION_PARQUET\07_OUTPUT\FRESH_SHARD14_CONFIRMATION_R3\01_EXTERNAL_FEATURES\F2_B_EXTERNAL_FEATURES_AND_SCORES.parquet,7034067
SEPARATION_RESULTS.csv,C:\RSOS\RSOS_EXPERIMENTS_WF1_A_V12_R_CORRECTIVE_CAUSAL_TOPOLOGY\WF1_B_EXTERNAL_POPULATION_PARQUET\07_OUTPUT\FRESH_SHARD14_CONFIRMATION_R3\02_PRIMARY\SEPARATION_RESULTS.csv,2410
RARITY_AND_TOLERANCE_RESULTS.csv,C:\RSOS\RSOS_EXPERIMENTS_WF1_A_V12_R_CORRECTIVE_CAUSAL_TOPOLOGY\WF1_B_EXTERNAL_POPULATION_PARQUET\07_OUTPUT\FRESH_SHARD14_CONFIRMATION_R3\03_GEOMETRY\RARITY_AND_TOLERANCE_RESULTS.csv,9453
WINDOW_EXTERNAL_RARITY.csv,C:\RSOS\RSOS_EXPERIMENTS_WF1_A_V12_R_CORRECTIVE_CAUSAL_TOPOLOGY\WF1_B_EXTERNAL_POPULATION_PARQUET\07_OUTPUT\FRESH_SHARD14_CONFIRMATION_R3\04_WINDOWS\WINDOW_EXTERNAL_RARITY.csv,3068
CEM_BALANCE.csv,C:\RSOS\RSOS_EXPERIMENTS_WF1_A_V12_R_CORRECTIVE_CAUSAL_TOPOLOGY\WF1_B_EXTERNAL_POPULATION_PARQUET\07_OUTPUT\FRESH_SHARD14_CONFIRMATION_R3\05_NUISANCE\CEM_BALANCE.csv,110
CEM_RESULT.csv,C:\RSOS\RSOS_EXPERIMENTS_WF1_A_V12_R_CORRECTIVE_CAUSAL_TOPOLOGY\WF1_B_EXTERNAL_POPULATION_PARQUET\07_OUTPUT\FRESH_SHARD14_CONFIRMATION_R3\05_NUISANCE\CEM_RESULT.csv,223
CLUSTER_DIAGNOSTIC.json,C:\RSOS\RSOS_EXPERIMENTS_WF1_A_V12_R_CORRECTIVE_CAUSAL_TOPOLOGY\WF1_B_EXTERNAL_POPULATION_PARQUET\07_OUTPUT\FRESH_SHARD14_CONFIRMATION_R3\05_NUISANCE\CLUSTER_DIAGNOSTIC.json,86
LANGUAGE_DISTRIBUTION.csv,C:\RSOS\RSOS_EXPERIMENTS_WF1_A_V12_R_CORRECTIVE_CAUSAL_TOPOLOGY\WF1_B_EXTERNAL_POPULATION_PARQUET\07_OUTPUT\FRESH_SHARD14_CONFIRMATION_R3\05_NUISANCE\LANGUAGE_DISTRIBUTION.csv,668
MODEL_DISTRIBUTION.csv,C:\RSOS\RSOS_EXPERIMENTS_WF1_A_V12_R_CORRECTIVE_CAUSAL_TOPOLOGY\WF1_B_EXTERNAL_POPULATION_PARQUET\07_OUTPUT\FRESH_SHARD14_CONFIRMATION_R3\05_NUISANCE\MODEL_DISTRIBUTION.csv,59
MODEL_LANGUAGE_STRATA_90TOL.csv,C:\RSOS\RSOS_EXPERIMENTS_WF1_A_V12_R_CORRECTIVE_CAUSAL_TOPOLOGY\WF1_B_EXTERNAL_POPULATION_PARQUET\07_OUTPUT\FRESH_SHARD14_CONFIRMATION_R3\05_NUISANCE\MODEL_LANGUAGE_STRATA_90TOL.csv,666
NEAREST250_MAHALANOBIS.csv,C:\RSOS\RSOS_EXPERIMENTS_WF1_A_V12_R_CORRECTIVE_CAUSAL_TOPOLOGY\WF1_B_EXTERNAL_POPULATION_PARQUET\07_OUTPUT\FRESH_SHARD14_CONFIRMATION_R3\06_NEAREST\NEAREST250_MAHALANOBIS.csv,68803
NEAREST250_STRICT_COMPOSITE.csv,C:\RSOS\RSOS_EXPERIMENTS_WF1_A_V12_R_CORRECTIVE_CAUSAL_TOPOLOGY\WF1_B_EXTERNAL_POPULATION_PARQUET\07_OUTPUT\FRESH_SHARD14_CONFIRMATION_R3\06_NEAREST\NEAREST250_STRICT_COMPOSITE.csv,68808
F2_B_SUMMARY.json,C:\RSOS\RSOS_EXPERIMENTS_WF1_A_V12_R_CORRECTIVE_CAUSAL_TOPOLOGY\WF1_B_EXTERNAL_POPULATION_PARQUET\07_OUTPUT\FRESH_SHARD14_CONFIRMATION_R3\07_AUDIT\F2_B_SUMMARY.json,1827
STATUS_LEDGER.csv,C:\RSOS\RSOS_EXPERIMENTS_WF1_A_V12_R_CORRECTIVE_CAUSAL_TOPOLOGY\WF1_B_EXTERNAL_POPULATION_PARQUET\07_OUTPUT\FRESH_SHARD14_CONFIRMATION_R3\07_AUDIT\STATUS_LEDGER.csv,1279
F2_B_FROZEN_SPEC.json,C:\RSOS\RSOS_EXPERIMENTS_WF1_A_V12_R_CORRECTIVE_CAUSAL_TOPOLOGY\WF1_B_EXTERNAL_POPULATION_PARQUET\04_RUNNER\F2_B_FROZEN_PASSIVE_BASELINE\F2_B_FROZEN_SPEC.json,1572
README.txt,C:\RSOS\RSOS_EXPERIMENTS_WF1_A_V12_R_CORRECTIVE_CAUSAL_TOPOLOGY\WF1_B_EXTERNAL_POPULATION_PARQUET\04_RUNNER\F2_B_FROZEN_PASSIVE_BASELINE\README.txt,743
RUN_F2_B.ps1,C:\RSOS\RSOS_EXPERIMENTS_WF1_A_V12_R_CORRECTIVE_CAUSAL_TOPOLOGY\WF1_B_EXTERNAL_POPULATION_PARQUET\04_RUNNER\F2_B_FROZEN_PASSIVE_BASELINE\RUN_F2_B.ps1,733
RUN_F2_B.py,C:\RSOS\RSOS_EXPERIMENTS_WF1_A_V12_R_CORRECTIVE_CAUSAL_TOPOLOGY\WF1_B_EXTERNAL_POPULATION_PARQUET\04_RUNNER\F2_B_FROZEN_PASSIVE_BASELINE\RUN_F2_B.py,35737
PARITY_EXPECTED_V2.csv,C:\RSOS\RSOS_EXPERIMENTS_WF1_A_V12_R_CORRECTIVE_CAUSAL_TOPOLOGY\WF1_B_EXTERNAL_POPULATION_PARQUET\04_RUNNER\F2_B_FROZEN_PASSIVE_BASELINE\fixtures\PARITY_EXPECTED_V2.csv,8909
PARITY_FIXTURES.jsonl,C:\RSOS\RSOS_EXPERIMENTS_WF1_A_V12_R_CORRECTIVE_CAUSAL_TOPOLOGY\WF1_B_EXTERNAL_POPULATION_PARQUET\04_RUNNER\F2_B_FROZEN_PASSIVE_BASELINE\fixtures\PARITY_FIXTURES.jsonl,2175259
WINDOW12_PARITY_EXPECTED.csv,C:\RSOS\RSOS_EXPERIMENTS_WF1_A_V12_R_CORRECTIVE_CAUSAL_TOPOLOGY\WF1_B_EXTERNAL_POPULATION_PARQUET\04_RUNNER\F2_B_FROZEN_PASSIVE_BASELINE\fixtures\WINDOW12_PARITY_EXPECTED.csv,1801
WINDOW8_PARITY_EXPECTED.csv,C:\RSOS\RSOS_EXPERIMENTS_WF1_A_V12_R_CORRECTIVE_CAUSAL_TOPOLOGY\WF1_B_EXTERNAL_POPULATION_PARQUET\04_RUNNER\F2_B_FROZEN_PASSIVE_BASELINE\fixtures\WINDOW8_PARITY_EXPECTED.csv,1722
WINDOW_PARITY_FIXTURE.json,C:\RSOS\RSOS_EXPERIMENTS_WF1_A_V12_R_CORRECTIVE_CAUSAL_TOPOLOGY\WF1_B_EXTERNAL_POPULATION_PARQUET\04_RUNNER\F2_B_FROZEN_PASSIVE_BASELINE\fixtures\WINDOW_PARITY_FIXTURE.json,94422
JOINT_MULTILAYER_V2.joblib,C:\RSOS\RSOS_EXPERIMENTS_WF1_A_V12_R_CORRECTIVE_CAUSAL_TOPOLOGY\WF1_B_EXTERNAL_POPULATION_PARQUET\04_RUNNER\F2_B_FROZEN_PASSIVE_BASELINE\frozen_models\JOINT_MULTILAYER_V2.joblib,5117
OPERATOR_RELATIONAL_V2.joblib,C:\RSOS\RSOS_EXPERIMENTS_WF1_A_V12_R_CORRECTIVE_CAUSAL_TOPOLOGY\WF1_B_EXTERNAL_POPULATION_PARQUET\04_RUNNER\F2_B_FROZEN_PASSIVE_BASELINE\frozen_models\OPERATOR_RELATIONAL_V2.joblib,3725
R1_COMPATIBLE.joblib,C:\RSOS\RSOS_EXPERIMENTS_WF1_A_V12_R_CORRECTIVE_CAUSAL_TOPOLOGY\WF1_B_EXTERNAL_POPULATION_PARQUET\04_RUNNER\F2_B_FROZEN_PASSIVE_BASELINE\frozen_models\R1_COMPATIBLE.joblib,2333
SURFACE_FREE.joblib,C:\RSOS\RSOS_EXPERIMENTS_WF1_A_V12_R_CORRECTIVE_CAUSAL_TOPOLOGY\WF1_B_EXTERNAL_POPULATION_PARQUET\04_RUNNER\F2_B_FROZEN_PASSIVE_BASELINE\frozen_models\SURFACE_FREE.joblib,2989
WINDOW12_DETERMINISTIC_V2.joblib,C:\RSOS\RSOS_EXPERIMENTS_WF1_A_V12_R_CORRECTIVE_CAUSAL_TOPOLOGY\WF1_B_EXTERNAL_POPULATION_PARQUET\04_RUNNER\F2_B_FROZEN_PASSIVE_BASELINE\frozen_models\WINDOW12_DETERMINISTIC_V2.joblib,4093
WINDOW8_DETERMINISTIC_V2.joblib,C:\RSOS\RSOS_EXPERIMENTS_WF1_A_V12_R_CORRECTIVE_CAUSAL_TOPOLOGY\WF1_B_EXTERNAL_POPULATION_PARQUET\04_RUNNER\F2_B_FROZEN_PASSIVE_BASELINE\frozen_models\WINDOW8_DETERMINISTIC_V2.joblib,4077
BR1_LATER_HOLD_POS_FEATURES.csv,C:\RSOS\RSOS_EXPERIMENTS_WF1_A_V12_R_CORRECTIVE_CAUSAL_TOPOLOGY\WF1_B_EXTERNAL_POPULATION_PARQUET\04_RUNNER\F2_B_FROZEN_PASSIVE_BASELINE\reference\BR1_LATER_HOLD_POS_FEATURES.csv,188434
EARLY_NEG_V2_FEATURES.csv,C:\RSOS\RSOS_EXPERIMENTS_WF1_A_V12_R_CORRECTIVE_CAUSAL_TOPOLOGY\WF1_B_EXTERNAL_POPULATION_PARQUET\04_RUNNER\F2_B_FROZEN_PASSIVE_BASELINE\reference\EARLY_NEG_V2_FEATURES.csv,93038
EARLY_POS_V2_FEATURES.csv,C:\RSOS\RSOS_EXPERIMENTS_WF1_A_V12_R_CORRECTIVE_CAUSAL_TOPOLOGY\WF1_B_EXTERNAL_POPULATION_PARQUET\04_RUNNER\F2_B_FROZEN_PASSIVE_BASELINE\reference\EARLY_POS_V2_FEATURES.csv,54865
F2_BR2_FROZEN_SPEC.json,C:\RSOS\RSOS_EXPERIMENTS_WF1_A_V12_R_CORRECTIVE_CAUSAL_TOPOLOGY\WF1_B_EXTERNAL_POPULATION_PARQUET\04_RUNNER\F2_B_FROZEN_PASSIVE_BASELINE\reference\F2_BR2_FROZEN_SPEC.json,8369
FROZEN_FEATURE_SETS.json,C:\RSOS\RSOS_EXPERIMENTS_WF1_A_V12_R_CORRECTIVE_CAUSAL_TOPOLOGY\WF1_B_EXTERNAL_POPULATION_PARQUET\04_RUNNER\F2_B_FROZEN_PASSIVE_BASELINE\reference\FROZEN_FEATURE_SETS.json,3952
LATER_HOLD_NEG_V2_FEATURES.csv,C:\RSOS\RSOS_EXPERIMENTS_WF1_A_V12_R_CORRECTIVE_CAUSAL_TOPOLOGY\WF1_B_EXTERNAL_POPULATION_PARQUET\04_RUNNER\F2_B_FROZEN_PASSIVE_BASELINE\reference\LATER_HOLD_NEG_V2_FEATURES.csv,198584
LATER_HOLD_POS_V2_FEATURES.csv,C:\RSOS\RSOS_EXPERIMENTS_WF1_A_V12_R_CORRECTIVE_CAUSAL_TOPOLOGY\WF1_B_EXTERNAL_POPULATION_PARQUET\04_RUNNER\F2_B_FROZEN_PASSIVE_BASELINE\reference\LATER_HOLD_POS_V2_FEATURES.csv,185024
WINDOW12_DETERMINISTIC_FEATURES.csv,C:\RSOS\RSOS_EXPERIMENTS_WF1_A_V12_R_CORRECTIVE_CAUSAL_TOPOLOGY\WF1_B_EXTERNAL_POPULATION_PARQUET\04_RUNNER\F2_B_FROZEN_PASSIVE_BASELINE\reference\WINDOW12_DETERMINISTIC_FEATURES.csv,352220
WINDOW8_DETERMINISTIC_FEATURES.csv,C:\RSOS\RSOS_EXPERIMENTS_WF1_A_V12_R_CORRECTIVE_CAUSAL_TOPOLOGY\WF1_B_EXTERNAL_POPULATION_PARQUET\04_RUNNER\F2_B_FROZEN_PASSIVE_BASELINE\reference\WINDOW8_DETERMINISTIC_FEATURES.csv,389941
RUN_F2_B.cpython-313.pyc,C:\RSOS\RSOS_EXPERIMENTS_WF1_A_V12_R_CORRECTIVE_CAUSAL_TOPOLOGY\WF1_B_EXTERNAL_POPULATION_PARQUET\04_RUNNER\F2_B_FROZEN_PASSIVE_BASELINE\__pycache__\RUN_F2_B.cpython-313.pyc,81929
09_PRIMARY_CONTRASTS.csv,C:\RSOS\RSOS_EXPERIMENTS_WF1_A_V12_R_CORRECTIVE_CAUSAL_TOPOLOGY\WF1_B_EXTERNAL_POPULATION_PARQUET\03_SIGNATURE_FREEZE\CORROBORATION_S2A\09_PRIMARY_CONTRASTS.csv,4199
11_GRAPH_CLASSIFIERS.csv,C:\RSOS\RSOS_EXPERIMENTS_WF1_A_V12_R_CORRECTIVE_CAUSAL_TOPOLOGY\WF1_B_EXTERNAL_POPULATION_PARQUET\03_SIGNATURE_FREEZE\CORROBORATION_S2A\11_GRAPH_CLASSIFIERS.csv,363
12_SURFACE_INVARIANCE_TESTS.csv,C:\RSOS\RSOS_EXPERIMENTS_WF1_A_V12_R_CORRECTIVE_CAUSAL_TOPOLOGY\WF1_B_EXTERNAL_POPULATION_PARQUET\03_SIGNATURE_FREEZE\CORROBORATION_S2A\12_SURFACE_INVARIANCE_TESTS.csv,1321
16_FINAL_SUMMARY.json,C:\RSOS\RSOS_EXPERIMENTS_WF1_A_V12_R_CORRECTIVE_CAUSAL_TOPOLOGY\WF1_B_EXTERNAL_POPULATION_PARQUET\03_SIGNATURE_FREEZE\CORROBORATION_S2A\16_FINAL_SUMMARY.json,1674
24A_EDGE_REPLICATION.csv,C:\RSOS\RSOS_EXPERIMENTS_WF1_A_V12_R_CORRECTIVE_CAUSAL_TOPOLOGY\WF1_B_EXTERNAL_POPULATION_PARQUET\03_SIGNATURE_FREEZE\CORROBORATION_S2A\24A_EDGE_REPLICATION.csv,2149
24_EDGE_CAUSAL_MAP.csv,C:\RSOS\RSOS_EXPERIMENTS_WF1_A_V12_R_CORRECTIVE_CAUSAL_TOPOLOGY\WF1_B_EXTERNAL_POPULATION_PARQUET\03_SIGNATURE_FREEZE\CORROBORATION_S2A\24_EDGE_CAUSAL_MAP.csv,8706
25A_OPERATOR_MANIPULATION_CHECKS.csv,C:\RSOS\RSOS_EXPERIMENTS_WF1_A_V12_R_CORRECTIVE_CAUSAL_TOPOLOGY\WF1_B_EXTERNAL_POPULATION_PARQUET\03_SIGNATURE_FREEZE\CORROBORATION_S2A\25A_OPERATOR_MANIPULATION_CHECKS.csv,3140
25_OPERATOR_FIDELITY.csv,C:\RSOS\RSOS_EXPERIMENTS_WF1_A_V12_R_CORRECTIVE_CAUSAL_TOPOLOGY\WF1_B_EXTERNAL_POPULATION_PARQUET\03_SIGNATURE_FREEZE\CORROBORATION_S2A\25_OPERATOR_FIDELITY.csv,4114
28_MODEL_NATIVE_SUMMARY.csv,C:\RSOS\RSOS_EXPERIMENTS_WF1_A_V12_R_CORRECTIVE_CAUSAL_TOPOLOGY\WF1_B_EXTERNAL_POPULATION_PARQUET\03_SIGNATURE_FREEZE\CORROBORATION_S2A\28_MODEL_NATIVE_SUMMARY.csv,8487
09_PRIMARY_CONTRASTS.csv,C:\RSOS\RSOS_EXPERIMENTS_WF1_A_V12_R_CORRECTIVE_CAUSAL_TOPOLOGY\WF1_B_EXTERNAL_POPULATION_PARQUET\03_SIGNATURE_FREEZE\PRIMARY_S2B\09_PRIMARY_CONTRASTS.csv,4207
11_GRAPH_CLASSIFIERS.csv,C:\RSOS\RSOS_EXPERIMENTS_WF1_A_V12_R_CORRECTIVE_CAUSAL_TOPOLOGY\WF1_B_EXTERNAL_POPULATION_PARQUET\03_SIGNATURE_FREEZE\PRIMARY_S2B\11_GRAPH_CLASSIFIERS.csv,361
12_SURFACE_INVARIANCE_TESTS.csv,C:\RSOS\RSOS_EXPERIMENTS_WF1_A_V12_R_CORRECTIVE_CAUSAL_TOPOLOGY\WF1_B_EXTERNAL_POPULATION_PARQUET\03_SIGNATURE_FREEZE\PRIMARY_S2B\12_SURFACE_INVARIANCE_TESTS.csv,1312
16_FINAL_SUMMARY.json,C:\RSOS\RSOS_EXPERIMENTS_WF1_A_V12_R_CORRECTIVE_CAUSAL_TOPOLOGY\WF1_B_EXTERNAL_POPULATION_PARQUET\03_SIGNATURE_FREEZE\PRIMARY_S2B\16_FINAL_SUMMARY.json,1675
24A_EDGE_REPLICATION.csv,C:\RSOS\RSOS_EXPERIMENTS_WF1_A_V12_R_CORRECTIVE_CAUSAL_TOPOLOGY\WF1_B_EXTERNAL_POPULATION_PARQUET\03_SIGNATURE_FREEZE\PRIMARY_S2B\24A_EDGE_REPLICATION.csv,2147
24_EDGE_CAUSAL_MAP.csv,C:\RSOS\RSOS_EXPERIMENTS_WF1_A_V12_R_CORRECTIVE_CAUSAL_TOPOLOGY\WF1_B_EXTERNAL_POPULATION_PARQUET\03_SIGNATURE_FREEZE\PRIMARY_S2B\24_EDGE_CAUSAL_MAP.csv,8698
25A_OPERATOR_MANIPULATION_CHECKS.csv,C:\RSOS\RSOS_EXPERIMENTS_WF1_A_V12_R_CORRECTIVE_CAUSAL_TOPOLOGY\WF1_B_EXTERNAL_POPULATION_PARQUET\03_SIGNATURE_FREEZE\PRIMARY_S2B\25A_OPERATOR_MANIPULATION_CHECKS.csv,3141
25_OPERATOR_FIDELITY.csv,C:\RSOS\RSOS_EXPERIMENTS_WF1_A_V12_R_CORRECTIVE_CAUSAL_TOPOLOGY\WF1_B_EXTERNAL_POPULATION_PARQUET\03_SIGNATURE_FREEZE\PRIMARY_S2B\25_OPERATOR_FIDELITY.csv,4102
28_MODEL_NATIVE_SUMMARY.csv,C:\RSOS\RSOS_EXPERIMENTS_WF1_A_V12_R_CORRECTIVE_CAUSAL_TOPOLOGY\WF1_B_EXTERNAL_POPULATION_PARQUET\03_SIGNATURE_FREEZE\PRIMARY_S2B\28_MODEL_NATIVE_SUMMARY.csv,8437
train-00014-of-00086.parquet,C:\RSOS\RSOS_EXPERIMENTS_WF1_A_V12_R_CORRECTIVE_CAUSAL_TOPOLOGY\WF1_B_EXTERNAL_POPULATION_PARQUET\02_DATASETS\RAW_PARQUET\FRESH_CONFIRMATION\train-00014-of-00086.parquet,168003355
train-00007-of-00086.parquet,C:\RSOS\RSOS_EXPERIMENTS_WF1_A_V12_R_CORRECTIVE_CAUSAL_TOPOLOGY\WF1_B_EXTERNAL_POPULATION_PARQUET\02_DATASETS\RAW_PARQUET\RETROSPECTIVE_AUDIT\train-00007-of-00086.parquet,119347100
train-00022-of-00086.parquet,C:\RSOS\RSOS_EXPERIMENTS_WF1_A_V12_R_CORRECTIVE_CAUSAL_TOPOLOGY\WF1_B_EXTERNAL_POPULATION_PARQUET\02_DATASETS\RAW_PARQUET\RETROSPECTIVE_AUDIT\train-00022-of-00086.parquet,138085341
train-00041-of-00086.parquet,C:\RSOS\RSOS_EXPERIMENTS_WF1_A_V12_R_CORRECTIVE_CAUSAL_TOPOLOGY\WF1_B_EXTERNAL_POPULATION_PARQUET\02_DATASETS\RAW_PARQUET\RETROSPECTIVE_AUDIT\train-00041-of-00086.parquet,85601395
train-00049-of-00086.parquet,C:\RSOS\RSOS_EXPERIMENTS_WF1_A_V12_R_CORRECTIVE_CAUSAL_TOPOLOGY\WF1_B_EXTERNAL_POPULATION_PARQUET\02_DATASETS\RAW_PARQUET\RETROSPECTIVE_AUDIT\train-00049-of-00086.parquet,103170595
train-00051-of-00086.parquet,C:\RSOS\RSOS_EXPERIMENTS_WF1_A_V12_R_CORRECTIVE_CAUSAL_TOPOLOGY\WF1_B_EXTERNAL_POPULATION_PARQUET\02_DATASETS\RAW_PARQUET\RETROSPECTIVE_AUDIT\train-00051-of-00086.parquet,156188404
train-00052-of-00086.parquet,C:\RSOS\RSOS_EXPERIMENTS_WF1_A_V12_R_CORRECTIVE_CAUSAL_TOPOLOGY\WF1_B_EXTERNAL_POPULATION_PARQUET\02_DATASETS\RAW_PARQUET\RETROSPECTIVE_AUDIT\train-00052-of-00086.parquet,217887036
train-00054-of-00086.parquet,C:\RSOS\RSOS_EXPERIMENTS_WF1_A_V12_R_CORRECTIVE_CAUSAL_TOPOLOGY\WF1_B_EXTERNAL_POPULATION_PARQUET\02_DATASETS\RAW_PARQUET\RETROSPECTIVE_AUDIT\train-00054-of-00086.parquet,190323883
train-00080-of-00086.parquet,C:\RSOS\RSOS_EXPERIMENTS_WF1_A_V12_R_CORRECTIVE_CAUSAL_TOPOLOGY\WF1_B_EXTERNAL_POPULATION_PARQUET\02_DATASETS\RAW_PARQUET\RETROSPECTIVE_AUDIT\train-00080-of-00086.parquet,186001659
train-00085-of-00086.parquet,C:\RSOS\RSOS_EXPERIMENTS_WF1_A_V12_R_CORRECTIVE_CAUSAL_TOPOLOGY\WF1_B_EXTERNAL_POPULATION_PARQUET\02_DATASETS\RAW_PARQUET\RETROSPECTIVE_AUDIT\train-00085-of-00086.parquet,496266956
00_FULL_LOCAL_ESTATE_SHA256.csv,C:\RSOS\RSOS_EXPERIMENTS_WF1_A_V12_R_CORRECTIVE_CAUSAL_TOPOLOGY\PUBLICATION\WF1_A_WF1_B_GITHUB_PROVENANCE_PACKAGE_v1\00_FULL_LOCAL_ESTATE_SHA256.csv,41762
01_PUBLIC_PROVENANCE_AND_PRIORITY_RECORD.md,C:\RSOS\RSOS_EXPERIMENTS_WF1_A_V12_R_CORRECTIVE_CAUSAL_TOPOLOGY\PUBLICATION\WF1_A_WF1_B_GITHUB_PROVENANCE_PACKAGE_v1\01_PUBLIC_PROVENANCE_AND_PRIORITY_RECORD.md,2749
02_COMPLETE_LOCAL_DIRECTORY_TREE.txt,C:\RSOS\RSOS_EXPERIMENTS_WF1_A_V12_R_CORRECTIVE_CAUSAL_TOPOLOGY\PUBLICATION\WF1_A_WF1_B_GITHUB_PROVENANCE_PACKAGE_v1\02_COMPLETE_LOCAL_DIRECTORY_TREE.txt,28623
03_PUBLIC_PACKAGE_SHA256.csv,C:\RSOS\RSOS_EXPERIMENTS_WF1_A_V12_R_CORRECTIVE_CAUSAL_TOPOLOGY\PUBLICATION\WF1_A_WF1_B_GITHUB_PROVENANCE_PACKAGE_v1\03_PUBLIC_PACKAGE_SHA256.csv,34578
WF1_B_EXPERIMENT_ROOT.txt,C:\RSOS\RSOS_EXPERIMENTS_WF1_A_V12_R_CORRECTIVE_CAUSAL_TOPOLOGY\PUBLICATION\WF1_A_WF1_B_GITHUB_PROVENANCE_PACKAGE_v1\WF1_B_EXTERNAL_POPULATION_PARQUET\00_CONTROL\WF1_B_EXPERIMENT_ROOT.txt,796
WF1_B_EXTERNAL_POPULATION_PREREGISTRATION.txt,C:\RSOS\RSOS_EXPERIMENTS_WF1_A_V12_R_CORRECTIVE_CAUSAL_TOPOLOGY\PUBLICATION\WF1_A_WF1_B_GITHUB_PROVENANCE_PACKAGE_v1\WF1_B_EXTERNAL_POPULATION_PARQUET\01_PROTOCOL\WF1_B_EXTERNAL_POPULATION_PREREGISTRATION.txt,1593
WF1_B_FRESH_CONFIRMATION_SELECTED_SHARDS.csv,C:\RSOS\RSOS_EXPERIMENTS_WF1_A_V12_R_CORRECTIVE_CAUSAL_TOPOLOGY\PUBLICATION\WF1_A_WF1_B_GITHUB_PROVENANCE_PACKAGE_v1\WF1_B_EXTERNAL_POPULATION_PARQUET\01_PROTOCOL\WF1_B_FRESH_CONFIRMATION_SELECTED_SHARDS.csv,909
WF1_B_FRESH_CONFIRMATION_SELECTION.txt,C:\RSOS\RSOS_EXPERIMENTS_WF1_A_V12_R_CORRECTIVE_CAUSAL_TOPOLOGY\PUBLICATION\WF1_A_WF1_B_GITHUB_PROVENANCE_PACKAGE_v1\WF1_B_EXTERNAL_POPULATION_PARQUET\01_PROTOCOL\WF1_B_FRESH_CONFIRMATION_SELECTION.txt,382
WF1_B_FRESH_SELECTION_CORRECTION.txt,C:\RSOS\RSOS_EXPERIMENTS_WF1_A_V12_R_CORRECTIVE_CAUSAL_TOPOLOGY\PUBLICATION\WF1_A_WF1_B_GITHUB_PROVENANCE_PACKAGE_v1\WF1_B_EXTERNAL_POPULATION_PARQUET\01_PROTOCOL\WF1_B_FRESH_SELECTION_CORRECTION.txt,515
WF1_B_FRESH_SHARD_14_FREEZE.txt,C:\RSOS\RSOS_EXPERIMENTS_WF1_A_V12_R_CORRECTIVE_CAUSAL_TOPOLOGY\PUBLICATION\WF1_A_WF1_B_GITHUB_PROVENANCE_PACKAGE_v1\WF1_B_EXTERNAL_POPULATION_PARQUET\01_PROTOCOL\WF1_B_FRESH_SHARD_14_FREEZE.txt,564
00_POST_WF1A_SIGNATURE_FREEZE.json,C:\RSOS\RSOS_EXPERIMENTS_WF1_A_V12_R_CORRECTIVE_CAUSAL_TOPOLOGY\PUBLICATION\WF1_A_WF1_B_GITHUB_PROVENANCE_PACKAGE_v1\WF1_B_EXTERNAL_POPULATION_PARQUET\03_SIGNATURE_FREEZE\00_POST_WF1A_SIGNATURE_FREEZE.json,3277
01_SIGNATURE_FREEZE_SHA256.csv,C:\RSOS\RSOS_EXPERIMENTS_WF1_A_V12_R_CORRECTIVE_CAUSAL_TOPOLOGY\PUBLICATION\WF1_A_WF1_B_GITHUB_PROVENANCE_PACKAGE_v1\WF1_B_EXTERNAL_POPULATION_PARQUET\03_SIGNATURE_FREEZE\01_SIGNATURE_FREEZE_SHA256.csv,2287
02_SIGNATURE_FREEZE_RECORD.txt,C:\RSOS\RSOS_EXPERIMENTS_WF1_A_V12_R_CORRECTIVE_CAUSAL_TOPOLOGY\PUBLICATION\WF1_A_WF1_B_GITHUB_PROVENANCE_PACKAGE_v1\WF1_B_EXTERNAL_POPULATION_PARQUET\03_SIGNATURE_FREEZE\02_SIGNATURE_FREEZE_RECORD.txt,759
01_INSPECT_WILDCHAT_SCHEMA.py,C:\RSOS\RSOS_EXPERIMENTS_WF1_A_V12_R_CORRECTIVE_CAUSAL_TOPOLOGY\PUBLICATION\WF1_A_WF1_B_GITHUB_PROVENANCE_PACKAGE_v1\WF1_B_EXTERNAL_POPULATION_PARQUET\04_RUNNER\01_INSPECT_WILDCHAT_SCHEMA.py,588
BUILD_WF1_B_ADAPTER_R3.py,C:\RSOS\RSOS_EXPERIMENTS_WF1_A_V12_R_CORRECTIVE_CAUSAL_TOPOLOGY\PUBLICATION\WF1_A_WF1_B_GITHUB_PROVENANCE_PACKAGE_v1\WF1_B_EXTERNAL_POPULATION_PARQUET\04_RUNNER\BUILD_WF1_B_ADAPTER_R3.py,1907
RUN_WF1_B_FRESH14_ADAPTER.py,C:\RSOS\RSOS_EXPERIMENTS_WF1_A_V12_R_CORRECTIVE_CAUSAL_TOPOLOGY\PUBLICATION\WF1_A_WF1_B_GITHUB_PROVENANCE_PACKAGE_v1\WF1_B_EXTERNAL_POPULATION_PARQUET\04_RUNNER\RUN_WF1_B_FRESH14_ADAPTER.py,36647
00_CREATE_WF1_B_FOLDER_STRUCTURE.ps1,C:\RSOS\RSOS_EXPERIMENTS_WF1_A_V12_R_CORRECTIVE_CAUSAL_TOPOLOGY\PUBLICATION\WF1_A_WF1_B_GITHUB_PROVENANCE_PACKAGE_v1\WF1_B_EXTERNAL_POPULATION_PARQUET\05_COMMANDS\00_CREATE_WF1_B_FOLDER_STRUCTURE.ps1,586
01_FREEZE_POST_WF1A_SIGNATURE.ps1,C:\RSOS\RSOS_EXPERIMENTS_WF1_A_V12_R_CORRECTIVE_CAUSAL_TOPOLOGY\PUBLICATION\WF1_A_WF1_B_GITHUB_PROVENANCE_PACKAGE_v1\WF1_B_EXTERNAL_POPULATION_PARQUET\05_COMMANDS\01_FREEZE_POST_WF1A_SIGNATURE.ps1,284
03_INSPECT_WILDCHAT_SCHEMA.ps1,C:\RSOS\RSOS_EXPERIMENTS_WF1_A_V12_R_CORRECTIVE_CAUSAL_TOPOLOGY\PUBLICATION\WF1_A_WF1_B_GITHUB_PROVENANCE_PACKAGE_v1\WF1_B_EXTERNAL_POPULATION_PARQUET\05_COMMANDS\03_INSPECT_WILDCHAT_SCHEMA.ps1,307
04_SELECT_AND_DOWNLOAD_FRESH_CONFIRMATION.ps1,C:\RSOS\RSOS_EXPERIMENTS_WF1_A_V12_R_CORRECTIVE_CAUSAL_TOPOLOGY\PUBLICATION\WF1_A_WF1_B_GITHUB_PROVENANCE_PACKAGE_v1\WF1_B_EXTERNAL_POPULATION_PARQUET\05_COMMANDS\04_SELECT_AND_DOWNLOAD_FRESH_CONFIRMATION.ps1,3953
05_RUN_FRESH_SHARD14_F2_BASELINE.ps1,C:\RSOS\RSOS_EXPERIMENTS_WF1_A_V12_R_CORRECTIVE_CAUSAL_TOPOLOGY\PUBLICATION\WF1_A_WF1_B_GITHUB_PROVENANCE_PACKAGE_v1\WF1_B_EXTERNAL_POPULATION_PARQUET\05_COMMANDS\05_RUN_FRESH_SHARD14_F2_BASELINE.ps1,463
WF1_B_FINAL_AUTHORITY_R3.zip,C:\RSOS\RSOS_EXPERIMENTS_WF1_A_V12_R_CORRECTIVE_CAUSAL_TOPOLOGY\PUBLICATION\WF1_A_WF1_B_GITHUB_PROVENANCE_PACKAGE_v1\WF1_B_EXTERNAL_POPULATION_PARQUET\10_FREEZE\WF1_B_FINAL_AUTHORITY_R3.zip,72985
WF1_B_FINAL_FREEZE_RECORD.txt,C:\RSOS\RSOS_EXPERIMENTS_WF1_A_V12_R_CORRECTIVE_CAUSAL_TOPOLOGY\PUBLICATION\WF1_A_WF1_B_GITHUB_PROVENANCE_PACKAGE_v1\WF1_B_EXTERNAL_POPULATION_PARQUET\10_FREEZE\WF1_B_FINAL_FREEZE_RECORD.txt,272
WF1_B_POST_WF1A_SIGNATURE_FREEZE.zip,C:\RSOS\RSOS_EXPERIMENTS_WF1_A_V12_R_CORRECTIVE_CAUSAL_TOPOLOGY\PUBLICATION\WF1_A_WF1_B_GITHUB_PROVENANCE_PACKAGE_v1\WF1_B_EXTERNAL_POPULATION_PARQUET\10_FREEZE\WF1_B_POST_WF1A_SIGNATURE_FREEZE.zip,22486
WILDCHAT_PARQUET_SHA256.csv,C:\RSOS\RSOS_EXPERIMENTS_WF1_A_V12_R_CORRECTIVE_CAUSAL_TOPOLOGY\PUBLICATION\WF1_A_WF1_B_GITHUB_PROVENANCE_PACKAGE_v1\WF1_B_EXTERNAL_POPULATION_PARQUET\EXTERNAL_DATA_PROVENANCE\WILDCHAT_PARQUET_SHA256.csv,1588
00_FINAL_ADJUDICATION.txt,C:\RSOS\RSOS_EXPERIMENTS_WF1_A_V12_R_CORRECTIVE_CAUSAL_TOPOLOGY\PUBLICATION\WF1_A_WF1_B_GITHUB_PROVENANCE_PACKAGE_v1\WF1_B_EXTERNAL_POPULATION_PARQUET\WF1_B_FINAL_AUTHORITY_R3\00_FINAL_ADJUDICATION.txt,2012
01_FINAL_MANIFEST.csv,C:\RSOS\RSOS_EXPERIMENTS_WF1_A_V12_R_CORRECTIVE_CAUSAL_TOPOLOGY\PUBLICATION\WF1_A_WF1_B_GITHUB_PROVENANCE_PACKAGE_v1\WF1_B_EXTERNAL_POPULATION_PARQUET\WF1_B_FINAL_AUTHORITY_R3\01_FINAL_MANIFEST.csv,1845
PRE_EXTERNAL_THRESHOLDS.json,C:\RSOS\RSOS_EXPERIMENTS_WF1_A_V12_R_CORRECTIVE_CAUSAL_TOPOLOGY\PUBLICATION\WF1_A_WF1_B_GITHUB_PROVENANCE_PACKAGE_v1\WF1_B_EXTERNAL_POPULATION_PARQUET\WF1_B_FINAL_AUTHORITY_R3\00_PREFLIGHT\PRE_EXTERNAL_THRESHOLDS.json,2168
SELECTION_AND_METHOD_FREEZE.json,C:\RSOS\RSOS_EXPERIMENTS_WF1_A_V12_R_CORRECTIVE_CAUSAL_TOPOLOGY\PUBLICATION\WF1_A_WF1_B_GITHUB_PROVENANCE_PACKAGE_v1\WF1_B_EXTERNAL_POPULATION_PARQUET\WF1_B_FINAL_AUTHORITY_R3\00_PREFLIGHT\SELECTION_AND_METHOD_FREEZE.json,1531
train-00014-of-00086_SCHEMA.json,C:\RSOS\RSOS_EXPERIMENTS_WF1_A_V12_R_CORRECTIVE_CAUSAL_TOPOLOGY\PUBLICATION\WF1_A_WF1_B_GITHUB_PROVENANCE_PACKAGE_v1\WF1_B_EXTERNAL_POPULATION_PARQUET\WF1_B_FINAL_AUTHORITY_R3\00_PREFLIGHT\train-00014-of-00086_SCHEMA.json,7708
WINDOW_MARGIN_THRESHOLDS.json,C:\RSOS\RSOS_EXPERIMENTS_WF1_A_V12_R_CORRECTIVE_CAUSAL_TOPOLOGY\PUBLICATION\WF1_A_WF1_B_GITHUB_PROVENANCE_PACKAGE_v1\WF1_B_EXTERNAL_POPULATION_PARQUET\WF1_B_FINAL_AUTHORITY_R3\00_PREFLIGHT\WINDOW_MARGIN_THRESHOLDS.json,279
SEPARATION_RESULTS.csv,C:\RSOS\RSOS_EXPERIMENTS_WF1_A_V12_R_CORRECTIVE_CAUSAL_TOPOLOGY\PUBLICATION\WF1_A_WF1_B_GITHUB_PROVENANCE_PACKAGE_v1\WF1_B_EXTERNAL_POPULATION_PARQUET\WF1_B_FINAL_AUTHORITY_R3\02_PRIMARY\SEPARATION_RESULTS.csv,2410
CEM_BALANCE.csv,C:\RSOS\RSOS_EXPERIMENTS_WF1_A_V12_R_CORRECTIVE_CAUSAL_TOPOLOGY\PUBLICATION\WF1_A_WF1_B_GITHUB_PROVENANCE_PACKAGE_v1\WF1_B_EXTERNAL_POPULATION_PARQUET\WF1_B_FINAL_AUTHORITY_R3\05_NUISANCE\CEM_BALANCE.csv,110
CEM_RESULT.csv,C:\RSOS\RSOS_EXPERIMENTS_WF1_A_V12_R_CORRECTIVE_CAUSAL_TOPOLOGY\PUBLICATION\WF1_A_WF1_B_GITHUB_PROVENANCE_PACKAGE_v1\WF1_B_EXTERNAL_POPULATION_PARQUET\WF1_B_FINAL_AUTHORITY_R3\05_NUISANCE\CEM_RESULT.csv,223
CLUSTER_DIAGNOSTIC.json,C:\RSOS\RSOS_EXPERIMENTS_WF1_A_V12_R_CORRECTIVE_CAUSAL_TOPOLOGY\PUBLICATION\WF1_A_WF1_B_GITHUB_PROVENANCE_PACKAGE_v1\WF1_B_EXTERNAL_POPULATION_PARQUET\WF1_B_FINAL_AUTHORITY_R3\05_NUISANCE\CLUSTER_DIAGNOSTIC.json,86
LANGUAGE_DISTRIBUTION.csv,C:\RSOS\RSOS_EXPERIMENTS_WF1_A_V12_R_CORRECTIVE_CAUSAL_TOPOLOGY\PUBLICATION\WF1_A_WF1_B_GITHUB_PROVENANCE_PACKAGE_v1\WF1_B_EXTERNAL_POPULATION_PARQUET\WF1_B_FINAL_AUTHORITY_R3\05_NUISANCE\LANGUAGE_DISTRIBUTION.csv,668
MODEL_DISTRIBUTION.csv,C:\RSOS\RSOS_EXPERIMENTS_WF1_A_V12_R_CORRECTIVE_CAUSAL_TOPOLOGY\PUBLICATION\WF1_A_WF1_B_GITHUB_PROVENANCE_PACKAGE_v1\WF1_B_EXTERNAL_POPULATION_PARQUET\WF1_B_FINAL_AUTHORITY_R3\05_NUISANCE\MODEL_DISTRIBUTION.csv,59
MODEL_LANGUAGE_STRATA_90TOL.csv,C:\RSOS\RSOS_EXPERIMENTS_WF1_A_V12_R_CORRECTIVE_CAUSAL_TOPOLOGY\PUBLICATION\WF1_A_WF1_B_GITHUB_PROVENANCE_PACKAGE_v1\WF1_B_EXTERNAL_POPULATION_PARQUET\WF1_B_FINAL_AUTHORITY_R3\05_NUISANCE\MODEL_LANGUAGE_STRATA_90TOL.csv,666
NEAREST250_MAHALANOBIS.csv,C:\RSOS\RSOS_EXPERIMENTS_WF1_A_V12_R_CORRECTIVE_CAUSAL_TOPOLOGY\PUBLICATION\WF1_A_WF1_B_GITHUB_PROVENANCE_PACKAGE_v1\WF1_B_EXTERNAL_POPULATION_PARQUET\WF1_B_FINAL_AUTHORITY_R3\06_NEAREST\NEAREST250_MAHALANOBIS.csv,68803
NEAREST250_STRICT_COMPOSITE.csv,C:\RSOS\RSOS_EXPERIMENTS_WF1_A_V12_R_CORRECTIVE_CAUSAL_TOPOLOGY\PUBLICATION\WF1_A_WF1_B_GITHUB_PROVENANCE_PACKAGE_v1\WF1_B_EXTERNAL_POPULATION_PARQUET\WF1_B_FINAL_AUTHORITY_R3\06_NEAREST\NEAREST250_STRICT_COMPOSITE.csv,68808
F2_B_SUMMARY.json,C:\RSOS\RSOS_EXPERIMENTS_WF1_A_V12_R_CORRECTIVE_CAUSAL_TOPOLOGY\PUBLICATION\WF1_A_WF1_B_GITHUB_PROVENANCE_PACKAGE_v1\WF1_B_EXTERNAL_POPULATION_PARQUET\WF1_B_FINAL_AUTHORITY_R3\07_AUDIT\F2_B_SUMMARY.json,1827
STATUS_LEDGER.csv,C:\RSOS\RSOS_EXPERIMENTS_WF1_A_V12_R_CORRECTIVE_CAUSAL_TOPOLOGY\PUBLICATION\WF1_A_WF1_B_GITHUB_PROVENANCE_PACKAGE_v1\WF1_B_EXTERNAL_POPULATION_PARQUET\WF1_B_FINAL_AUTHORITY_R3\07_AUDIT\STATUS_LEDGER.csv,1279
PRE_EXTERNAL_THRESHOLDS.json,C:\RSOS\RSOS_EXPERIMENTS_WF1_A_V12_R_CORRECTIVE_CAUSAL_TOPOLOGY\PUBLICATION\WF1_A_WF1_B_GITHUB_PROVENANCE_PACKAGE_v1\WF1_B_EXTERNAL_POPULATION_PARQUET\FRESH_SHARD14_CONFIRMATION_R3\00_PREFLIGHT\PRE_EXTERNAL_THRESHOLDS.json,2168
SELECTION_AND_METHOD_FREEZE.json,C:\RSOS\RSOS_EXPERIMENTS_WF1_A_V12_R_CORRECTIVE_CAUSAL_TOPOLOGY\PUBLICATION\WF1_A_WF1_B_GITHUB_PROVENANCE_PACKAGE_v1\WF1_B_EXTERNAL_POPULATION_PARQUET\FRESH_SHARD14_CONFIRMATION_R3\00_PREFLIGHT\SELECTION_AND_METHOD_FREEZE.json,1531
train-00014-of-00086_SCHEMA.json,C:\RSOS\RSOS_EXPERIMENTS_WF1_A_V12_R_CORRECTIVE_CAUSAL_TOPOLOGY\PUBLICATION\WF1_A_WF1_B_GITHUB_PROVENANCE_PACKAGE_v1\WF1_B_EXTERNAL_POPULATION_PARQUET\FRESH_SHARD14_CONFIRMATION_R3\00_PREFLIGHT\train-00014-of-00086_SCHEMA.json,7708
WINDOW_MARGIN_THRESHOLDS.json,C:\RSOS\RSOS_EXPERIMENTS_WF1_A_V12_R_CORRECTIVE_CAUSAL_TOPOLOGY\PUBLICATION\WF1_A_WF1_B_GITHUB_PROVENANCE_PACKAGE_v1\WF1_B_EXTERNAL_POPULATION_PARQUET\FRESH_SHARD14_CONFIRMATION_R3\00_PREFLIGHT\WINDOW_MARGIN_THRESHOLDS.json,279
EXTRACTION_COUNTS.json,C:\RSOS\RSOS_EXPERIMENTS_WF1_A_V12_R_CORRECTIVE_CAUSAL_TOPOLOGY\PUBLICATION\WF1_A_WF1_B_GITHUB_PROVENANCE_PACKAGE_v1\WF1_B_EXTERNAL_POPULATION_PARQUET\FRESH_SHARD14_CONFIRMATION_R3\01_EXTERNAL_FEATURES\EXTRACTION_COUNTS.json,232
F2_B_EXTERNAL_FEATURES_AND_SCORES.parquet,C:\RSOS\RSOS_EXPERIMENTS_WF1_A_V12_R_CORRECTIVE_CAUSAL_TOPOLOGY\PUBLICATION\WF1_A_WF1_B_GITHUB_PROVENANCE_PACKAGE_v1\WF1_B_EXTERNAL_POPULATION_PARQUET\FRESH_SHARD14_CONFIRMATION_R3\01_EXTERNAL_FEATURES\F2_B_EXTERNAL_FEATURES_AND_SCORES.parquet,7034067
SEPARATION_RESULTS.csv,C:\RSOS\RSOS_EXPERIMENTS_WF1_A_V12_R_CORRECTIVE_CAUSAL_TOPOLOGY\PUBLICATION\WF1_A_WF1_B_GITHUB_PROVENANCE_PACKAGE_v1\WF1_B_EXTERNAL_POPULATION_PARQUET\FRESH_SHARD14_CONFIRMATION_R3\02_PRIMARY\SEPARATION_RESULTS.csv,2410
RARITY_AND_TOLERANCE_RESULTS.csv,C:\RSOS\RSOS_EXPERIMENTS_WF1_A_V12_R_CORRECTIVE_CAUSAL_TOPOLOGY\PUBLICATION\WF1_A_WF1_B_GITHUB_PROVENANCE_PACKAGE_v1\WF1_B_EXTERNAL_POPULATION_PARQUET\FRESH_SHARD14_CONFIRMATION_R3\03_GEOMETRY\RARITY_AND_TOLERANCE_RESULTS.csv,9453
WINDOW_EXTERNAL_RARITY.csv,C:\RSOS\RSOS_EXPERIMENTS_WF1_A_V12_R_CORRECTIVE_CAUSAL_TOPOLOGY\PUBLICATION\WF1_A_WF1_B_GITHUB_PROVENANCE_PACKAGE_v1\WF1_B_EXTERNAL_POPULATION_PARQUET\FRESH_SHARD14_CONFIRMATION_R3\04_WINDOWS\WINDOW_EXTERNAL_RARITY.csv,3068
CEM_BALANCE.csv,C:\RSOS\RSOS_EXPERIMENTS_WF1_A_V12_R_CORRECTIVE_CAUSAL_TOPOLOGY\PUBLICATION\WF1_A_WF1_B_GITHUB_PROVENANCE_PACKAGE_v1\WF1_B_EXTERNAL_POPULATION_PARQUET\FRESH_SHARD14_CONFIRMATION_R3\05_NUISANCE\CEM_BALANCE.csv,110
CEM_RESULT.csv,C:\RSOS\RSOS_EXPERIMENTS_WF1_A_V12_R_CORRECTIVE_CAUSAL_TOPOLOGY\PUBLICATION\WF1_A_WF1_B_GITHUB_PROVENANCE_PACKAGE_v1\WF1_B_EXTERNAL_POPULATION_PARQUET\FRESH_SHARD14_CONFIRMATION_R3\05_NUISANCE\CEM_RESULT.csv,223
CLUSTER_DIAGNOSTIC.json,C:\RSOS\RSOS_EXPERIMENTS_WF1_A_V12_R_CORRECTIVE_CAUSAL_TOPOLOGY\PUBLICATION\WF1_A_WF1_B_GITHUB_PROVENANCE_PACKAGE_v1\WF1_B_EXTERNAL_POPULATION_PARQUET\FRESH_SHARD14_CONFIRMATION_R3\05_NUISANCE\CLUSTER_DIAGNOSTIC.json,86
LANGUAGE_DISTRIBUTION.csv,C:\RSOS\RSOS_EXPERIMENTS_WF1_A_V12_R_CORRECTIVE_CAUSAL_TOPOLOGY\PUBLICATION\WF1_A_WF1_B_GITHUB_PROVENANCE_PACKAGE_v1\WF1_B_EXTERNAL_POPULATION_PARQUET\FRESH_SHARD14_CONFIRMATION_R3\05_NUISANCE\LANGUAGE_DISTRIBUTION.csv,668
MODEL_DISTRIBUTION.csv,C:\RSOS\RSOS_EXPERIMENTS_WF1_A_V12_R_CORRECTIVE_CAUSAL_TOPOLOGY\PUBLICATION\WF1_A_WF1_B_GITHUB_PROVENANCE_PACKAGE_v1\WF1_B_EXTERNAL_POPULATION_PARQUET\FRESH_SHARD14_CONFIRMATION_R3\05_NUISANCE\MODEL_DISTRIBUTION.csv,59
MODEL_LANGUAGE_STRATA_90TOL.csv,C:\RSOS\RSOS_EXPERIMENTS_WF1_A_V12_R_CORRECTIVE_CAUSAL_TOPOLOGY\PUBLICATION\WF1_A_WF1_B_GITHUB_PROVENANCE_PACKAGE_v1\WF1_B_EXTERNAL_POPULATION_PARQUET\FRESH_SHARD14_CONFIRMATION_R3\05_NUISANCE\MODEL_LANGUAGE_STRATA_90TOL.csv,666
NEAREST250_MAHALANOBIS.csv,C:\RSOS\RSOS_EXPERIMENTS_WF1_A_V12_R_CORRECTIVE_CAUSAL_TOPOLOGY\PUBLICATION\WF1_A_WF1_B_GITHUB_PROVENANCE_PACKAGE_v1\WF1_B_EXTERNAL_POPULATION_PARQUET\FRESH_SHARD14_CONFIRMATION_R3\06_NEAREST\NEAREST250_MAHALANOBIS.csv,68803
NEAREST250_STRICT_COMPOSITE.csv,C:\RSOS\RSOS_EXPERIMENTS_WF1_A_V12_R_CORRECTIVE_CAUSAL_TOPOLOGY\PUBLICATION\WF1_A_WF1_B_GITHUB_PROVENANCE_PACKAGE_v1\WF1_B_EXTERNAL_POPULATION_PARQUET\FRESH_SHARD14_CONFIRMATION_R3\06_NEAREST\NEAREST250_STRICT_COMPOSITE.csv,68808
F2_B_SUMMARY.json,C:\RSOS\RSOS_EXPERIMENTS_WF1_A_V12_R_CORRECTIVE_CAUSAL_TOPOLOGY\PUBLICATION\WF1_A_WF1_B_GITHUB_PROVENANCE_PACKAGE_v1\WF1_B_EXTERNAL_POPULATION_PARQUET\FRESH_SHARD14_CONFIRMATION_R3\07_AUDIT\F2_B_SUMMARY.json,1827
STATUS_LEDGER.csv,C:\RSOS\RSOS_EXPERIMENTS_WF1_A_V12_R_CORRECTIVE_CAUSAL_TOPOLOGY\PUBLICATION\WF1_A_WF1_B_GITHUB_PROVENANCE_PACKAGE_v1\WF1_B_EXTERNAL_POPULATION_PARQUET\FRESH_SHARD14_CONFIRMATION_R3\07_AUDIT\STATUS_LEDGER.csv,1279
F2_B_FROZEN_SPEC.json,C:\RSOS\RSOS_EXPERIMENTS_WF1_A_V12_R_CORRECTIVE_CAUSAL_TOPOLOGY\PUBLICATION\WF1_A_WF1_B_GITHUB_PROVENANCE_PACKAGE_v1\WF1_B_EXTERNAL_POPULATION_PARQUET\04_RUNNER\F2_B_FROZEN_PASSIVE_BASELINE\F2_B_FROZEN_SPEC.json,1572
README.txt,C:\RSOS\RSOS_EXPERIMENTS_WF1_A_V12_R_CORRECTIVE_CAUSAL_TOPOLOGY\PUBLICATION\WF1_A_WF1_B_GITHUB_PROVENANCE_PACKAGE_v1\WF1_B_EXTERNAL_POPULATION_PARQUET\04_RUNNER\F2_B_FROZEN_PASSIVE_BASELINE\README.txt,743
RUN_F2_B.ps1,C:\RSOS\RSOS_EXPERIMENTS_WF1_A_V12_R_CORRECTIVE_CAUSAL_TOPOLOGY\PUBLICATION\WF1_A_WF1_B_GITHUB_PROVENANCE_PACKAGE_v1\WF1_B_EXTERNAL_POPULATION_PARQUET\04_RUNNER\F2_B_FROZEN_PASSIVE_BASELINE\RUN_F2_B.ps1,733
RUN_F2_B.py,C:\RSOS\RSOS_EXPERIMENTS_WF1_A_V12_R_CORRECTIVE_CAUSAL_TOPOLOGY\PUBLICATION\WF1_A_WF1_B_GITHUB_PROVENANCE_PACKAGE_v1\WF1_B_EXTERNAL_POPULATION_PARQUET\04_RUNNER\F2_B_FROZEN_PASSIVE_BASELINE\RUN_F2_B.py,35737
RUN_WF1_B_FRESH14_ADAPTER.py,C:\RSOS\RSOS_EXPERIMENTS_WF1_A_V12_R_CORRECTIVE_CAUSAL_TOPOLOGY\PUBLICATION\WF1_A_WF1_B_GITHUB_PROVENANCE_PACKAGE_v1\WF1_B_EXTERNAL_POPULATION_PARQUET\04_RUNNER\F2_B_FROZEN_PASSIVE_BASELINE\RUN_WF1_B_FRESH14_ADAPTER.py,36647
RUN_WF1_B_FRESH14_ADAPTER_R3.py,C:\RSOS\RSOS_EXPERIMENTS_WF1_A_V12_R_CORRECTIVE_CAUSAL_TOPOLOGY\PUBLICATION\WF1_A_WF1_B_GITHUB_PROVENANCE_PACKAGE_v1\WF1_B_EXTERNAL_POPULATION_PARQUET\04_RUNNER\F2_B_FROZEN_PASSIVE_BASELINE\RUN_WF1_B_FRESH14_ADAPTER_R3.py,36431
PARITY_EXPECTED_V2.csv,C:\RSOS\RSOS_EXPERIMENTS_WF1_A_V12_R_CORRECTIVE_CAUSAL_TOPOLOGY\PUBLICATION\WF1_A_WF1_B_GITHUB_PROVENANCE_PACKAGE_v1\WF1_B_EXTERNAL_POPULATION_PARQUET\04_RUNNER\F2_B_FROZEN_PASSIVE_BASELINE\fixtures\PARITY_EXPECTED_V2.csv,8909
PARITY_FIXTURES.jsonl,C:\RSOS\RSOS_EXPERIMENTS_WF1_A_V12_R_CORRECTIVE_CAUSAL_TOPOLOGY\PUBLICATION\WF1_A_WF1_B_GITHUB_PROVENANCE_PACKAGE_v1\WF1_B_EXTERNAL_POPULATION_PARQUET\04_RUNNER\F2_B_FROZEN_PASSIVE_BASELINE\fixtures\PARITY_FIXTURES.jsonl,2175259
WINDOW12_PARITY_EXPECTED.csv,C:\RSOS\RSOS_EXPERIMENTS_WF1_A_V12_R_CORRECTIVE_CAUSAL_TOPOLOGY\PUBLICATION\WF1_A_WF1_B_GITHUB_PROVENANCE_PACKAGE_v1\WF1_B_EXTERNAL_POPULATION_PARQUET\04_RUNNER\F2_B_FROZEN_PASSIVE_BASELINE\fixtures\WINDOW12_PARITY_EXPECTED.csv,1801
WINDOW8_PARITY_EXPECTED.csv,C:\RSOS\RSOS_EXPERIMENTS_WF1_A_V12_R_CORRECTIVE_CAUSAL_TOPOLOGY\PUBLICATION\WF1_A_WF1_B_GITHUB_PROVENANCE_PACKAGE_v1\WF1_B_EXTERNAL_POPULATION_PARQUET\04_RUNNER\F2_B_FROZEN_PASSIVE_BASELINE\fixtures\WINDOW8_PARITY_EXPECTED.csv,1722
WINDOW_PARITY_FIXTURE.json,C:\RSOS\RSOS_EXPERIMENTS_WF1_A_V12_R_CORRECTIVE_CAUSAL_TOPOLOGY\PUBLICATION\WF1_A_WF1_B_GITHUB_PROVENANCE_PACKAGE_v1\WF1_B_EXTERNAL_POPULATION_PARQUET\04_RUNNER\F2_B_FROZEN_PASSIVE_BASELINE\fixtures\WINDOW_PARITY_FIXTURE.json,94422
JOINT_MULTILAYER_V2.joblib,C:\RSOS\RSOS_EXPERIMENTS_WF1_A_V12_R_CORRECTIVE_CAUSAL_TOPOLOGY\PUBLICATION\WF1_A_WF1_B_GITHUB_PROVENANCE_PACKAGE_v1\WF1_B_EXTERNAL_POPULATION_PARQUET\04_RUNNER\F2_B_FROZEN_PASSIVE_BASELINE\frozen_models\JOINT_MULTILAYER_V2.joblib,5117
OPERATOR_RELATIONAL_V2.joblib,C:\RSOS\RSOS_EXPERIMENTS_WF1_A_V12_R_CORRECTIVE_CAUSAL_TOPOLOGY\PUBLICATION\WF1_A_WF1_B_GITHUB_PROVENANCE_PACKAGE_v1\WF1_B_EXTERNAL_POPULATION_PARQUET\04_RUNNER\F2_B_FROZEN_PASSIVE_BASELINE\frozen_models\OPERATOR_RELATIONAL_V2.joblib,3725
R1_COMPATIBLE.joblib,C:\RSOS\RSOS_EXPERIMENTS_WF1_A_V12_R_CORRECTIVE_CAUSAL_TOPOLOGY\PUBLICATION\WF1_A_WF1_B_GITHUB_PROVENANCE_PACKAGE_v1\WF1_B_EXTERNAL_POPULATION_PARQUET\04_RUNNER\F2_B_FROZEN_PASSIVE_BASELINE\frozen_models\R1_COMPATIBLE.joblib,2333
SURFACE_FREE.joblib,C:\RSOS\RSOS_EXPERIMENTS_WF1_A_V12_R_CORRECTIVE_CAUSAL_TOPOLOGY\PUBLICATION\WF1_A_WF1_B_GITHUB_PROVENANCE_PACKAGE_v1\WF1_B_EXTERNAL_POPULATION_PARQUET\04_RUNNER\F2_B_FROZEN_PASSIVE_BASELINE\frozen_models\SURFACE_FREE.joblib,2989
WINDOW12_DETERMINISTIC_V2.joblib,C:\RSOS\RSOS_EXPERIMENTS_WF1_A_V12_R_CORRECTIVE_CAUSAL_TOPOLOGY\PUBLICATION\WF1_A_WF1_B_GITHUB_PROVENANCE_PACKAGE_v1\WF1_B_EXTERNAL_POPULATION_PARQUET\04_RUNNER\F2_B_FROZEN_PASSIVE_BASELINE\frozen_models\WINDOW12_DETERMINISTIC_V2.joblib,4093
WINDOW8_DETERMINISTIC_V2.joblib,C:\RSOS\RSOS_EXPERIMENTS_WF1_A_V12_R_CORRECTIVE_CAUSAL_TOPOLOGY\PUBLICATION\WF1_A_WF1_B_GITHUB_PROVENANCE_PACKAGE_v1\WF1_B_EXTERNAL_POPULATION_PARQUET\04_RUNNER\F2_B_FROZEN_PASSIVE_BASELINE\frozen_models\WINDOW8_DETERMINISTIC_V2.joblib,4077
BR1_LATER_HOLD_POS_FEATURES.csv,C:\RSOS\RSOS_EXPERIMENTS_WF1_A_V12_R_CORRECTIVE_CAUSAL_TOPOLOGY\PUBLICATION\WF1_A_WF1_B_GITHUB_PROVENANCE_PACKAGE_v1\WF1_B_EXTERNAL_POPULATION_PARQUET\04_RUNNER\F2_B_FROZEN_PASSIVE_BASELINE\reference\BR1_LATER_HOLD_POS_FEATURES.csv,188434
EARLY_NEG_V2_FEATURES.csv,C:\RSOS\RSOS_EXPERIMENTS_WF1_A_V12_R_CORRECTIVE_CAUSAL_TOPOLOGY\PUBLICATION\WF1_A_WF1_B_GITHUB_PROVENANCE_PACKAGE_v1\WF1_B_EXTERNAL_POPULATION_PARQUET\04_RUNNER\F2_B_FROZEN_PASSIVE_BASELINE\reference\EARLY_NEG_V2_FEATURES.csv,93038
EARLY_POS_V2_FEATURES.csv,C:\RSOS\RSOS_EXPERIMENTS_WF1_A_V12_R_CORRECTIVE_CAUSAL_TOPOLOGY\PUBLICATION\WF1_A_WF1_B_GITHUB_PROVENANCE_PACKAGE_v1\WF1_B_EXTERNAL_POPULATION_PARQUET\04_RUNNER\F2_B_FROZEN_PASSIVE_BASELINE\reference\EARLY_POS_V2_FEATURES.csv,54865
F2_BR2_FROZEN_SPEC.json,C:\RSOS\RSOS_EXPERIMENTS_WF1_A_V12_R_CORRECTIVE_CAUSAL_TOPOLOGY\PUBLICATION\WF1_A_WF1_B_GITHUB_PROVENANCE_PACKAGE_v1\WF1_B_EXTERNAL_POPULATION_PARQUET\04_RUNNER\F2_B_FROZEN_PASSIVE_BASELINE\reference\F2_BR2_FROZEN_SPEC.json,8369
FROZEN_FEATURE_SETS.json,C:\RSOS\RSOS_EXPERIMENTS_WF1_A_V12_R_CORRECTIVE_CAUSAL_TOPOLOGY\PUBLICATION\WF1_A_WF1_B_GITHUB_PROVENANCE_PACKAGE_v1\WF1_B_EXTERNAL_POPULATION_PARQUET\04_RUNNER\F2_B_FROZEN_PASSIVE_BASELINE\reference\FROZEN_FEATURE_SETS.json,3952
LATER_HOLD_NEG_V2_FEATURES.csv,C:\RSOS\RSOS_EXPERIMENTS_WF1_A_V12_R_CORRECTIVE_CAUSAL_TOPOLOGY\PUBLICATION\WF1_A_WF1_B_GITHUB_PROVENANCE_PACKAGE_v1\WF1_B_EXTERNAL_POPULATION_PARQUET\04_RUNNER\F2_B_FROZEN_PASSIVE_BASELINE\reference\LATER_HOLD_NEG_V2_FEATURES.csv,198584
LATER_HOLD_POS_V2_FEATURES.csv,C:\RSOS\RSOS_EXPERIMENTS_WF1_A_V12_R_CORRECTIVE_CAUSAL_TOPOLOGY\PUBLICATION\WF1_A_WF1_B_GITHUB_PROVENANCE_PACKAGE_v1\WF1_B_EXTERNAL_POPULATION_PARQUET\04_RUNNER\F2_B_FROZEN_PASSIVE_BASELINE\reference\LATER_HOLD_POS_V2_FEATURES.csv,185024
WINDOW12_DETERMINISTIC_FEATURES.csv,C:\RSOS\RSOS_EXPERIMENTS_WF1_A_V12_R_CORRECTIVE_CAUSAL_TOPOLOGY\PUBLICATION\WF1_A_WF1_B_GITHUB_PROVENANCE_PACKAGE_v1\WF1_B_EXTERNAL_POPULATION_PARQUET\04_RUNNER\F2_B_FROZEN_PASSIVE_BASELINE\reference\WINDOW12_DETERMINISTIC_FEATURES.csv,352220
WINDOW8_DETERMINISTIC_FEATURES.csv,C:\RSOS\RSOS_EXPERIMENTS_WF1_A_V12_R_CORRECTIVE_CAUSAL_TOPOLOGY\PUBLICATION\WF1_A_WF1_B_GITHUB_PROVENANCE_PACKAGE_v1\WF1_B_EXTERNAL_POPULATION_PARQUET\04_RUNNER\F2_B_FROZEN_PASSIVE_BASELINE\reference\WINDOW8_DETERMINISTIC_FEATURES.csv,389941
RUN_F2_B.cpython-313.pyc,C:\RSOS\RSOS_EXPERIMENTS_WF1_A_V12_R_CORRECTIVE_CAUSAL_TOPOLOGY\PUBLICATION\WF1_A_WF1_B_GITHUB_PROVENANCE_PACKAGE_v1\WF1_B_EXTERNAL_POPULATION_PARQUET\04_RUNNER\F2_B_FROZEN_PASSIVE_BASELINE\__pycache__\RUN_F2_B.cpython-313.pyc,81929
09_PRIMARY_CONTRASTS.csv,C:\RSOS\RSOS_EXPERIMENTS_WF1_A_V12_R_CORRECTIVE_CAUSAL_TOPOLOGY\PUBLICATION\WF1_A_WF1_B_GITHUB_PROVENANCE_PACKAGE_v1\WF1_B_EXTERNAL_POPULATION_PARQUET\03_SIGNATURE_FREEZE\CORROBORATION_S2A\09_PRIMARY_CONTRASTS.csv,4199
11_GRAPH_CLASSIFIERS.csv,C:\RSOS\RSOS_EXPERIMENTS_WF1_A_V12_R_CORRECTIVE_CAUSAL_TOPOLOGY\PUBLICATION\WF1_A_WF1_B_GITHUB_PROVENANCE_PACKAGE_v1\WF1_B_EXTERNAL_POPULATION_PARQUET\03_SIGNATURE_FREEZE\CORROBORATION_S2A\11_GRAPH_CLASSIFIERS.csv,363
12_SURFACE_INVARIANCE_TESTS.csv,C:\RSOS\RSOS_EXPERIMENTS_WF1_A_V12_R_CORRECTIVE_CAUSAL_TOPOLOGY\PUBLICATION\WF1_A_WF1_B_GITHUB_PROVENANCE_PACKAGE_v1\WF1_B_EXTERNAL_POPULATION_PARQUET\03_SIGNATURE_FREEZE\CORROBORATION_S2A\12_SURFACE_INVARIANCE_TESTS.csv,1321
16_FINAL_SUMMARY.json,C:\RSOS\RSOS_EXPERIMENTS_WF1_A_V12_R_CORRECTIVE_CAUSAL_TOPOLOGY\PUBLICATION\WF1_A_WF1_B_GITHUB_PROVENANCE_PACKAGE_v1\WF1_B_EXTERNAL_POPULATION_PARQUET\03_SIGNATURE_FREEZE\CORROBORATION_S2A\16_FINAL_SUMMARY.json,1674
24A_EDGE_REPLICATION.csv,C:\RSOS\RSOS_EXPERIMENTS_WF1_A_V12_R_CORRECTIVE_CAUSAL_TOPOLOGY\PUBLICATION\WF1_A_WF1_B_GITHUB_PROVENANCE_PACKAGE_v1\WF1_B_EXTERNAL_POPULATION_PARQUET\03_SIGNATURE_FREEZE\CORROBORATION_S2A\24A_EDGE_REPLICATION.csv,2149
24_EDGE_CAUSAL_MAP.csv,C:\RSOS\RSOS_EXPERIMENTS_WF1_A_V12_R_CORRECTIVE_CAUSAL_TOPOLOGY\PUBLICATION\WF1_A_WF1_B_GITHUB_PROVENANCE_PACKAGE_v1\WF1_B_EXTERNAL_POPULATION_PARQUET\03_SIGNATURE_FREEZE\CORROBORATION_S2A\24_EDGE_CAUSAL_MAP.csv,8706
25A_OPERATOR_MANIPULATION_CHECKS.csv,C:\RSOS\RSOS_EXPERIMENTS_WF1_A_V12_R_CORRECTIVE_CAUSAL_TOPOLOGY\PUBLICATION\WF1_A_WF1_B_GITHUB_PROVENANCE_PACKAGE_v1\WF1_B_EXTERNAL_POPULATION_PARQUET\03_SIGNATURE_FREEZE\CORROBORATION_S2A\25A_OPERATOR_MANIPULATION_CHECKS.csv,3140
25_OPERATOR_FIDELITY.csv,C:\RSOS\RSOS_EXPERIMENTS_WF1_A_V12_R_CORRECTIVE_CAUSAL_TOPOLOGY\PUBLICATION\WF1_A_WF1_B_GITHUB_PROVENANCE_PACKAGE_v1\WF1_B_EXTERNAL_POPULATION_PARQUET\03_SIGNATURE_FREEZE\CORROBORATION_S2A\25_OPERATOR_FIDELITY.csv,4114
28_MODEL_NATIVE_SUMMARY.csv,C:\RSOS\RSOS_EXPERIMENTS_WF1_A_V12_R_CORRECTIVE_CAUSAL_TOPOLOGY\PUBLICATION\WF1_A_WF1_B_GITHUB_PROVENANCE_PACKAGE_v1\WF1_B_EXTERNAL_POPULATION_PARQUET\03_SIGNATURE_FREEZE\CORROBORATION_S2A\28_MODEL_NATIVE_SUMMARY.csv,8487
09_PRIMARY_CONTRASTS.csv,C:\RSOS\RSOS_EXPERIMENTS_WF1_A_V12_R_CORRECTIVE_CAUSAL_TOPOLOGY\PUBLICATION\WF1_A_WF1_B_GITHUB_PROVENANCE_PACKAGE_v1\WF1_B_EXTERNAL_POPULATION_PARQUET\03_SIGNATURE_FREEZE\PRIMARY_S2B\09_PRIMARY_CONTRASTS.csv,4207
11_GRAPH_CLASSIFIERS.csv,C:\RSOS\RSOS_EXPERIMENTS_WF1_A_V12_R_CORRECTIVE_CAUSAL_TOPOLOGY\PUBLICATION\WF1_A_WF1_B_GITHUB_PROVENANCE_PACKAGE_v1\WF1_B_EXTERNAL_POPULATION_PARQUET\03_SIGNATURE_FREEZE\PRIMARY_S2B\11_GRAPH_CLASSIFIERS.csv,361
12_SURFACE_INVARIANCE_TESTS.csv,C:\RSOS\RSOS_EXPERIMENTS_WF1_A_V12_R_CORRECTIVE_CAUSAL_TOPOLOGY\PUBLICATION\WF1_A_WF1_B_GITHUB_PROVENANCE_PACKAGE_v1\WF1_B_EXTERNAL_POPULATION_PARQUET\03_SIGNATURE_FREEZE\PRIMARY_S2B\12_SURFACE_INVARIANCE_TESTS.csv,1312
16_FINAL_SUMMARY.json,C:\RSOS\RSOS_EXPERIMENTS_WF1_A_V12_R_CORRECTIVE_CAUSAL_TOPOLOGY\PUBLICATION\WF1_A_WF1_B_GITHUB_PROVENANCE_PACKAGE_v1\WF1_B_EXTERNAL_POPULATION_PARQUET\03_SIGNATURE_FREEZE\PRIMARY_S2B\16_FINAL_SUMMARY.json,1675
24A_EDGE_REPLICATION.csv,C:\RSOS\RSOS_EXPERIMENTS_WF1_A_V12_R_CORRECTIVE_CAUSAL_TOPOLOGY\PUBLICATION\WF1_A_WF1_B_GITHUB_PROVENANCE_PACKAGE_v1\WF1_B_EXTERNAL_POPULATION_PARQUET\03_SIGNATURE_FREEZE\PRIMARY_S2B\24A_EDGE_REPLICATION.csv,2147
24_EDGE_CAUSAL_MAP.csv,C:\RSOS\RSOS_EXPERIMENTS_WF1_A_V12_R_CORRECTIVE_CAUSAL_TOPOLOGY\PUBLICATION\WF1_A_WF1_B_GITHUB_PROVENANCE_PACKAGE_v1\WF1_B_EXTERNAL_POPULATION_PARQUET\03_SIGNATURE_FREEZE\PRIMARY_S2B\24_EDGE_CAUSAL_MAP.csv,8698
25A_OPERATOR_MANIPULATION_CHECKS.csv,C:\RSOS\RSOS_EXPERIMENTS_WF1_A_V12_R_CORRECTIVE_CAUSAL_TOPOLOGY\PUBLICATION\WF1_A_WF1_B_GITHUB_PROVENANCE_PACKAGE_v1\WF1_B_EXTERNAL_POPULATION_PARQUET\03_SIGNATURE_FREEZE\PRIMARY_S2B\25A_OPERATOR_MANIPULATION_CHECKS.csv,3141
25_OPERATOR_FIDELITY.csv,C:\RSOS\RSOS_EXPERIMENTS_WF1_A_V12_R_CORRECTIVE_CAUSAL_TOPOLOGY\PUBLICATION\WF1_A_WF1_B_GITHUB_PROVENANCE_PACKAGE_v1\WF1_B_EXTERNAL_POPULATION_PARQUET\03_SIGNATURE_FREEZE\PRIMARY_S2B\25_OPERATOR_FIDELITY.csv,4102
28_MODEL_NATIVE_SUMMARY.csv,C:\RSOS\RSOS_EXPERIMENTS_WF1_A_V12_R_CORRECTIVE_CAUSAL_TOPOLOGY\PUBLICATION\WF1_A_WF1_B_GITHUB_PROVENANCE_PACKAGE_v1\WF1_B_EXTERNAL_POPULATION_PARQUET\03_SIGNATURE_FREEZE\PRIMARY_S2B\28_MODEL_NATIVE_SUMMARY.csv,8437
WF1_A_R1_COLLECTION_CLOSED_20260913_231818.zip,C:\RSOS\RSOS_EXPERIMENTS_WF1_A_V12_R_CORRECTIVE_CAUSAL_TOPOLOGY\PUBLICATION\WF1_A_WF1_B_GITHUB_PROVENANCE_PACKAGE_v1\WF1_A\ADJUDICATION\WF1_A_R1_COLLECTION_CLOSED_20260913_231818.zip,50599
WF1_A_R1_SENSITIVITY_S1_MISSINGNESS_20260913_232020.zip,C:\RSOS\RSOS_EXPERIMENTS_WF1_A_V12_R_CORRECTIVE_CAUSAL_TOPOLOGY\PUBLICATION\WF1_A_WF1_B_GITHUB_PROVENANCE_PACKAGE_v1\WF1_A\ADJUDICATION\WF1_A_R1_SENSITIVITY_S1_MISSINGNESS_20260913_232020.zip,19196
WF1_A_R1_SENSITIVITY_S2_OUTCOME_20260913_233429.zip,C:\RSOS\RSOS_EXPERIMENTS_WF1_A_V12_R_CORRECTIVE_CAUSAL_TOPOLOGY\PUBLICATION\WF1_A_WF1_B_GITHUB_PROVENANCE_PACKAGE_v1\WF1_A\ADJUDICATION\WF1_A_R1_SENSITIVITY_S2_OUTCOME_20260913_233429.zip,800576
WF1_A_FAILURE_DIAGNOSTIC_20260913_134110.txt,C:\RSOS\RSOS_EXPERIMENTS_WF1_A_V12_R_CORRECTIVE_CAUSAL_TOPOLOGY\PUBLICATION\WF1_A_WF1_B_GITHUB_PROVENANCE_PACKAGE_v1\WF1_A\DIAGNOSTIC\WF1_A_FAILURE_DIAGNOSTIC_20260913_134110.txt,164769
WF1_A_INTERRUPTED_STATE_SHA256_20260913_134110.csv,C:\RSOS\RSOS_EXPERIMENTS_WF1_A_V12_R_CORRECTIVE_CAUSAL_TOPOLOGY\PUBLICATION\WF1_A_WF1_B_GITHUB_PROVENANCE_PACKAGE_v1\WF1_A\DIAGNOSTIC\WF1_A_INTERRUPTED_STATE_SHA256_20260913_134110.csv,2928
WF1_A_INVALID_PLUS_MECHANISM_AUDIT_20260913_134332.txt,C:\RSOS\RSOS_EXPERIMENTS_WF1_A_V12_R_CORRECTIVE_CAUSAL_TOPOLOGY\PUBLICATION\WF1_A_WF1_B_GITHUB_PROVENANCE_PACKAGE_v1\WF1_A\DIAGNOSTIC\WF1_A_INVALID_PLUS_MECHANISM_AUDIT_20260913_134332.txt,88262
WF1_A_R1_PASS3_FINAL_COLLECTION_BOUNDARY_20260913_212144.txt,C:\RSOS\RSOS_EXPERIMENTS_WF1_A_V12_R_CORRECTIVE_CAUSAL_TOPOLOGY\PUBLICATION\WF1_A_WF1_B_GITHUB_PROVENANCE_PACKAGE_v1\WF1_A\DIAGNOSTIC\WF1_A_R1_PASS3_FINAL_COLLECTION_BOUNDARY_20260913_212144.txt,1945
WF1_A_R1_PRE_PASS3_MISSING_CELLS_20260913_212144.csv,C:\RSOS\RSOS_EXPERIMENTS_WF1_A_V12_R_CORRECTIVE_CAUSAL_TOPOLOGY\PUBLICATION\WF1_A_WF1_B_GITHUB_PROVENANCE_PACKAGE_v1\WF1_A\DIAGNOSTIC\WF1_A_R1_PRE_PASS3_MISSING_CELLS_20260913_212144.csv,1062
WF1_A_V12_R_PREREGISTRATION_SHA256.csv,C:\RSOS\RSOS_EXPERIMENTS_WF1_A_V12_R_CORRECTIVE_CAUSAL_TOPOLOGY\PUBLICATION\WF1_A_WF1_B_GITHUB_PROVENANCE_PACKAGE_v1\WF1_A\FREEZE\WF1_A_V12_R_PREREGISTRATION_SHA256.csv,387
WF1_A_V12_R_PREREGISTRATION_PACKAGE.zip,C:\RSOS\RSOS_EXPERIMENTS_WF1_A_V12_R_CORRECTIVE_CAUSAL_TOPOLOGY\PUBLICATION\WF1_A_WF1_B_GITHUB_PROVENANCE_PACKAGE_v1\WF1_A\PACKAGE\WF1_A_V12_R_PREREGISTRATION_PACKAGE.zip,29849
00_FULL_EXECUTION_BOUNDARY.txt,C:\RSOS\RSOS_EXPERIMENTS_WF1_A_V12_R_CORRECTIVE_CAUSAL_TOPOLOGY\PUBLICATION\WF1_A_WF1_B_GITHUB_PROVENANCE_PACKAGE_v1\WF1_A\PROTOCOL\00_FULL_EXECUTION_BOUNDARY.txt,659
WF1_A_V12_R_PREREGISTERED_PROTOCOL.md,C:\RSOS\RSOS_EXPERIMENTS_WF1_A_V12_R_CORRECTIVE_CAUSAL_TOPOLOGY\PUBLICATION\WF1_A_WF1_B_GITHUB_PROVENANCE_PACKAGE_v1\WF1_A\PROTOCOL\WF1_A_V12_R_PREREGISTERED_PROTOCOL.md,7147
WF1_A_V12_R_PREREGISTRATION.json,C:\RSOS\RSOS_EXPERIMENTS_WF1_A_V12_R_CORRECTIVE_CAUSAL_TOPOLOGY\PUBLICATION\WF1_A_WF1_B_GITHUB_PROVENANCE_PACKAGE_v1\WF1_A\PROTOCOL\WF1_A_V12_R_PREREGISTRATION.json,1490
RUN_WF1_A_V12_R_CORRECTIVE_CAUSAL_TOPOLOGY_R1.py,C:\RSOS\RSOS_EXPERIMENTS_WF1_A_V12_R_CORRECTIVE_CAUSAL_TOPOLOGY\PUBLICATION\WF1_A_WF1_B_GITHUB_PROVENANCE_PACKAGE_v1\WF1_A\RUNNER\RUN_WF1_A_V12_R_CORRECTIVE_CAUSAL_TOPOLOGY_R1.py,124186
00_V12_FREEZE_RECORD.txt,C:\RSOS\RSOS_EXPERIMENTS_WF1_A_V12_R_CORRECTIVE_CAUSAL_TOPOLOGY\PUBLICATION\WF1_A_WF1_B_GITHUB_PROVENANCE_PACKAGE_v1\WF1_A\SOURCE_PROVENANCE\00_V12_FREEZE_RECORD.txt,969
00_WF1_A_INPUT_SHA256.csv,C:\RSOS\RSOS_EXPERIMENTS_WF1_A_V12_R_CORRECTIVE_CAUSAL_TOPOLOGY\PUBLICATION\WF1_A_WF1_B_GITHUB_PROVENANCE_PACKAGE_v1\WF1_A\SOURCE_PROVENANCE\00_WF1_A_INPUT_SHA256.csv,3312
00_WF1_A_STAGING_RECORD.txt,C:\RSOS\RSOS_EXPERIMENTS_WF1_A_V12_R_CORRECTIVE_CAUSAL_TOPOLOGY\PUBLICATION\WF1_A_WF1_B_GITHUB_PROVENANCE_PACKAGE_v1\WF1_A\SOURCE_PROVENANCE\00_WF1_A_STAGING_RECORD.txt,861
03_FROZEN_SPECIFICATION.json,C:\RSOS\RSOS_EXPERIMENTS_WF1_A_V12_R_CORRECTIVE_CAUSAL_TOPOLOGY\PUBLICATION\WF1_A_WF1_B_GITHUB_PROVENANCE_PACKAGE_v1\WF1_A\SOURCE_PROVENANCE\03_FROZEN_SPECIFICATION.json,5888
04_FROZEN_SPECIFICATION_SHA256.txt,C:\RSOS\RSOS_EXPERIMENTS_WF1_A_V12_R_CORRECTIVE_CAUSAL_TOPOLOGY\PUBLICATION\WF1_A_WF1_B_GITHUB_PROVENANCE_PACKAGE_v1\WF1_A\SOURCE_PROVENANCE\04_FROZEN_SPECIFICATION_SHA256.txt,66
05_FROZEN_PROMPTS.csv,C:\RSOS\RSOS_EXPERIMENTS_WF1_A_V12_R_CORRECTIVE_CAUSAL_TOPOLOGY\PUBLICATION\WF1_A_WF1_B_GITHUB_PROVENANCE_PACKAGE_v1\WF1_A\SOURCE_PROVENANCE\05_FROZEN_PROMPTS.csv,7879757
14_CONTROL_MATCH_AUDIT.csv,C:\RSOS\RSOS_EXPERIMENTS_WF1_A_V12_R_CORRECTIVE_CAUSAL_TOPOLOGY\PUBLICATION\WF1_A_WF1_B_GITHUB_PROVENANCE_PACKAGE_v1\WF1_A\SOURCE_PROVENANCE\14_CONTROL_MATCH_AUDIT.csv,185162
19_SOURCE_PROVENANCE.csv,C:\RSOS\RSOS_EXPERIMENTS_WF1_A_V12_R_CORRECTIVE_CAUSAL_TOPOLOGY\PUBLICATION\WF1_A_WF1_B_GITHUB_PROVENANCE_PACKAGE_v1\WF1_A\SOURCE_PROVENANCE\19_SOURCE_PROVENANCE.csv,994
26_NATIVE_FROZEN_PROMPTS.csv,C:\RSOS\RSOS_EXPERIMENTS_WF1_A_V12_R_CORRECTIVE_CAUSAL_TOPOLOGY\PUBLICATION\WF1_A_WF1_B_GITHUB_PROVENANCE_PACKAGE_v1\WF1_A\SOURCE_PROVENANCE\26_NATIVE_FROZEN_PROMPTS.csv,165400
RUN_V12_RELATIONAL_TOPOLOGY_CAUSAL_MAP_JSON_R4.py,C:\RSOS\RSOS_EXPERIMENTS_WF1_A_V12_R_CORRECTIVE_CAUSAL_TOPOLOGY\PUBLICATION\WF1_A_WF1_B_GITHUB_PROVENANCE_PACKAGE_v1\WF1_A\SOURCE_PROVENANCE\RUN_V12_RELATIONAL_TOPOLOGY_CAUSAL_MAP_JSON_R4.py,124801
00D_PREFLIGHT_SUMMARY.json,C:\RSOS\RSOS_EXPERIMENTS_WF1_A_V12_R_CORRECTIVE_CAUSAL_TOPOLOGY\PUBLICATION\WF1_A_WF1_B_GITHUB_PROVENANCE_PACKAGE_v1\WF1_A\PROTOCOL\PREFLIGHT_FREEZE\00D_PREFLIGHT_SUMMARY.json,402
00_FROZEN_RUNNER.py,C:\RSOS\RSOS_EXPERIMENTS_WF1_A_V12_R_CORRECTIVE_CAUSAL_TOPOLOGY\PUBLICATION\WF1_A_WF1_B_GITHUB_PROVENANCE_PACKAGE_v1\WF1_A\PROTOCOL\PREFLIGHT_FREEZE\00_FROZEN_RUNNER.py,124186
00_PREFLIGHT_FREEZE_RECORD.txt,C:\RSOS\RSOS_EXPERIMENTS_WF1_A_V12_R_CORRECTIVE_CAUSAL_TOPOLOGY\PUBLICATION\WF1_A_WF1_B_GITHUB_PROVENANCE_PACKAGE_v1\WF1_A\PROTOCOL\PREFLIGHT_FREEZE\00_PREFLIGHT_FREEZE_RECORD.txt,701
00_PREFLIGHT_FREEZE_SHA256.csv,C:\RSOS\RSOS_EXPERIMENTS_WF1_A_V12_R_CORRECTIVE_CAUSAL_TOPOLOGY\PUBLICATION\WF1_A_WF1_B_GITHUB_PROVENANCE_PACKAGE_v1\WF1_A\PROTOCOL\PREFLIGHT_FREEZE\00_PREFLIGHT_FREEZE_SHA256.csv,967
00_RUNNER_SHA256.txt,C:\RSOS\RSOS_EXPERIMENTS_WF1_A_V12_R_CORRECTIVE_CAUSAL_TOPOLOGY\PUBLICATION\WF1_A_WF1_B_GITHUB_PROVENANCE_PACKAGE_v1\WF1_A\PROTOCOL\PREFLIGHT_FREEZE\00_RUNNER_SHA256.txt,66
03_FROZEN_SPECIFICATION.json,C:\RSOS\RSOS_EXPERIMENTS_WF1_A_V12_R_CORRECTIVE_CAUSAL_TOPOLOGY\PUBLICATION\WF1_A_WF1_B_GITHUB_PROVENANCE_PACKAGE_v1\WF1_A\PROTOCOL\PREFLIGHT_FREEZE\03_FROZEN_SPECIFICATION.json,5888
04_FROZEN_SPECIFICATION_SHA256.txt,C:\RSOS\RSOS_EXPERIMENTS_WF1_A_V12_R_CORRECTIVE_CAUSAL_TOPOLOGY\PUBLICATION\WF1_A_WF1_B_GITHUB_PROVENANCE_PACKAGE_v1\WF1_A\PROTOCOL\PREFLIGHT_FREEZE\04_FROZEN_SPECIFICATION_SHA256.txt,66
05_FROZEN_PROMPTS.csv,C:\RSOS\RSOS_EXPERIMENTS_WF1_A_V12_R_CORRECTIVE_CAUSAL_TOPOLOGY\PUBLICATION\WF1_A_WF1_B_GITHUB_PROVENANCE_PACKAGE_v1\WF1_A\PROTOCOL\PREFLIGHT_FREEZE\05_FROZEN_PROMPTS.csv,7879757
14_CONTROL_MATCH_AUDIT.csv,C:\RSOS\RSOS_EXPERIMENTS_WF1_A_V12_R_CORRECTIVE_CAUSAL_TOPOLOGY\PUBLICATION\WF1_A_WF1_B_GITHUB_PROVENANCE_PACKAGE_v1\WF1_A\PROTOCOL\PREFLIGHT_FREEZE\14_CONTROL_MATCH_AUDIT.csv,185162
19_SOURCE_PROVENANCE.csv,C:\RSOS\RSOS_EXPERIMENTS_WF1_A_V12_R_CORRECTIVE_CAUSAL_TOPOLOGY\PUBLICATION\WF1_A_WF1_B_GITHUB_PROVENANCE_PACKAGE_v1\WF1_A\PROTOCOL\PREFLIGHT_FREEZE\19_SOURCE_PROVENANCE.csv,994
26_NATIVE_FROZEN_PROMPTS.csv,C:\RSOS\RSOS_EXPERIMENTS_WF1_A_V12_R_CORRECTIVE_CAUSAL_TOPOLOGY\PUBLICATION\WF1_A_WF1_B_GITHUB_PROVENANCE_PACKAGE_v1\WF1_A\PROTOCOL\PREFLIGHT_FREEZE\26_NATIVE_FROZEN_PROMPTS.csv,165400
WF1_A_FINAL_ENDPOINT_AUDIT_FULL_20260913_235758.txt,C:\RSOS\RSOS_EXPERIMENTS_WF1_A_V12_R_CORRECTIVE_CAUSAL_TOPOLOGY\PUBLICATION\WF1_A_WF1_B_GITHUB_PROVENANCE_PACKAGE_v1\WF1_A\ADJUDICATION\WF1_A_FINAL_ENDPOINT_AUDIT_20260913_235758\WF1_A_FINAL_ENDPOINT_AUDIT_FULL_20260913_235758.txt,548364
00_FINAL_COMPLETENESS.json,C:\RSOS\RSOS_EXPERIMENTS_WF1_A_V12_R_CORRECTIVE_CAUSAL_TOPOLOGY\PUBLICATION\WF1_A_WF1_B_GITHUB_PROVENANCE_PACKAGE_v1\WF1_A\ADJUDICATION\WF1_A_R1_COLLECTION_CLOSED_20260913_231818\00_FINAL_COMPLETENESS.json,233
01_FINAL_PERSISTENT_MISSING_CELLS.csv,C:\RSOS\RSOS_EXPERIMENTS_WF1_A_V12_R_CORRECTIVE_CAUSAL_TOPOLOGY\PUBLICATION\WF1_A_WF1_B_GITHUB_PROVENANCE_PACKAGE_v1\WF1_A\ADJUDICATION\WF1_A_R1_COLLECTION_CLOSED_20260913_231818\01_FINAL_PERSISTENT_MISSING_CELLS.csv,657
02_FROZEN_RUNNER.py,C:\RSOS\RSOS_EXPERIMENTS_WF1_A_V12_R_CORRECTIVE_CAUSAL_TOPOLOGY\PUBLICATION\WF1_A_WF1_B_GITHUB_PROVENANCE_PACKAGE_v1\WF1_A\ADJUDICATION\WF1_A_R1_COLLECTION_CLOSED_20260913_231818\02_FROZEN_RUNNER.py,124186
03_FULL_ERROR_HISTORY.jsonl,C:\RSOS\RSOS_EXPERIMENTS_WF1_A_V12_R_CORRECTIVE_CAUSAL_TOPOLOGY\PUBLICATION\WF1_A_WF1_B_GITHUB_PROVENANCE_PACKAGE_v1\WF1_A\ADJUDICATION\WF1_A_R1_COLLECTION_CLOSED_20260913_231818\03_FULL_ERROR_HISTORY.jsonl,228410
04_PERSISTENT_RESIDUE_FAILURE_AUDIT.csv,C:\RSOS\RSOS_EXPERIMENTS_WF1_A_V12_R_CORRECTIVE_CAUSAL_TOPOLOGY\PUBLICATION\WF1_A_WF1_B_GITHUB_PROVENANCE_PACKAGE_v1\WF1_A\ADJUDICATION\WF1_A_R1_COLLECTION_CLOSED_20260913_231818\04_PERSISTENT_RESIDUE_FAILURE_AUDIT.csv,2674
05_COLLECTION_CLOSE_RECORD.txt,C:\RSOS\RSOS_EXPERIMENTS_WF1_A_V12_R_CORRECTIVE_CAUSAL_TOPOLOGY\PUBLICATION\WF1_A_WF1_B_GITHUB_PROVENANCE_PACKAGE_v1\WF1_A\ADJUDICATION\WF1_A_R1_COLLECTION_CLOSED_20260913_231818\05_COLLECTION_CLOSE_RECORD.txt,1900
06_FINAL_SOURCE_TREE_SHA256.csv,C:\RSOS\RSOS_EXPERIMENTS_WF1_A_V12_R_CORRECTIVE_CAUSAL_TOPOLOGY\PUBLICATION\WF1_A_WF1_B_GITHUB_PROVENANCE_PACKAGE_v1\WF1_A\ADJUDICATION\WF1_A_R1_COLLECTION_CLOSED_20260913_231818\06_FINAL_SOURCE_TREE_SHA256.csv,13545
07_COLLECTION_FREEZE_SHA256.csv,C:\RSOS\RSOS_EXPERIMENTS_WF1_A_V12_R_CORRECTIVE_CAUSAL_TOPOLOGY\PUBLICATION\WF1_A_WF1_B_GITHUB_PROVENANCE_PACKAGE_v1\WF1_A\ADJUDICATION\WF1_A_R1_COLLECTION_CLOSED_20260913_231818\07_COLLECTION_FREEZE_SHA256.csv,787
01_PERSISTENT_RESIDUE.csv,C:\RSOS\RSOS_EXPERIMENTS_WF1_A_V12_R_CORRECTIVE_CAUSAL_TOPOLOGY\PUBLICATION\WF1_A_WF1_B_GITHUB_PROVENANCE_PACKAGE_v1\WF1_A\ADJUDICATION\WF1_A_R1_SENSITIVITY_S1_MISSINGNESS_20260913_232020\01_PERSISTENT_RESIDUE.csv,2191
02_MISSINGNESS_BY_CONDITION.csv,C:\RSOS\RSOS_EXPERIMENTS_WF1_A_V12_R_CORRECTIVE_CAUSAL_TOPOLOGY\PUBLICATION\WF1_A_WF1_B_GITHUB_PROVENANCE_PACKAGE_v1\WF1_A\ADJUDICATION\WF1_A_R1_SENSITIVITY_S1_MISSINGNESS_20260913_232020\02_MISSINGNESS_BY_CONDITION.csv,1725
03_MISSINGNESS_BY_SEED.csv,C:\RSOS\RSOS_EXPERIMENTS_WF1_A_V12_R_CORRECTIVE_CAUSAL_TOPOLOGY\PUBLICATION\WF1_A_WF1_B_GITHUB_PROVENANCE_PACKAGE_v1\WF1_A\ADJUDICATION\WF1_A_R1_SENSITIVITY_S1_MISSINGNESS_20260913_232020\03_MISSINGNESS_BY_SEED.csv,1897
04_MISSINGNESS_BY_REP.csv,C:\RSOS\RSOS_EXPERIMENTS_WF1_A_V12_R_CORRECTIVE_CAUSAL_TOPOLOGY\PUBLICATION\WF1_A_WF1_B_GITHUB_PROVENANCE_PACKAGE_v1\WF1_A\ADJUDICATION\WF1_A_R1_SENSITIVITY_S1_MISSINGNESS_20260913_232020\04_MISSINGNESS_BY_REP.csv,170
05_SEED_CONDITION_REPLICATE_CLUSTERS.csv,C:\RSOS\RSOS_EXPERIMENTS_WF1_A_V12_R_CORRECTIVE_CAUSAL_TOPOLOGY\PUBLICATION\WF1_A_WF1_B_GITHUB_PROVENANCE_PACKAGE_v1\WF1_A\ADJUDICATION\WF1_A_R1_SENSITIVITY_S1_MISSINGNESS_20260913_232020\05_SEED_CONDITION_REPLICATE_CLUSTERS.csv,71894
06_S1_MISSINGNESS_SUMMARY.json,C:\RSOS\RSOS_EXPERIMENTS_WF1_A_V12_R_CORRECTIVE_CAUSAL_TOPOLOGY\PUBLICATION\WF1_A_WF1_B_GITHUB_PROVENANCE_PACKAGE_v1\WF1_A\ADJUDICATION\WF1_A_R1_SENSITIVITY_S1_MISSINGNESS_20260913_232020\06_S1_MISSINGNESS_SUMMARY.json,2304
07_S1_HUMAN_READABLE_REPORT.txt,C:\RSOS\RSOS_EXPERIMENTS_WF1_A_V12_R_CORRECTIVE_CAUSAL_TOPOLOGY\PUBLICATION\WF1_A_WF1_B_GITHUB_PROVENANCE_PACKAGE_v1\WF1_A\ADJUDICATION\WF1_A_R1_SENSITIVITY_S1_MISSINGNESS_20260913_232020\07_S1_HUMAN_READABLE_REPORT.txt,3864
08_S1_SHA256_MANIFEST.csv,C:\RSOS\RSOS_EXPERIMENTS_WF1_A_V12_R_CORRECTIVE_CAUSAL_TOPOLOGY\PUBLICATION\WF1_A_WF1_B_GITHUB_PROVENANCE_PACKAGE_v1\WF1_A\ADJUDICATION\WF1_A_R1_SENSITIVITY_S1_MISSINGNESS_20260913_232020\08_S1_SHA256_MANIFEST.csv,838
RUN_WF1_A_S1_MISSINGNESS_AUDIT.py,C:\RSOS\RSOS_EXPERIMENTS_WF1_A_V12_R_CORRECTIVE_CAUSAL_TOPOLOGY\PUBLICATION\WF1_A_WF1_B_GITHUB_PROVENANCE_PACKAGE_v1\WF1_A\ADJUDICATION\WF1_A_R1_SENSITIVITY_S1_MISSINGNESS_20260913_232020\RUN_WF1_A_S1_MISSINGNESS_AUDIT.py,24345
01_SCENARIO_SEED_COUNTS.csv,C:\RSOS\RSOS_EXPERIMENTS_WF1_A_V12_R_CORRECTIVE_CAUSAL_TOPOLOGY\PUBLICATION\WF1_A_WF1_B_GITHUB_PROVENANCE_PACKAGE_v1\WF1_A\ADJUDICATION\WF1_A_R1_SENSITIVITY_S2_OUTCOME_20260913_233429\01_SCENARIO_SEED_COUNTS.csv,134
02_MISSINGNESS_PRIMARY_IMPACT_MAP.csv,C:\RSOS\RSOS_EXPERIMENTS_WF1_A_V12_R_CORRECTIVE_CAUSAL_TOPOLOGY\PUBLICATION\WF1_A_WF1_B_GITHUB_PROVENANCE_PACKAGE_v1\WF1_A\ADJUDICATION\WF1_A_R1_SENSITIVITY_S2_OUTCOME_20260913_233429\02_MISSINGNESS_PRIMARY_IMPACT_MAP.csv,1094
03_S2_OUTCOME_COMPARISON.csv,C:\RSOS\RSOS_EXPERIMENTS_WF1_A_V12_R_CORRECTIVE_CAUSAL_TOPOLOGY\PUBLICATION\WF1_A_WF1_B_GITHUB_PROVENANCE_PACKAGE_v1\WF1_A\ADJUDICATION\WF1_A_R1_SENSITIVITY_S2_OUTCOME_20260913_233429\03_S2_OUTCOME_COMPARISON.csv,878
04_S2_ROBUSTNESS_ADJUDICATION.json,C:\RSOS\RSOS_EXPERIMENTS_WF1_A_V12_R_CORRECTIVE_CAUSAL_TOPOLOGY\PUBLICATION\WF1_A_WF1_B_GITHUB_PROVENANCE_PACKAGE_v1\WF1_A\ADJUDICATION\WF1_A_R1_SENSITIVITY_S2_OUTCOME_20260913_233429\04_S2_ROBUSTNESS_ADJUDICATION.json,1896
05_S2_HUMAN_READABLE_REPORT.txt,C:\RSOS\RSOS_EXPERIMENTS_WF1_A_V12_R_CORRECTIVE_CAUSAL_TOPOLOGY\PUBLICATION\WF1_A_WF1_B_GITHUB_PROVENANCE_PACKAGE_v1\WF1_A\ADJUDICATION\WF1_A_R1_SENSITIVITY_S2_OUTCOME_20260913_233429\05_S2_HUMAN_READABLE_REPORT.txt,2542
06_S2_SHA256_MANIFEST.csv,C:\RSOS\RSOS_EXPERIMENTS_WF1_A_V12_R_CORRECTIVE_CAUSAL_TOPOLOGY\PUBLICATION\WF1_A_WF1_B_GITHUB_PROVENANCE_PACKAGE_v1\WF1_A\ADJUDICATION\WF1_A_R1_SENSITIVITY_S2_OUTCOME_20260913_233429\06_S2_SHA256_MANIFEST.csv,5157
RUN_WF1_A_S2_OUTCOME_SENSITIVITY.py,C:\RSOS\RSOS_EXPERIMENTS_WF1_A_V12_R_CORRECTIVE_CAUSAL_TOPOLOGY\PUBLICATION\WF1_A_WF1_B_GITHUB_PROVENANCE_PACKAGE_v1\WF1_A\ADJUDICATION\WF1_A_R1_SENSITIVITY_S2_OUTCOME_20260913_233429\RUN_WF1_A_S2_OUTCOME_SENSITIVITY.py,25576
00_SENSITIVITY_SCENARIO_METADATA.json,C:\RSOS\RSOS_EXPERIMENTS_WF1_A_V12_R_CORRECTIVE_CAUSAL_TOPOLOGY\PUBLICATION\WF1_A_WF1_B_GITHUB_PROVENANCE_PACKAGE_v1\WF1_A\ADJUDICATION\WF1_A_R1_SENSITIVITY_S2_OUTCOME_20260913_233429\S2A_GROUP_COMPLETE\00_SENSITIVITY_SCENARIO_METADATA.json,1402
06_RESPONSE_GRAPH_FEATURES.csv,C:\RSOS\RSOS_EXPERIMENTS_WF1_A_V12_R_CORRECTIVE_CAUSAL_TOPOLOGY\PUBLICATION\WF1_A_WF1_B_GITHUB_PROVENANCE_PACKAGE_v1\WF1_A\ADJUDICATION\WF1_A_R1_SENSITIVITY_S2_OUTCOME_20260913_233429\S2A_GROUP_COMPLETE\06_RESPONSE_GRAPH_FEATURES.csv,2017306
07_SEED_LEVEL_GRAPH_VECTOR.csv,C:\RSOS\RSOS_EXPERIMENTS_WF1_A_V12_R_CORRECTIVE_CAUSAL_TOPOLOGY\PUBLICATION\WF1_A_WF1_B_GITHUB_PROVENANCE_PACKAGE_v1\WF1_A\ADJUDICATION\WF1_A_R1_SENSITIVITY_S2_OUTCOME_20260913_233429\S2A_GROUP_COMPLETE\07_SEED_LEVEL_GRAPH_VECTOR.csv,737029
08_CONDITION_RESULTS.csv,C:\RSOS\RSOS_EXPERIMENTS_WF1_A_V12_R_CORRECTIVE_CAUSAL_TOPOLOGY\PUBLICATION\WF1_A_WF1_B_GITHUB_PROVENANCE_PACKAGE_v1\WF1_A\ADJUDICATION\WF1_A_R1_SENSITIVITY_S2_OUTCOME_20260913_233429\S2A_GROUP_COMPLETE\08_CONDITION_RESULTS.csv,26777
09_PRIMARY_CONTRASTS.csv,C:\RSOS\RSOS_EXPERIMENTS_WF1_A_V12_R_CORRECTIVE_CAUSAL_TOPOLOGY\PUBLICATION\WF1_A_WF1_B_GITHUB_PROVENANCE_PACKAGE_v1\WF1_A\ADJUDICATION\WF1_A_R1_SENSITIVITY_S2_OUTCOME_20260913_233429\S2A_GROUP_COMPLETE\09_PRIMARY_CONTRASTS.csv,4199
10_SPLIT_REPLICATION.csv,C:\RSOS\RSOS_EXPERIMENTS_WF1_A_V12_R_CORRECTIVE_CAUSAL_TOPOLOGY\PUBLICATION\WF1_A_WF1_B_GITHUB_PROVENANCE_PACKAGE_v1\WF1_A\ADJUDICATION\WF1_A_R1_SENSITIVITY_S2_OUTCOME_20260913_233429\S2A_GROUP_COMPLETE\10_SPLIT_REPLICATION.csv,3229
11_GRAPH_CLASSIFIERS.csv,C:\RSOS\RSOS_EXPERIMENTS_WF1_A_V12_R_CORRECTIVE_CAUSAL_TOPOLOGY\PUBLICATION\WF1_A_WF1_B_GITHUB_PROVENANCE_PACKAGE_v1\WF1_A\ADJUDICATION\WF1_A_R1_SENSITIVITY_S2_OUTCOME_20260913_233429\S2A_GROUP_COMPLETE\11_GRAPH_CLASSIFIERS.csv,363
12_SURFACE_INVARIANCE_TESTS.csv,C:\RSOS\RSOS_EXPERIMENTS_WF1_A_V12_R_CORRECTIVE_CAUSAL_TOPOLOGY\PUBLICATION\WF1_A_WF1_B_GITHUB_PROVENANCE_PACKAGE_v1\WF1_A\ADJUDICATION\WF1_A_R1_SENSITIVITY_S2_OUTCOME_20260913_233429\S2A_GROUP_COMPLETE\12_SURFACE_INVARIANCE_TESTS.csv,1321
16_FINAL_SUMMARY.json,C:\RSOS\RSOS_EXPERIMENTS_WF1_A_V12_R_CORRECTIVE_CAUSAL_TOPOLOGY\PUBLICATION\WF1_A_WF1_B_GITHUB_PROVENANCE_PACKAGE_v1\WF1_A\ADJUDICATION\WF1_A_R1_SENSITIVITY_S2_OUTCOME_20260913_233429\S2A_GROUP_COMPLETE\16_FINAL_SUMMARY.json,1674
21A_DEVELOPMENT_PRECISION_MATRIX.csv,C:\RSOS\RSOS_EXPERIMENTS_WF1_A_V12_R_CORRECTIVE_CAUSAL_TOPOLOGY\PUBLICATION\WF1_A_WF1_B_GITHUB_PROVENANCE_PACKAGE_v1\WF1_A\ADJUDICATION\WF1_A_R1_SENSITIVITY_S2_OUTCOME_20260913_233429\S2A_GROUP_COMPLETE\21A_DEVELOPMENT_PRECISION_MATRIX.csv,6069
21B_DISTANCE_MODEL.json,C:\RSOS\RSOS_EXPERIMENTS_WF1_A_V12_R_CORRECTIVE_CAUSAL_TOPOLOGY\PUBLICATION\WF1_A_WF1_B_GITHUB_PROVENANCE_PACKAGE_v1\WF1_A\ADJUDICATION\WF1_A_R1_SENSITIVITY_S2_OUTCOME_20260913_233429\S2A_GROUP_COMPLETE\21B_DISTANCE_MODEL.json,186
21_DEVELOPMENT_DISTANCE_SCALES.csv,C:\RSOS\RSOS_EXPERIMENTS_WF1_A_V12_R_CORRECTIVE_CAUSAL_TOPOLOGY\PUBLICATION\WF1_A_WF1_B_GITHUB_PROVENANCE_PACKAGE_v1\WF1_A\ADJUDICATION\WF1_A_R1_SENSITIVITY_S2_OUTCOME_20260913_233429\S2A_GROUP_COMPLETE\21_DEVELOPMENT_DISTANCE_SCALES.csv,964
22_DISTANCE_FROM_AUTHENTIC.csv,C:\RSOS\RSOS_EXPERIMENTS_WF1_A_V12_R_CORRECTIVE_CAUSAL_TOPOLOGY\PUBLICATION\WF1_A_WF1_B_GITHUB_PROVENANCE_PACKAGE_v1\WF1_A\ADJUDICATION\WF1_A_R1_SENSITIVITY_S2_OUTCOME_20260913_233429\S2A_GROUP_COMPLETE\22_DISTANCE_FROM_AUTHENTIC.csv,143809
24A_EDGE_REPLICATION.csv,C:\RSOS\RSOS_EXPERIMENTS_WF1_A_V12_R_CORRECTIVE_CAUSAL_TOPOLOGY\PUBLICATION\WF1_A_WF1_B_GITHUB_PROVENANCE_PACKAGE_v1\WF1_A\ADJUDICATION\WF1_A_R1_SENSITIVITY_S2_OUTCOME_20260913_233429\S2A_GROUP_COMPLETE\24A_EDGE_REPLICATION.csv,2149
24_EDGE_CAUSAL_MAP.csv,C:\RSOS\RSOS_EXPERIMENTS_WF1_A_V12_R_CORRECTIVE_CAUSAL_TOPOLOGY\PUBLICATION\WF1_A_WF1_B_GITHUB_PROVENANCE_PACKAGE_v1\WF1_A\ADJUDICATION\WF1_A_R1_SENSITIVITY_S2_OUTCOME_20260913_233429\S2A_GROUP_COMPLETE\24_EDGE_CAUSAL_MAP.csv,8706
25A_OPERATOR_MANIPULATION_CHECKS.csv,C:\RSOS\RSOS_EXPERIMENTS_WF1_A_V12_R_CORRECTIVE_CAUSAL_TOPOLOGY\PUBLICATION\WF1_A_WF1_B_GITHUB_PROVENANCE_PACKAGE_v1\WF1_A\ADJUDICATION\WF1_A_R1_SENSITIVITY_S2_OUTCOME_20260913_233429\S2A_GROUP_COMPLETE\25A_OPERATOR_MANIPULATION_CHECKS.csv,3140
25_OPERATOR_FIDELITY.csv,C:\RSOS\RSOS_EXPERIMENTS_WF1_A_V12_R_CORRECTIVE_CAUSAL_TOPOLOGY\PUBLICATION\WF1_A_WF1_B_GITHUB_PROVENANCE_PACKAGE_v1\WF1_A\ADJUDICATION\WF1_A_R1_SENSITIVITY_S2_OUTCOME_20260913_233429\S2A_GROUP_COMPLETE\25_OPERATOR_FIDELITY.csv,4114
27_MODEL_NATIVE_PROXY.csv,C:\RSOS\RSOS_EXPERIMENTS_WF1_A_V12_R_CORRECTIVE_CAUSAL_TOPOLOGY\PUBLICATION\WF1_A_WF1_B_GITHUB_PROVENANCE_PACKAGE_v1\WF1_A\ADJUDICATION\WF1_A_R1_SENSITIVITY_S2_OUTCOME_20260913_233429\S2A_GROUP_COMPLETE\27_MODEL_NATIVE_PROXY.csv,207496
28_MODEL_NATIVE_SUMMARY.csv,C:\RSOS\RSOS_EXPERIMENTS_WF1_A_V12_R_CORRECTIVE_CAUSAL_TOPOLOGY\PUBLICATION\WF1_A_WF1_B_GITHUB_PROVENANCE_PACKAGE_v1\WF1_A\ADJUDICATION\WF1_A_R1_SENSITIVITY_S2_OUTCOME_20260913_233429\S2A_GROUP_COMPLETE\28_MODEL_NATIVE_SUMMARY.csv,8487
00_SENSITIVITY_SCENARIO_METADATA.json,C:\RSOS\RSOS_EXPERIMENTS_WF1_A_V12_R_CORRECTIVE_CAUSAL_TOPOLOGY\PUBLICATION\WF1_A_WF1_B_GITHUB_PROVENANCE_PACKAGE_v1\WF1_A\ADJUDICATION\WF1_A_R1_SENSITIVITY_S2_OUTCOME_20260913_233429\S2B_SEED_COMPLETE\00_SENSITIVITY_SCENARIO_METADATA.json,1280
06_RESPONSE_GRAPH_FEATURES.csv,C:\RSOS\RSOS_EXPERIMENTS_WF1_A_V12_R_CORRECTIVE_CAUSAL_TOPOLOGY\PUBLICATION\WF1_A_WF1_B_GITHUB_PROVENANCE_PACKAGE_v1\WF1_A\ADJUDICATION\WF1_A_R1_SENSITIVITY_S2_OUTCOME_20260913_233429\S2B_SEED_COMPLETE\06_RESPONSE_GRAPH_FEATURES.csv,1728393
07_SEED_LEVEL_GRAPH_VECTOR.csv,C:\RSOS\RSOS_EXPERIMENTS_WF1_A_V12_R_CORRECTIVE_CAUSAL_TOPOLOGY\PUBLICATION\WF1_A_WF1_B_GITHUB_PROVENANCE_PACKAGE_v1\WF1_A\ADJUDICATION\WF1_A_R1_SENSITIVITY_S2_OUTCOME_20260913_233429\S2B_SEED_COMPLETE\07_SEED_LEVEL_GRAPH_VECTOR.csv,630289
08_CONDITION_RESULTS.csv,C:\RSOS\RSOS_EXPERIMENTS_WF1_A_V12_R_CORRECTIVE_CAUSAL_TOPOLOGY\PUBLICATION\WF1_A_WF1_B_GITHUB_PROVENANCE_PACKAGE_v1\WF1_A\ADJUDICATION\WF1_A_R1_SENSITIVITY_S2_OUTCOME_20260913_233429\S2B_SEED_COMPLETE\08_CONDITION_RESULTS.csv,26246
09_PRIMARY_CONTRASTS.csv,C:\RSOS\RSOS_EXPERIMENTS_WF1_A_V12_R_CORRECTIVE_CAUSAL_TOPOLOGY\PUBLICATION\WF1_A_WF1_B_GITHUB_PROVENANCE_PACKAGE_v1\WF1_A\ADJUDICATION\WF1_A_R1_SENSITIVITY_S2_OUTCOME_20260913_233429\S2B_SEED_COMPLETE\09_PRIMARY_CONTRASTS.csv,4207
10_SPLIT_REPLICATION.csv,C:\RSOS\RSOS_EXPERIMENTS_WF1_A_V12_R_CORRECTIVE_CAUSAL_TOPOLOGY\PUBLICATION\WF1_A_WF1_B_GITHUB_PROVENANCE_PACKAGE_v1\WF1_A\ADJUDICATION\WF1_A_R1_SENSITIVITY_S2_OUTCOME_20260913_233429\S2B_SEED_COMPLETE\10_SPLIT_REPLICATION.csv,3235
11_GRAPH_CLASSIFIERS.csv,C:\RSOS\RSOS_EXPERIMENTS_WF1_A_V12_R_CORRECTIVE_CAUSAL_TOPOLOGY\PUBLICATION\WF1_A_WF1_B_GITHUB_PROVENANCE_PACKAGE_v1\WF1_A\ADJUDICATION\WF1_A_R1_SENSITIVITY_S2_OUTCOME_20260913_233429\S2B_SEED_COMPLETE\11_GRAPH_CLASSIFIERS.csv,361
12_SURFACE_INVARIANCE_TESTS.csv,C:\RSOS\RSOS_EXPERIMENTS_WF1_A_V12_R_CORRECTIVE_CAUSAL_TOPOLOGY\PUBLICATION\WF1_A_WF1_B_GITHUB_PROVENANCE_PACKAGE_v1\WF1_A\ADJUDICATION\WF1_A_R1_SENSITIVITY_S2_OUTCOME_20260913_233429\S2B_SEED_COMPLETE\12_SURFACE_INVARIANCE_TESTS.csv,1312
16_FINAL_SUMMARY.json,C:\RSOS\RSOS_EXPERIMENTS_WF1_A_V12_R_CORRECTIVE_CAUSAL_TOPOLOGY\PUBLICATION\WF1_A_WF1_B_GITHUB_PROVENANCE_PACKAGE_v1\WF1_A\ADJUDICATION\WF1_A_R1_SENSITIVITY_S2_OUTCOME_20260913_233429\S2B_SEED_COMPLETE\16_FINAL_SUMMARY.json,1675
21A_DEVELOPMENT_PRECISION_MATRIX.csv,C:\RSOS\RSOS_EXPERIMENTS_WF1_A_V12_R_CORRECTIVE_CAUSAL_TOPOLOGY\PUBLICATION\WF1_A_WF1_B_GITHUB_PROVENANCE_PACKAGE_v1\WF1_A\ADJUDICATION\WF1_A_R1_SENSITIVITY_S2_OUTCOME_20260913_233429\S2B_SEED_COMPLETE\21A_DEVELOPMENT_PRECISION_MATRIX.csv,6056
21B_DISTANCE_MODEL.json,C:\RSOS\RSOS_EXPERIMENTS_WF1_A_V12_R_CORRECTIVE_CAUSAL_TOPOLOGY\PUBLICATION\WF1_A_WF1_B_GITHUB_PROVENANCE_PACKAGE_v1\WF1_A\ADJUDICATION\WF1_A_R1_SENSITIVITY_S2_OUTCOME_20260913_233429\S2B_SEED_COMPLETE\21B_DISTANCE_MODEL.json,186
21_DEVELOPMENT_DISTANCE_SCALES.csv,C:\RSOS\RSOS_EXPERIMENTS_WF1_A_V12_R_CORRECTIVE_CAUSAL_TOPOLOGY\PUBLICATION\WF1_A_WF1_B_GITHUB_PROVENANCE_PACKAGE_v1\WF1_A\ADJUDICATION\WF1_A_R1_SENSITIVITY_S2_OUTCOME_20260913_233429\S2B_SEED_COMPLETE\21_DEVELOPMENT_DISTANCE_SCALES.csv,981
22_DISTANCE_FROM_AUTHENTIC.csv,C:\RSOS\RSOS_EXPERIMENTS_WF1_A_V12_R_CORRECTIVE_CAUSAL_TOPOLOGY\PUBLICATION\WF1_A_WF1_B_GITHUB_PROVENANCE_PACKAGE_v1\WF1_A\ADJUDICATION\WF1_A_R1_SENSITIVITY_S2_OUTCOME_20260913_233429\S2B_SEED_COMPLETE\22_DISTANCE_FROM_AUTHENTIC.csv,122774
24A_EDGE_REPLICATION.csv,C:\RSOS\RSOS_EXPERIMENTS_WF1_A_V12_R_CORRECTIVE_CAUSAL_TOPOLOGY\PUBLICATION\WF1_A_WF1_B_GITHUB_PROVENANCE_PACKAGE_v1\WF1_A\ADJUDICATION\WF1_A_R1_SENSITIVITY_S2_OUTCOME_20260913_233429\S2B_SEED_COMPLETE\24A_EDGE_REPLICATION.csv,2147
24_EDGE_CAUSAL_MAP.csv,C:\RSOS\RSOS_EXPERIMENTS_WF1_A_V12_R_CORRECTIVE_CAUSAL_TOPOLOGY\PUBLICATION\WF1_A_WF1_B_GITHUB_PROVENANCE_PACKAGE_v1\WF1_A\ADJUDICATION\WF1_A_R1_SENSITIVITY_S2_OUTCOME_20260913_233429\S2B_SEED_COMPLETE\24_EDGE_CAUSAL_MAP.csv,8698
25A_OPERATOR_MANIPULATION_CHECKS.csv,C:\RSOS\RSOS_EXPERIMENTS_WF1_A_V12_R_CORRECTIVE_CAUSAL_TOPOLOGY\PUBLICATION\WF1_A_WF1_B_GITHUB_PROVENANCE_PACKAGE_v1\WF1_A\ADJUDICATION\WF1_A_R1_SENSITIVITY_S2_OUTCOME_20260913_233429\S2B_SEED_COMPLETE\25A_OPERATOR_MANIPULATION_CHECKS.csv,3141
25_OPERATOR_FIDELITY.csv,C:\RSOS\RSOS_EXPERIMENTS_WF1_A_V12_R_CORRECTIVE_CAUSAL_TOPOLOGY\PUBLICATION\WF1_A_WF1_B_GITHUB_PROVENANCE_PACKAGE_v1\WF1_A\ADJUDICATION\WF1_A_R1_SENSITIVITY_S2_OUTCOME_20260913_233429\S2B_SEED_COMPLETE\25_OPERATOR_FIDELITY.csv,4102
27_MODEL_NATIVE_PROXY.csv,C:\RSOS\RSOS_EXPERIMENTS_WF1_A_V12_R_CORRECTIVE_CAUSAL_TOPOLOGY\PUBLICATION\WF1_A_WF1_B_GITHUB_PROVENANCE_PACKAGE_v1\WF1_A\ADJUDICATION\WF1_A_R1_SENSITIVITY_S2_OUTCOME_20260913_233429\S2B_SEED_COMPLETE\27_MODEL_NATIVE_PROXY.csv,177465
28_MODEL_NATIVE_SUMMARY.csv,C:\RSOS\RSOS_EXPERIMENTS_WF1_A_V12_R_CORRECTIVE_CAUSAL_TOPOLOGY\PUBLICATION\WF1_A_WF1_B_GITHUB_PROVENANCE_PACKAGE_v1\WF1_A\ADJUDICATION\WF1_A_R1_SENSITIVITY_S2_OUTCOME_20260913_233429\S2B_SEED_COMPLETE\28_MODEL_NATIVE_SUMMARY.csv,8437
