"RelativePath","Bytes","SHA256"
"00_FROZEN_RUNNER.py","124186","17C25511463D842B7B312AA3BF31BB31703CB1D2336BCAA6F8D5915BB016A1F2"
"00_RUNNER_SHA256.txt","66","7AE49E94B05572E3D53A7E3C9D3E85212C573A6758D42903E65DDA5D61FF71B0"
"00D_PREFLIGHT_SUMMARY.json","402","EC16A6472BB077B09F4DF4ACF710C47C2104F08CE4581F8C60C5379E37CB48A8"
"03_FROZEN_SPECIFICATION.json","5888","08CD747E5D12ED1ADDA61E1C707801235FC566DDF2116C84501D748F6925A613"
"04_FROZEN_SPECIFICATION_SHA256.txt","66","8BEC44AA40E9F17A11F894A81FD6080874F79F36850DF76CB51EF6979228D692"
"05_FROZEN_PROMPTS.csv","7879757","C540A97E7B38BD859A1D7944CFB27362B8B28AB9719858B1F588B7C3DBF02BF5"
"14_CONTROL_MATCH_AUDIT.csv","185162","75279CF8182DA52DD3C3FA704C8E2D94959CFDFF39CBFAE6E224E528D3DE2C32"
"19_SOURCE_PROVENANCE.csv","994","1D078BAD4D89169DB75D7D60E4D708108D403D62458B3012A5A95B49B1830EB1"
"26_NATIVE_FROZEN_PROMPTS.csv","165400","6933948E2A89FB84D43BE57F9C067F651EF8E453F1A2D52A480F283E41E489CC"
