PARTITION,FAMILY,EDGE,CONDITION,N,EXCESS_DISTANCE,P,SWITCH_LINKED,HOLM_P,PASS
ALL,DELETE,0,E0_DELETE,65,6.166560249654337,4.999750012499375e-05,False,0.0004999750012499375,True
ALL,DELETE,1,E1_DELETE,65,10.227697220056424,4.999750012499375e-05,False,0.0004999750012499375,True
ALL,DELETE,2,E2_DELETE,65,18.100316615767944,4.999750012499375e-05,False,0.0004999750012499375,True
ALL,DELETE,3,E3_DELETE,65,18.971606601952196,4.999750012499375e-05,False,0.0004999750012499375,True
ALL,DELETE,4,E4_DELETE,65,18.83475858450586,4.999750012499375e-05,False,0.0004999750012499375,True
ALL,DELETE,5,E5_DELETE,65,8.438989822947592,4.999750012499375e-05,False,0.0004999750012499375,True
ALL,DELETE,6,E6_DELETE,65,7.434790057059795,4.999750012499375e-05,False,0.0004999750012499375,True
ALL,DELETE,7,E7_DELETE,65,25.795300067704332,4.999750012499375e-05,True,0.0004999750012499375,True
ALL,DELETE,8,E8_DELETE,65,5.471496562415728,4.999750012499375e-05,False,0.0004999750012499375,True
ALL,DELETE,9,E9_DELETE,65,10.41083858931315,4.999750012499375e-05,False,0.0004999750012499375,True
ALL,REVERSE,0,E0_REVERSE,65,7.912038123183113,4.999750012499375e-05,False,0.0004999750012499375,True
ALL,REVERSE,1,E1_REVERSE,65,9.246131593008501,4.999750012499375e-05,False,0.0004999750012499375,True
ALL,REVERSE,2,E2_REVERSE,65,16.05678297593863,4.999750012499375e-05,False,0.0004999750012499375,True
ALL,REVERSE,3,E3_REVERSE,65,19.380620974051475,4.999750012499375e-05,False,0.0004999750012499375,True
ALL,REVERSE,4,E4_REVERSE,65,21.54592108351166,4.999750012499375e-05,False,0.0004999750012499375,True
ALL,REVERSE,5,E5_REVERSE,65,8.567867571405724,4.999750012499375e-05,False,0.0004999750012499375,True
ALL,REVERSE,6,E6_REVERSE,65,10.698839132656767,4.999750012499375e-05,False,0.0004999750012499375,True
ALL,REVERSE,7,E7_REVERSE,65,23.1138855276752,4.999750012499375e-05,True,0.0004999750012499375,True
ALL,REVERSE,8,E8_REVERSE,65,1.0966922823074932,0.0020998950052497373,False,0.0020998950052497373,True
ALL,REVERSE,9,E9_REVERSE,65,28.245770350868963,4.999750012499375e-05,True,0.0004999750012499375,True
DEVELOPMENT,DELETE,0,E0_DELETE,34,6.64292566482682,4.999750012499375e-05,False,0.0004999750012499375,True
DEVELOPMENT,DELETE,1,E1_DELETE,34,10.65056320943701,4.999750012499375e-05,False,0.0004999750012499375,True
DEVELOPMENT,DELETE,2,E2_DELETE,34,18.5042488776183,4.999750012499375e-05,False,0.0004999750012499375,True
DEVELOPMENT,DELETE,3,E3_DELETE,34,19.21368510602953,4.999750012499375e-05,False,0.0004999750012499375,True
DEVELOPMENT,DELETE,4,E4_DELETE,34,18.63914056880479,4.999750012499375e-05,False,0.0004999750012499375,True
DEVELOPMENT,DELETE,5,E5_DELETE,34,8.473079679301684,4.999750012499375e-05,False,0.0004999750012499375,True
DEVELOPMENT,DELETE,6,E6_DELETE,34,7.61891365672598,4.999750012499375e-05,False,0.0004999750012499375,True
DEVELOPMENT,DELETE,7,E7_DELETE,34,24.251307416526014,4.999750012499375e-05,True,0.0004999750012499375,True
DEVELOPMENT,DELETE,8,E8_DELETE,34,5.6451612799387645,4.999750012499375e-05,False,0.0004999750012499375,True
DEVELOPMENT,DELETE,9,E9_DELETE,34,10.467715095525012,4.999750012499375e-05,False,0.0004999750012499375,True
DEVELOPMENT,REVERSE,0,E0_REVERSE,34,8.312673491727129,4.999750012499375e-05,False,0.0004999750012499375,True
DEVELOPMENT,REVERSE,1,E1_REVERSE,34,9.740649869045308,4.999750012499375e-05,False,0.0004999750012499375,True
DEVELOPMENT,REVERSE,2,E2_REVERSE,34,16.10112302157479,4.999750012499375e-05,False,0.0004999750012499375,True
DEVELOPMENT,REVERSE,3,E3_REVERSE,34,19.41229675890175,4.999750012499375e-05,False,0.0004999750012499375,True
DEVELOPMENT,REVERSE,4,E4_REVERSE,34,20.783502923803795,4.999750012499375e-05,False,0.0004999750012499375,True
DEVELOPMENT,REVERSE,5,E5_REVERSE,34,8.76747350454705,4.999750012499375e-05,False,0.0004999750012499375,True
DEVELOPMENT,REVERSE,6,E6_REVERSE,34,10.725826679403285,4.999750012499375e-05,False,0.0004999750012499375,True
DEVELOPMENT,REVERSE,7,E7_REVERSE,34,25.394109750426505,4.999750012499375e-05,True,0.0004999750012499375,True
DEVELOPMENT,REVERSE,8,E8_REVERSE,34,1.4090145577009447,0.003399830008499575,False,0.003399830008499575,True
DEVELOPMENT,REVERSE,9,E9_REVERSE,34,26.264718893460667,4.999750012499375e-05,True,0.0004999750012499375,True
CONFIRMATION,DELETE,0,E0_DELETE,15,5.927120983591331,0.00014999250037498125,False,0.0007499625018749063,True
CONFIRMATION,DELETE,1,E1_DELETE,15,10.000080559035249,4.999750012499375e-05,False,0.0004999750012499375,True
CONFIRMATION,DELETE,2,E2_DELETE,15,17.886206111684903,4.999750012499375e-05,False,0.0004999750012499375,True
CONFIRMATION,DELETE,3,E3_DELETE,15,18.081307518800696,0.00014999250037498125,False,0.0007499625018749063,True
CONFIRMATION,DELETE,4,E4_DELETE,15,18.238765835296643,0.00014999250037498125,False,0.0007499625018749063,True
CONFIRMATION,DELETE,5,E5_DELETE,15,8.144636914073486,4.999750012499375e-05,False,0.0004999750012499375,True
CONFIRMATION,DELETE,6,E6_DELETE,15,7.176587948374912,9.99950002499875e-05,False,0.0006999650017499125,True
CONFIRMATION,DELETE,7,E7_DELETE,15,34.25667958087891,9.99950002499875e-05,True,0.0006999650017499125,True
CONFIRMATION,DELETE,8,E8_DELETE,15,4.587959566289245,0.000199990000499975,False,0.0007499625018749063,True
CONFIRMATION,DELETE,9,E9_DELETE,15,10.226173823348052,0.00014999250037498125,False,0.0007499625018749063,True
CONFIRMATION,REVERSE,0,E0_REVERSE,15,7.677990305356919,0.000199990000499975,False,0.0008999550022498875,True
CONFIRMATION,REVERSE,1,E1_REVERSE,15,8.53695234600925,9.99950002499875e-05,False,0.0008999550022498875,True
CONFIRMATION,REVERSE,2,E2_REVERSE,15,16.23300597164223,9.99950002499875e-05,False,0.0008999550022498875,True
CONFIRMATION,REVERSE,3,E3_REVERSE,15,18.898354062411645,4.999750012499375e-05,False,0.0004999750012499375,True
CONFIRMATION,REVERSE,4,E4_REVERSE,15,23.26742689872189,9.99950002499875e-05,False,0.0008999550022498875,True
CONFIRMATION,REVERSE,5,E5_REVERSE,15,8.20029622435589,0.00014999250037498125,False,0.0008999550022498875,True
CONFIRMATION,REVERSE,6,E6_REVERSE,15,9.949779840940879,0.000199990000499975,False,0.0008999550022498875,True
CONFIRMATION,REVERSE,7,E7_REVERSE,15,18.23564968253323,0.00014999250037498125,True,0.0008999550022498875,True
CONFIRMATION,REVERSE,8,E8_REVERSE,15,0.2836794359527685,0.7166141692915354,False,0.7166141692915354,False
CONFIRMATION,REVERSE,9,E9_REVERSE,15,26.245312192990486,0.00014999250037498125,True,0.0008999550022498875,True
FINAL_HOLDOUT,DELETE,0,E0_DELETE,16,5.378758054346874,9.99950002499875e-05,False,0.0004999750012499375,True
FINAL_HOLDOUT,DELETE,1,E1_DELETE,16,9.542497612330015,4.999750012499375e-05,False,0.0004999750012499375,True
FINAL_HOLDOUT,DELETE,2,E2_DELETE,16,17.442689156913797,4.999750012499375e-05,False,0.0004999750012499375,True
FINAL_HOLDOUT,DELETE,3,E3_DELETE,16,19.29184517124239,4.999750012499375e-05,False,0.0004999750012499375,True
FINAL_HOLDOUT,DELETE,4,E4_DELETE,16,19.80919007025426,0.00014999250037498125,False,0.0004999750012499375,True
FINAL_HOLDOUT,DELETE,5,E5_DELETE,16,8.64250473026462,4.999750012499375e-05,False,0.0004999750012499375,True
FINAL_HOLDOUT,DELETE,6,E6_DELETE,16,7.285591884661228,9.99950002499875e-05,False,0.0004999750012499375,True
FINAL_HOLDOUT,DELETE,7,E7_DELETE,16,21.143741157857114,4.999750012499375e-05,True,0.0004999750012499375,True
FINAL_HOLDOUT,DELETE,8,E8_DELETE,16,5.930774971547855,4.999750012499375e-05,False,0.0004999750012499375,True
FINAL_HOLDOUT,DELETE,9,E9_DELETE,16,10.463099231705215,0.00014999250037498125,False,0.0004999750012499375,True
FINAL_HOLDOUT,REVERSE,0,E0_REVERSE,16,7.2801077942391395,9.99950002499875e-05,False,0.0006999650017499125,True
FINAL_HOLDOUT,REVERSE,1,E1_REVERSE,16,8.860135800492081,0.00014999250037498125,False,0.0006999650017499125,True
FINAL_HOLDOUT,REVERSE,2,E2_REVERSE,16,15.797351320489664,9.99950002499875e-05,False,0.0006999650017499125,True
FINAL_HOLDOUT,REVERSE,3,E3_REVERSE,16,19.765435160906975,9.99950002499875e-05,False,0.0006999650017499125,True
FINAL_HOLDOUT,REVERSE,4,E4_REVERSE,16,21.55214797113129,9.99950002499875e-05,False,0.0006999650017499125,True
FINAL_HOLDOUT,REVERSE,5,E5_REVERSE,16,8.488303101339625,4.999750012499375e-05,False,0.0004999750012499375,True
FINAL_HOLDOUT,REVERSE,6,E6_REVERSE,16,11.34373368180405,4.999750012499375e-05,False,0.0004999750012499375,True
FINAL_HOLDOUT,REVERSE,7,E7_REVERSE,16,22.84175515914928,4.999750012499375e-05,True,0.0004999750012499375,True
FINAL_HOLDOUT,REVERSE,8,E8_REVERSE,16,1.1952069905539615,0.08339583020848958,False,0.08339583020848958,False
FINAL_HOLDOUT,REVERSE,9,E9_REVERSE,16,34.330934220872635,0.00014999250037498125,True,0.0006999650017499125,True
