FULL_PATH,FILE_NAME,EXTENSION,SIZE_BYTES,CREATED_UTC,MODIFIED_UTC,SOURCE_ROLE,COPY_STATUS,HYDRATION_STATUS,EXPERIMENT_ID,CANONICAL_ID,SOURCE_EXISTS,SENSITIVE_PATH,RUNTIME_OR_LIBRARY,COPY_OR_PROVENANCE_AUDIT,CROSS_CANONICAL_OVERLAP,OTHER_CANONICAL_MATCHES,DESTINATION_BUCKET,HYDRATION_AUDIT_CLASS,SOURCE_CLUSTER,AUDIT_VERSION,PHASE8C_POLICY_NAME,IN_AUTHORITATIVE_ROOT,EXCLUDED_ROOT_MATCH,CROSS_OVERRIDE,PHASE8C_DECISION
C:\RSOS\RSOS_TRAINING_DATA_V12_V18_COMPARISON\04_F2_V15_V16_LINEAGE_RARITY\F2_EXTERNAL_POPULATION_RARITY.csv,F2_EXTERNAL_POPULATION_RARITY.csv,.csv,112,2026-09-11T15:55:35.4470406Z,2026-09-11T15:55:35.4470406Z,OTHER_SOURCE,PRIMARY_OR_UNRESOLVED,NOT_YET_COPIED,EXP-011,CAN-F2-EXTERNAL,True,False,False,False,False,,02_INPUTS,ELIGIBLE_PRIMARY_CANDIDATE,C:\RSOS\RSOS_TRAINING_DATA_V12_V18_COMPARISON\04_F2_V15_V16_LINEAGE_RARITY,PHASE8B_R2,F2 - External Population Rarity,False,False,False,EXCLUDE_OUTSIDE_AUTHORITATIVE_ROOT
C:\RSOS\Training data\F2_EXTERNAL_POPULATION_RARITY\__pycache__\RUN_F2_A_WILDCHAT_RARITY.cpython-313.pyc,RUN_F2_A_WILDCHAT_RARITY.cpython-313.pyc,.pyc,53095,2026-09-11T20:56:57.1488792Z,2026-09-11T20:56:57.1488792Z,OTHER_SOURCE,PRIMARY_OR_UNRESOLVED,NOT_YET_COPIED,EXP-011,CAN-F2-EXTERNAL,True,False,True,False,False,,UNCLASSIFIED,EXCLUDE_RUNTIME_OR_LIBRARY,C:\RSOS\Training data\F2_EXTERNAL_POPULATION_RARITY,PHASE8B_R2,F2 - External Population Rarity,True,False,False,EXCLUDE_RUNTIME
C:\RSOS\Training data\F2_EXTERNAL_POPULATION_RARITY\00_INPUTS_WILDCHAT\train-00049-of-00086.parquet,train-00049-of-00086.parquet,.parquet,103170595,2026-09-11T20:57:01.5590868Z,2026-09-08T22:43:43.0455522Z,OTHER_SOURCE,PRIMARY_OR_UNRESOLVED,NOT_YET_COPIED,EXP-011,CAN-F2-EXTERNAL,True,False,False,False,False,,UNCLASSIFIED,ELIGIBLE_PRIMARY_CANDIDATE,C:\RSOS\Training data\F2_EXTERNAL_POPULATION_RARITY,PHASE8B_R2,F2 - External Population Rarity,True,False,False,SELECT_AUTHORITATIVE_SOURCE
C:\RSOS\Training data\F2_EXTERNAL_POPULATION_RARITY\00_INPUTS_WILDCHAT\train-00080-of-00086.parquet,train-00080-of-00086.parquet,.parquet,186001659,2026-09-11T20:57:02.6769767Z,2026-09-08T23:30:52.5569860Z,OTHER_SOURCE,PRIMARY_OR_UNRESOLVED,NOT_YET_COPIED,EXP-011,CAN-F2-EXTERNAL,True,False,False,False,False,,UNCLASSIFIED,ELIGIBLE_PRIMARY_CANDIDATE,C:\RSOS\Training data\F2_EXTERNAL_POPULATION_RARITY,PHASE8B_R2,F2 - External Population Rarity,True,False,False,SELECT_AUTHORITATIVE_SOURCE
C:\RSOS\Training data\F2_EXTERNAL_POPULATION_RARITY\00_INPUTS_WILDCHAT\train-00085-of-00086.parquet,train-00085-of-00086.parquet,.parquet,496266956,2026-09-11T20:57:05.2905746Z,2026-09-08T23:47:58.7125617Z,OTHER_SOURCE,PRIMARY_OR_UNRESOLVED,NOT_YET_COPIED,EXP-011,CAN-F2-EXTERNAL,True,False,False,False,False,,UNCLASSIFIED,ELIGIBLE_PRIMARY_CANDIDATE,C:\RSOS\Training data\F2_EXTERNAL_POPULATION_RARITY,PHASE8B_R2,F2 - External Population Rarity,True,False,False,SELECT_AUTHORITATIVE_SOURCE
C:\RSOS\Training data\F2_EXTERNAL_POPULATION_RARITY\01_FROZEN_IMPLEMENTATION\F2_FROZEN_IMPLEMENTATION_SPEC.json,F2_FROZEN_IMPLEMENTATION_SPEC.json,.json,2286,2026-09-11T20:56:59.3291108Z,2026-09-11T17:53:32.0000000Z,AUTHORITY_OR_FREEZE,PRIMARY_OR_UNRESOLVED,NOT_YET_COPIED,EXP-011,CAN-F2-EXTERNAL,True,False,False,False,False,,09_FREEZE,ELIGIBLE_PRIMARY_CANDIDATE,C:\RSOS\Training data\F2_EXTERNAL_POPULATION_RARITY,PHASE8B_R2,F2 - External Population Rarity,True,False,False,SELECT_AUTHORITATIVE_SOURCE
C:\RSOS\Training data\F2_EXTERNAL_POPULATION_RARITY\01_FROZEN_IMPLEMENTATION\PORTABLE_FROZEN_BR1_MODELS.json,PORTABLE_FROZEN_BR1_MODELS.json,.json,5407,2026-09-11T20:56:59.3281330Z,2026-09-11T17:53:32.0000000Z,AUTHORITY_OR_FREEZE,PRIMARY_OR_UNRESOLVED,NOT_YET_COPIED,EXP-011,CAN-F2-EXTERNAL,True,False,False,False,False,,09_FREEZE,ELIGIBLE_PRIMARY_CANDIDATE,C:\RSOS\Training data\F2_EXTERNAL_POPULATION_RARITY,PHASE8B_R2,F2 - External Population Rarity,True,False,False,SELECT_AUTHORITATIVE_SOURCE
C:\RSOS\Training data\F2_EXTERNAL_POPULATION_RARITY\01_FROZEN_IMPLEMENTATION\RUN_F2_A_WILDCHAT_RARITY.py,RUN_F2_A_WILDCHAT_RARITY.py,.py,33909,2026-09-11T20:56:59.3291108Z,2026-09-11T17:53:32.0000000Z,RUNNER,PRIMARY_OR_UNRESOLVED,NOT_YET_COPIED,EXP-011,CAN-F2-EXTERNAL,True,False,False,False,False,,03_RUNNER,ELIGIBLE_PRIMARY_CANDIDATE,C:\RSOS\Training data\F2_EXTERNAL_POPULATION_RARITY,PHASE8B_R2,F2 - External Population Rarity,True,False,False,SELECT_AUTHORITATIVE_SOURCE
C:\RSOS\Training data\F2_EXTERNAL_POPULATION_RARITY\02_INPUT_MANIFEST\F1_FINAL_VERIFIED.txt,F1_FINAL_VERIFIED.txt,.txt,103,2026-09-11T20:57:00.9903893Z,2026-09-11T20:57:00.9913896Z,AUTHORITY_OR_FREEZE,PRIMARY_OR_UNRESOLVED,NOT_YET_COPIED,EXP-011,CAN-F2-EXTERNAL,True,False,False,False,False,,UNCLASSIFIED,ELIGIBLE_PRIMARY_CANDIDATE,C:\RSOS\Training data\F2_EXTERNAL_POPULATION_RARITY,PHASE8B_R2,F2 - External Population Rarity,True,False,False,SELECT_AUTHORITATIVE_SOURCE
C:\RSOS\Training data\F2_EXTERNAL_POPULATION_RARITY\02_INPUT_MANIFEST\FROZEN_LINEAGE_THRESHOLDS_PRE_EXTERNAL.csv,FROZEN_LINEAGE_THRESHOLDS_PRE_EXTERNAL.csv,.csv,403,2026-09-11T20:57:01.1125678Z,2026-09-11T20:57:01.1135460Z,AUTHORITY_OR_FREEZE,PRIMARY_OR_UNRESOLVED,NOT_YET_COPIED,EXP-011,CAN-F2-EXTERNAL,True,False,False,False,False,,09_FREEZE,ELIGIBLE_PRIMARY_CANDIDATE,C:\RSOS\Training data\F2_EXTERNAL_POPULATION_RARITY,PHASE8B_R2,F2 - External Population Rarity,True,False,False,SELECT_AUTHORITATIVE_SOURCE
C:\RSOS\Training data\F2_EXTERNAL_POPULATION_RARITY\02_INPUT_MANIFEST\FROZEN_MODEL_EQUIVALENCE.csv,FROZEN_MODEL_EQUIVALENCE.csv,.csv,267,2026-09-11T20:57:01.1085462Z,2026-09-11T20:57:01.1095485Z,AUTHORITY_OR_FREEZE,PRIMARY_OR_UNRESOLVED,NOT_YET_COPIED,EXP-011,CAN-F2-EXTERNAL,True,False,False,False,False,,09_FREEZE,ELIGIBLE_PRIMARY_CANDIDATE,C:\RSOS\Training data\F2_EXTERNAL_POPULATION_RARITY,PHASE8B_R2,F2 - External Population Rarity,True,False,False,SELECT_AUTHORITATIVE_SOURCE
C:\RSOS\Training data\F2_EXTERNAL_POPULATION_RARITY\02_INPUT_MANIFEST\WILDCHAT_OFFICIAL_SHARD_MANIFEST.csv,WILDCHAT_OFFICIAL_SHARD_MANIFEST.csv,.csv,888,2026-09-11T20:57:07.4392310Z,2026-09-11T20:57:07.4412275Z,OTHER_SOURCE,PRIMARY_OR_UNRESOLVED,NOT_YET_COPIED,EXP-011,CAN-F2-EXTERNAL,True,False,False,False,False,,00_CONTROL,ELIGIBLE_PRIMARY_CANDIDATE,C:\RSOS\Training data\F2_EXTERNAL_POPULATION_RARITY,PHASE8B_R2,F2 - External Population Rarity,True,False,False,SELECT_AUTHORITATIVE_SOURCE
C:\RSOS\Training data\F2_EXTERNAL_POPULATION_RARITY\03_SCHEMA\train-00049-of-00086_SCHEMA.json,train-00049-of-00086_SCHEMA.json,.json,7724,2026-09-11T20:57:07.4585070Z,2026-09-11T20:57:07.4585070Z,OTHER_SOURCE,PRIMARY_OR_UNRESOLVED,NOT_YET_COPIED,EXP-011,CAN-F2-EXTERNAL,True,False,False,False,False,,UNCLASSIFIED,ELIGIBLE_PRIMARY_CANDIDATE,C:\RSOS\Training data\F2_EXTERNAL_POPULATION_RARITY,PHASE8B_R2,F2 - External Population Rarity,True,False,False,SELECT_AUTHORITATIVE_SOURCE
C:\RSOS\Training data\F2_EXTERNAL_POPULATION_RARITY\03_SCHEMA\train-00080-of-00086_SCHEMA.json,train-00080-of-00086_SCHEMA.json,.json,7724,2026-09-11T21:00:20.2427997Z,2026-09-11T21:00:20.2427997Z,OTHER_SOURCE,PRIMARY_OR_UNRESOLVED,NOT_YET_COPIED,EXP-011,CAN-F2-EXTERNAL,True,False,False,False,False,,UNCLASSIFIED,ELIGIBLE_PRIMARY_CANDIDATE,C:\RSOS\Training data\F2_EXTERNAL_POPULATION_RARITY,PHASE8B_R2,F2 - External Population Rarity,True,False,False,SELECT_AUTHORITATIVE_SOURCE
C:\RSOS\Training data\F2_EXTERNAL_POPULATION_RARITY\03_SCHEMA\train-00085-of-00086_SCHEMA.json,train-00085-of-00086_SCHEMA.json,.json,7724,2026-09-11T21:05:49.7875458Z,2026-09-11T21:05:49.7886266Z,OTHER_SOURCE,PRIMARY_OR_UNRESOLVED,NOT_YET_COPIED,EXP-011,CAN-F2-EXTERNAL,True,False,False,False,False,,UNCLASSIFIED,ELIGIBLE_PRIMARY_CANDIDATE,C:\RSOS\Training data\F2_EXTERNAL_POPULATION_RARITY,PHASE8B_R2,F2 - External Population Rarity,True,False,False,SELECT_AUTHORITATIVE_SOURCE
C:\RSOS\Training data\F2_EXTERNAL_POPULATION_RARITY\04_EXTERNAL_FEATURES\EXTRACTION_COUNTS.json,EXTRACTION_COUNTS.json,.json,210,2026-09-11T21:22:12.9089132Z,2026-09-11T21:22:12.9089132Z,OTHER_SOURCE,PRIMARY_OR_UNRESOLVED,NOT_YET_COPIED,EXP-011,CAN-F2-EXTERNAL,True,False,False,False,False,,UNCLASSIFIED,ELIGIBLE_PRIMARY_CANDIDATE,C:\RSOS\Training data\F2_EXTERNAL_POPULATION_RARITY,PHASE8B_R2,F2 - External Population Rarity,True,False,False,SELECT_AUTHORITATIVE_SOURCE
C:\RSOS\Training data\F2_EXTERNAL_POPULATION_RARITY\04_EXTERNAL_FEATURES\WILDCHAT_EXACT_FROZEN_FEATURES.parquet,WILDCHAT_EXACT_FROZEN_FEATURES.parquet,.parquet,1689239,2026-09-11T21:22:12.8688315Z,2026-09-11T21:22:12.9079131Z,AUTHORITY_OR_FREEZE|RESULT_OR_OUTPUT,PRIMARY_OR_UNRESOLVED,NOT_YET_COPIED,EXP-011,CAN-F2-EXTERNAL,True,False,False,False,False,,09_FREEZE,ELIGIBLE_PRIMARY_CANDIDATE,C:\RSOS\Training data\F2_EXTERNAL_POPULATION_RARITY,PHASE8B_R2,F2 - External Population Rarity,True,False,False,SELECT_AUTHORITATIVE_SOURCE
C:\RSOS\Training data\F2_EXTERNAL_POPULATION_RARITY\05_PRIMARY_RESULTS\PRIMARY_EXTERNAL_SEPARATION.csv,PRIMARY_EXTERNAL_SEPARATION.csv,.csv,298,2026-09-11T21:22:13.1728574Z,2026-09-11T21:22:13.1738563Z,OTHER_SOURCE,PRIMARY_OR_UNRESOLVED,NOT_YET_COPIED,EXP-011,CAN-F2-EXTERNAL,True,False,False,False,False,,UNCLASSIFIED,ELIGIBLE_PRIMARY_CANDIDATE,C:\RSOS\Training data\F2_EXTERNAL_POPULATION_RARITY,PHASE8B_R2,F2 - External Population Rarity,True,False,False,SELECT_AUTHORITATIVE_SOURCE
C:\RSOS\Training data\F2_EXTERNAL_POPULATION_RARITY\06_RARITY_TAILS\EXTERNAL_SCORE_QUANTILES.csv,EXTERNAL_SCORE_QUANTILES.csv,.csv,924,2026-09-11T21:22:13.1788536Z,2026-09-11T21:22:13.1802210Z,RESULT_OR_OUTPUT,PRIMARY_OR_UNRESOLVED,NOT_YET_COPIED,EXP-011,CAN-F2-EXTERNAL,True,False,False,False,False,,05_OUTPUTS,ELIGIBLE_PRIMARY_CANDIDATE,C:\RSOS\Training data\F2_EXTERNAL_POPULATION_RARITY,PHASE8B_R2,F2 - External Population Rarity,True,False,False,SELECT_AUTHORITATIVE_SOURCE
C:\RSOS\Training data\F2_EXTERNAL_POPULATION_RARITY\06_RARITY_TAILS\FROZEN_THRESHOLD_TAIL_RARITY.csv,FROZEN_THRESHOLD_TAIL_RARITY.csv,.csv,1277,2026-09-11T21:22:13.1929002Z,2026-09-11T21:22:13.1938997Z,AUTHORITY_OR_FREEZE,PRIMARY_OR_UNRESOLVED,NOT_YET_COPIED,EXP-011,CAN-F2-EXTERNAL,True,False,False,False,False,,09_FREEZE,ELIGIBLE_PRIMARY_CANDIDATE,C:\RSOS\Training data\F2_EXTERNAL_POPULATION_RARITY,PHASE8B_R2,F2 - External Population Rarity,True,False,False,SELECT_AUTHORITATIVE_SOURCE
C:\RSOS\Training data\F2_EXTERNAL_POPULATION_RARITY\06_RARITY_TAILS\LINEAGE_EXTERNAL_PERCENTILE_SUMMARY.csv,LINEAGE_EXTERNAL_PERCENTILE_SUMMARY.csv,.csv,213,2026-09-11T21:22:13.2277629Z,2026-09-11T21:22:13.2287623Z,RESULT_OR_OUTPUT,PRIMARY_OR_UNRESOLVED,NOT_YET_COPIED,EXP-011,CAN-F2-EXTERNAL,True,False,False,False,False,,05_OUTPUTS,ELIGIBLE_PRIMARY_CANDIDATE,C:\RSOS\Training data\F2_EXTERNAL_POPULATION_RARITY,PHASE8B_R2,F2 - External Population Rarity,True,False,False,SELECT_AUTHORITATIVE_SOURCE
C:\RSOS\Training data\F2_EXTERNAL_POPULATION_RARITY\06_RARITY_TAILS\LINEAGE_EXTERNAL_PERCENTILES.csv,LINEAGE_EXTERNAL_PERCENTILES.csv,.csv,25697,2026-09-11T21:22:13.2188846Z,2026-09-11T21:22:13.2212788Z,OTHER_SOURCE,PRIMARY_OR_UNRESOLVED,NOT_YET_COPIED,EXP-011,CAN-F2-EXTERNAL,True,False,False,False,False,,UNCLASSIFIED,ELIGIBLE_PRIMARY_CANDIDATE,C:\RSOS\Training data\F2_EXTERNAL_POPULATION_RARITY,PHASE8B_R2,F2 - External Population Rarity,True,False,False,SELECT_AUTHORITATIVE_SOURCE
C:\RSOS\Training data\F2_EXTERNAL_POPULATION_RARITY\07_NUISANCE_CONTROL\CEM_CALIBRATION_GATE.csv,CEM_CALIBRATION_GATE.csv,.csv,245,2026-09-11T21:22:13.5734618Z,2026-09-11T21:22:13.5744605Z,OTHER_SOURCE,PRIMARY_OR_UNRESOLVED,NOT_YET_COPIED,EXP-011,CAN-F2-EXTERNAL,True,False,False,False,False,,UNCLASSIFIED,ELIGIBLE_PRIMARY_CANDIDATE,C:\RSOS\Training data\F2_EXTERNAL_POPULATION_RARITY,PHASE8B_R2,F2 - External Population Rarity,True,False,False,SELECT_AUTHORITATIVE_SOURCE
C:\RSOS\Training data\F2_EXTERNAL_POPULATION_RARITY\07_NUISANCE_CONTROL\CEM_CONDITIONAL_RESULTS.csv,CEM_CONDITIONAL_RESULTS.csv,.csv,446,2026-09-11T21:22:13.5684665Z,2026-09-11T21:22:13.5684665Z,RESULT_OR_OUTPUT,PRIMARY_OR_UNRESOLVED,NOT_YET_COPIED,EXP-011,CAN-F2-EXTERNAL,True,False,False,False,False,,05_OUTPUTS,ELIGIBLE_PRIMARY_CANDIDATE,C:\RSOS\Training data\F2_EXTERNAL_POPULATION_RARITY,PHASE8B_R2,F2 - External Population Rarity,True,False,False,SELECT_AUTHORITATIVE_SOURCE
C:\RSOS\Training data\F2_EXTERNAL_POPULATION_RARITY\07_NUISANCE_CONTROL\CEM_PER_LINEAGE_RESULTS.csv,CEM_PER_LINEAGE_RESULTS.csv,.csv,10449,2026-09-11T21:22:13.5704662Z,2026-09-11T21:22:13.5714627Z,RESULT_OR_OUTPUT,PRIMARY_OR_UNRESOLVED,NOT_YET_COPIED,EXP-011,CAN-F2-EXTERNAL,True,False,False,False,False,,05_OUTPUTS,ELIGIBLE_PRIMARY_CANDIDATE,C:\RSOS\Training data\F2_EXTERNAL_POPULATION_RARITY,PHASE8B_R2,F2 - External Population Rarity,True,False,False,SELECT_AUTHORITATIVE_SOURCE
C:\RSOS\Training data\F2_EXTERNAL_POPULATION_RARITY\07_NUISANCE_CONTROL\CEM_WEIGHTED_BALANCE.csv,CEM_WEIGHTED_BALANCE.csv,.csv,110,2026-09-11T21:22:13.3108693Z,2026-09-11T21:22:13.3118686Z,OTHER_SOURCE,PRIMARY_OR_UNRESOLVED,NOT_YET_COPIED,EXP-011,CAN-F2-EXTERNAL,True,False,False,False,False,,UNCLASSIFIED,ELIGIBLE_PRIMARY_CANDIDATE,C:\RSOS\Training data\F2_EXTERNAL_POPULATION_RARITY,PHASE8B_R2,F2 - External Population Rarity,True,False,False,SELECT_AUTHORITATIVE_SOURCE
C:\RSOS\Training data\F2_EXTERNAL_POPULATION_RARITY\07_NUISANCE_CONTROL\EXTERNAL_LANGUAGE_DISTRIBUTION.csv,EXTERNAL_LANGUAGE_DISTRIBUTION.csv,.csv,476,2026-09-11T21:22:13.5794579Z,2026-09-11T21:22:13.5804569Z,OTHER_SOURCE,PRIMARY_OR_UNRESOLVED,NOT_YET_COPIED,EXP-011,CAN-F2-EXTERNAL,True,False,False,False,False,,UNCLASSIFIED,ELIGIBLE_PRIMARY_CANDIDATE,C:\RSOS\Training data\F2_EXTERNAL_POPULATION_RARITY,PHASE8B_R2,F2 - External Population Rarity,True,False,False,SELECT_AUTHORITATIVE_SOURCE
C:\RSOS\Training data\F2_EXTERNAL_POPULATION_RARITY\07_NUISANCE_CONTROL\EXTERNAL_MODEL_DISTRIBUTION.csv,EXTERNAL_MODEL_DISTRIBUTION.csv,.csv,90,2026-09-11T21:22:13.5784588Z,2026-09-11T21:22:13.5794579Z,OTHER_SOURCE,PRIMARY_OR_UNRESOLVED,NOT_YET_COPIED,EXP-011,CAN-F2-EXTERNAL,True,False,False,False,False,,UNCLASSIFIED,ELIGIBLE_PRIMARY_CANDIDATE,C:\RSOS\Training data\F2_EXTERNAL_POPULATION_RARITY,PHASE8B_R2,F2 - External Population Rarity,True,False,False,SELECT_AUTHORITATIVE_SOURCE
C:\RSOS\Training data\F2_EXTERNAL_POPULATION_RARITY\08_NEAREST_CONTROLS\TOP250_R1_EXTERNAL.csv,TOP250_R1_EXTERNAL.csv,.csv,44062,2026-09-11T21:22:13.2397556Z,2026-09-11T21:22:13.2427534Z,OTHER_SOURCE,PRIMARY_OR_UNRESOLVED,NOT_YET_COPIED,EXP-011,CAN-F2-EXTERNAL,True,False,False,False,False,,UNCLASSIFIED,ELIGIBLE_PRIMARY_CANDIDATE,C:\RSOS\Training data\F2_EXTERNAL_POPULATION_RARITY,PHASE8B_R2,F2 - External Population Rarity,True,False,False,SELECT_AUTHORITATIVE_SOURCE
C:\RSOS\Training data\F2_EXTERNAL_POPULATION_RARITY\08_NEAREST_CONTROLS\TOP250_SURFACE_FREE_EXTERNAL.csv,TOP250_SURFACE_FREE_EXTERNAL.csv,.csv,46096,2026-09-11T21:22:13.2327598Z,2026-09-11T21:22:13.2357575Z,OTHER_SOURCE,PRIMARY_OR_UNRESOLVED,NOT_YET_COPIED,EXP-011,CAN-F2-EXTERNAL,True,False,False,False,False,,UNCLASSIFIED,ELIGIBLE_PRIMARY_CANDIDATE,C:\RSOS\Training data\F2_EXTERNAL_POPULATION_RARITY,PHASE8B_R2,F2 - External Population Rarity,True,False,False,SELECT_AUTHORITATIVE_SOURCE
C:\RSOS\Training data\F2_EXTERNAL_POPULATION_RARITY\09_STATUS_LEDGER\NO_SILENT_OMISSION_LEDGER.csv,NO_SILENT_OMISSION_LEDGER.csv,.csv,1890,2026-09-11T21:22:13.5814569Z,2026-09-11T21:22:13.5824561Z,OTHER_SOURCE,PRIMARY_OR_UNRESOLVED,NOT_YET_COPIED,EXP-011,CAN-F2-EXTERNAL,True,False,False,False,False,,UNCLASSIFIED,ELIGIBLE_PRIMARY_CANDIDATE,C:\RSOS\Training data\F2_EXTERNAL_POPULATION_RARITY,PHASE8B_R2,F2 - External Population Rarity,True,False,False,SELECT_AUTHORITATIVE_SOURCE
C:\RSOS\Training data\F2_EXTERNAL_POPULATION_RARITY\10_FINAL_MANIFEST\ENVIRONMENT.json,ENVIRONMENT.json,.json,323,2026-09-11T21:22:13.6177197Z,2026-09-11T21:22:13.6182467Z,OTHER_SOURCE,PRIMARY_OR_UNRESOLVED,NOT_YET_COPIED,EXP-011,CAN-F2-EXTERNAL,True,False,False,False,False,,UNCLASSIFIED,ELIGIBLE_PRIMARY_CANDIDATE,C:\RSOS\Training data\F2_EXTERNAL_POPULATION_RARITY,PHASE8B_R2,F2 - External Population Rarity,True,False,False,SELECT_AUTHORITATIVE_SOURCE
C:\RSOS\Training data\F2_EXTERNAL_POPULATION_RARITY\10_FINAL_MANIFEST\F2_A_OUTPUT_SHA256_MANIFEST.csv,F2_A_OUTPUT_SHA256_MANIFEST.csv,.csv,5399,2026-09-11T21:22:16.5458952Z,2026-09-11T21:22:16.5468945Z,RESULT_OR_OUTPUT,PRIMARY_OR_UNRESOLVED,NOT_YET_COPIED,EXP-011,CAN-F2-EXTERNAL,True,False,False,False,False,,09_FREEZE,ELIGIBLE_PRIMARY_CANDIDATE,C:\RSOS\Training data\F2_EXTERNAL_POPULATION_RARITY,PHASE8B_R2,F2 - External Population Rarity,True,False,False,SELECT_AUTHORITATIVE_SOURCE
C:\RSOS\Training data\F2_EXTERNAL_POPULATION_RARITY\10_FINAL_MANIFEST\F2_A_SUMMARY.json,F2_A_SUMMARY.json,.json,6403,2026-09-11T21:22:13.5844548Z,2026-09-11T21:22:13.5844548Z,RESULT_OR_OUTPUT,PRIMARY_OR_UNRESOLVED,NOT_YET_COPIED,EXP-011,CAN-F2-EXTERNAL,True,False,False,False,False,,05_OUTPUTS,ELIGIBLE_PRIMARY_CANDIDATE,C:\RSOS\Training data\F2_EXTERNAL_POPULATION_RARITY,PHASE8B_R2,F2 - External Population Rarity,True,False,False,SELECT_AUTHORITATIVE_SOURCE
C:\RSOS\Training data\F2_EXTERNAL_POPULATION_RARITY\10_FINAL_MANIFEST\F2_A_SUMMARY.txt,F2_A_SUMMARY.txt,.txt,1715,2026-09-11T21:22:13.5864558Z,2026-09-11T21:22:13.5864558Z,RESULT_OR_OUTPUT,PRIMARY_OR_UNRESOLVED,NOT_YET_COPIED,EXP-011,CAN-F2-EXTERNAL,True,False,False,False,False,,05_OUTPUTS,ELIGIBLE_PRIMARY_CANDIDATE,C:\RSOS\Training data\F2_EXTERNAL_POPULATION_RARITY,PHASE8B_R2,F2 - External Population Rarity,True,False,False,SELECT_AUTHORITATIVE_SOURCE
C:\RSOS\Training data\F2_EXTERNAL_POPULATION_RARITY\11_F1_REFERENCES\EXTRACTED\HOLDOUT_SCORES_INTERNAL.csv,HOLDOUT_SCORES_INTERNAL.csv,.csv,44567,2026-09-11T20:57:01.0594790Z,2026-09-11T20:57:01.0594790Z,RESULT_OR_OUTPUT,PRIMARY_OR_UNRESOLVED,NOT_YET_COPIED,EXP-011,CAN-F2-EXTERNAL,True,False,False,False,False,,05_OUTPUTS,ELIGIBLE_PRIMARY_CANDIDATE,C:\RSOS\Training data\F2_EXTERNAL_POPULATION_RARITY,PHASE8B_R2,F2 - External Population Rarity,True,False,False,EXCLUDE_REDUNDANT_COPY_OR_PROVENANCE
C:\RSOS\Training data\F2_EXTERNAL_POPULATION_RARITY\11_F1_REFERENCES\EXTRACTED\LATER_HOLD_POS_FEATURES.csv,LATER_HOLD_POS_FEATURES.csv,.csv,188434,2026-09-11T20:57:01.0574803Z,2026-09-11T20:57:01.0584777Z,RESULT_OR_OUTPUT,PRIMARY_OR_UNRESOLVED,NOT_YET_COPIED,EXP-011,CAN-F2-EXTERNAL,True,False,False,False,False,,05_OUTPUTS,ELIGIBLE_PRIMARY_CANDIDATE,C:\RSOS\Training data\F2_EXTERNAL_POPULATION_RARITY,PHASE8B_R2,F2 - External Population Rarity,True,False,False,EXCLUDE_REDUNDANT_COPY_OR_PROVENANCE
C:\RSOS\Training data\F2_EXTERNAL_POPULATION_RARITY\11_F1_REFERENCES\EXTRACTED\R1_COMPATIBLE.joblib,R1_COMPATIBLE.joblib,.joblib,2333,2026-09-11T20:57:01.0604764Z,2026-09-11T20:57:01.0604764Z,OTHER_SOURCE,PRIMARY_OR_UNRESOLVED,NOT_YET_COPIED,EXP-011,CAN-F2-EXTERNAL,True,False,False,False,False,,UNCLASSIFIED,ELIGIBLE_PRIMARY_CANDIDATE,C:\RSOS\Training data\F2_EXTERNAL_POPULATION_RARITY,PHASE8B_R2,F2 - External Population Rarity,True,False,False,EXCLUDE_REDUNDANT_COPY_OR_PROVENANCE
C:\RSOS\Training data\F2_EXTERNAL_POPULATION_RARITY\11_F1_REFERENCES\EXTRACTED\SURFACE_FREE.joblib,SURFACE_FREE.joblib,.joblib,2989,2026-09-11T20:57:01.0614758Z,2026-09-11T20:57:01.0614758Z,OTHER_SOURCE,PRIMARY_OR_UNRESOLVED,NOT_YET_COPIED,EXP-011,CAN-F2-EXTERNAL,True,False,False,False,False,,UNCLASSIFIED,ELIGIBLE_PRIMARY_CANDIDATE,C:\RSOS\Training data\F2_EXTERNAL_POPULATION_RARITY,PHASE8B_R2,F2 - External Population Rarity,True,False,False,EXCLUDE_REDUNDANT_COPY_OR_PROVENANCE
C:\RSOS\Training data\F2_EXTERNAL_POPULATION_RARITY\11_F1_REFERENCES\F1_BR1_BLIND_RSOS_CORPUS_REDISCOVERY_RESULTS_PACKAGE.zip,F1_BR1_BLIND_RSOS_CORPUS_REDISCOVERY_RESULTS_PACKAGE.zip,.zip,2110934,2026-09-11T20:57:01.0504821Z,2026-09-11T19:43:24.4204243Z,RESULT_OR_OUTPUT,PRIMARY_OR_UNRESOLVED,NOT_YET_COPIED,EXP-011,CAN-F2-EXTERNAL,True,False,False,False,False,,02_INPUTS,ELIGIBLE_PRIMARY_CANDIDATE,C:\RSOS\Training data\F2_EXTERNAL_POPULATION_RARITY,PHASE8B_R2,F2 - External Population Rarity,True,False,False,SELECT_AUTHORITATIVE_SOURCE
C:\RSOS\Training data\F2_EXTERNAL_POPULATION_RARITY\F2_A_COMPLETE.marker,F2_A_COMPLETE.marker,.marker,152,2026-09-11T21:22:13.6182467Z,2026-09-11T21:22:13.6182467Z,AUTHORITY_OR_FREEZE,PRIMARY_OR_UNRESOLVED,NOT_YET_COPIED,EXP-011,CAN-F2-EXTERNAL,True,False,False,False,False,,09_FREEZE,ELIGIBLE_PRIMARY_CANDIDATE,C:\RSOS\Training data\F2_EXTERNAL_POPULATION_RARITY,PHASE8B_R2,F2 - External Population Rarity,True,False,False,SELECT_AUTHORITATIVE_SOURCE
C:\RSOS\Training data\F2_EXTERNAL_POPULATION_RARITY\F2_A_OPENED.marker,F2_A_OPENED.marker,.marker,103,2026-09-11T20:57:01.1135460Z,2026-09-11T20:57:01.1145459Z,OTHER_SOURCE,PRIMARY_OR_UNRESOLVED,NOT_YET_COPIED,EXP-011,CAN-F2-EXTERNAL,True,False,False,False,False,,UNCLASSIFIED,ELIGIBLE_PRIMARY_CANDIDATE,C:\RSOS\Training data\F2_EXTERNAL_POPULATION_RARITY,PHASE8B_R2,F2 - External Population Rarity,True,False,False,SELECT_AUTHORITATIVE_SOURCE
C:\RSOS\Training data\F2_EXTERNAL_POPULATION_RARITY\F2_A_WILDCHAT_RARITY_RUNNER_ORIGINAL.zip,F2_A_WILDCHAT_RARITY_RUNNER_ORIGINAL.zip,.zip,16705,2026-09-11T20:56:55.9348227Z,2026-09-11T20:55:07.4606712Z,OTHER_SOURCE,PRIMARY_OR_UNRESOLVED,NOT_YET_COPIED,EXP-011,CAN-F2-EXTERNAL,True,False,False,False,False,,08_PACKAGE,ELIGIBLE_PRIMARY_CANDIDATE,C:\RSOS\Training data\F2_EXTERNAL_POPULATION_RARITY,PHASE8B_R2,F2 - External Population Rarity,True,False,False,SELECT_AUTHORITATIVE_SOURCE
C:\RSOS\Training data\F2_EXTERNAL_POPULATION_RARITY\F2_EXTERNAL_POPULATION_RARITY_COMPLETE.zip,F2_EXTERNAL_POPULATION_RARITY_COMPLETE.zip,.zip,560865201,2026-09-11T21:22:16.8314424Z,2026-09-11T21:22:44.6822773Z,AUTHORITY_OR_FREEZE,PRIMARY_OR_UNRESOLVED,NOT_YET_COPIED,EXP-011,CAN-F2-EXTERNAL,True,False,False,False,False,,09_FREEZE,ELIGIBLE_PRIMARY_CANDIDATE,C:\RSOS\Training data\F2_EXTERNAL_POPULATION_RARITY,PHASE8B_R2,F2 - External Population Rarity,True,False,False,SELECT_AUTHORITATIVE_SOURCE
C:\RSOS\Training data\F2_EXTERNAL_POPULATION_RARITY\F2_EXTERNAL_POPULATION_RARITY_COMPLETE.zip.sha256.txt,F2_EXTERNAL_POPULATION_RARITY_COMPLETE.zip.sha256.txt,.txt,66,2026-09-11T21:22:48.6062922Z,2026-09-11T21:22:48.6062922Z,AUTHORITY_OR_FREEZE,PRIMARY_OR_UNRESOLVED,NOT_YET_COPIED,EXP-011,CAN-F2-EXTERNAL,True,False,False,False,False,,09_FREEZE,ELIGIBLE_PRIMARY_CANDIDATE,C:\RSOS\Training data\F2_EXTERNAL_POPULATION_RARITY,PHASE8B_R2,F2 - External Population Rarity,True,False,False,SELECT_AUTHORITATIVE_SOURCE
C:\RSOS\Training data\F2_EXTERNAL_POPULATION_RARITY\F2_EXTERNAL_POPULATION_RARITY_COMPLETE_PACKAGE\F2_EXTERNAL_POPULATION_RARITY_COMPLETE.zip,F2_EXTERNAL_POPULATION_RARITY_COMPLETE.zip,.zip,560865201,2026-09-11T21:28:33.8169093Z,2026-09-11T21:22:44.6822773Z,AUTHORITY_OR_FREEZE,PRIMARY_OR_UNRESOLVED,NOT_YET_COPIED,EXP-011,CAN-F2-EXTERNAL,True,False,False,False,False,,09_FREEZE,ELIGIBLE_PRIMARY_CANDIDATE,C:\RSOS\Training data\F2_EXTERNAL_POPULATION_RARITY,PHASE8B_R2,F2 - External Population Rarity,True,False,False,SELECT_AUTHORITATIVE_SOURCE
C:\RSOS\Training data\F2_EXTERNAL_POPULATION_RARITY\F2_EXTERNAL_POPULATION_RARITY_COMPLETE_PACKAGE\FULL_PACKAGE_MANIFEST.csv,FULL_PACKAGE_MANIFEST.csv,.csv,175,2026-09-11T21:29:58.6410665Z,2026-09-11T21:30:07.1795438Z,OTHER_SOURCE,PRIMARY_OR_UNRESOLVED,NOT_YET_COPIED,EXP-011,CAN-F2-EXTERNAL,True,False,False,False,False,,00_CONTROL,ELIGIBLE_PRIMARY_CANDIDATE,C:\RSOS\Training data\F2_EXTERNAL_POPULATION_RARITY,PHASE8B_R2,F2 - External Population Rarity,True,False,False,SELECT_AUTHORITATIVE_SOURCE
C:\RSOS\Training data\F2_EXTERNAL_POPULATION_RARITY\F2_EXTERNAL_POPULATION_RARITY_COMPLETE_PACKAGE\ORIGINAL_SHA256.txt,ORIGINAL_SHA256.txt,.txt,188,2026-09-11T21:29:58.6370692Z,2026-09-11T21:29:58.6370692Z,OTHER_SOURCE,PRIMARY_OR_UNRESOLVED,NOT_YET_COPIED,EXP-011,CAN-F2-EXTERNAL,True,False,False,False,False,,09_FREEZE,ELIGIBLE_PRIMARY_CANDIDATE,C:\RSOS\Training data\F2_EXTERNAL_POPULATION_RARITY,PHASE8B_R2,F2 - External Population Rarity,True,False,False,SELECT_AUTHORITATIVE_SOURCE
C:\RSOS\Training data\F2_EXTERNAL_POPULATION_RARITY\F2_EXTERNAL_POPULATION_RARITY_COMPLETE_PACKAGE\SPLIT_3_PARTS\F2_EXTERNAL_POPULATION_RARITY_COMPLETE.zip.part001,F2_EXTERNAL_POPULATION_RARITY_COMPLETE.zip.part001,.part001,186955067,2026-09-11T21:28:34.1031883Z,2026-09-11T21:28:35.1794113Z,AUTHORITY_OR_FREEZE,PRIMARY_OR_UNRESOLVED,NOT_YET_COPIED,EXP-011,CAN-F2-EXTERNAL,True,False,False,False,False,,09_FREEZE,ELIGIBLE_PRIMARY_CANDIDATE,C:\RSOS\Training data\F2_EXTERNAL_POPULATION_RARITY,PHASE8B_R2,F2 - External Population Rarity,True,False,False,SELECT_AUTHORITATIVE_SOURCE
C:\RSOS\Training data\F2_EXTERNAL_POPULATION_RARITY\F2_EXTERNAL_POPULATION_RARITY_COMPLETE_PACKAGE\SPLIT_3_PARTS\F2_EXTERNAL_POPULATION_RARITY_COMPLETE.zip.part002,F2_EXTERNAL_POPULATION_RARITY_COMPLETE.zip.part002,.part002,186955067,2026-09-11T21:28:35.2302096Z,2026-09-11T21:28:35.4336823Z,AUTHORITY_OR_FREEZE,PRIMARY_OR_UNRESOLVED,NOT_YET_COPIED,EXP-011,CAN-F2-EXTERNAL,True,False,False,False,False,,09_FREEZE,ELIGIBLE_PRIMARY_CANDIDATE,C:\RSOS\Training data\F2_EXTERNAL_POPULATION_RARITY,PHASE8B_R2,F2 - External Population Rarity,True,False,False,SELECT_AUTHORITATIVE_SOURCE
C:\RSOS\Training data\F2_EXTERNAL_POPULATION_RARITY\F2_EXTERNAL_POPULATION_RARITY_COMPLETE_PACKAGE\SPLIT_3_PARTS\F2_EXTERNAL_POPULATION_RARITY_COMPLETE.zip.part003,F2_EXTERNAL_POPULATION_RARITY_COMPLETE.zip.part003,.part003,186955067,2026-09-11T21:28:35.6217526Z,2026-09-11T21:28:43.7816637Z,AUTHORITY_OR_FREEZE,PRIMARY_OR_UNRESOLVED,NOT_YET_COPIED,EXP-011,CAN-F2-EXTERNAL,True,False,False,False,False,,09_FREEZE,ELIGIBLE_PRIMARY_CANDIDATE,C:\RSOS\Training data\F2_EXTERNAL_POPULATION_RARITY,PHASE8B_R2,F2 - External Population Rarity,True,False,False,SELECT_AUTHORITATIVE_SOURCE
C:\RSOS\Training data\F2_EXTERNAL_POPULATION_RARITY\F2_EXTERNAL_POPULATION_RARITY_COMPLETE_PACKAGE\SPLIT_SHA256_MANIFEST.csv,SPLIT_SHA256_MANIFEST.csv,.csv,459,2026-09-11T21:29:03.1018316Z,2026-09-11T21:29:58.6070888Z,OTHER_SOURCE,PRIMARY_OR_UNRESOLVED,NOT_YET_COPIED,EXP-011,CAN-F2-EXTERNAL,True,False,False,False,False,,09_FREEZE,ELIGIBLE_PRIMARY_CANDIDATE,C:\RSOS\Training data\F2_EXTERNAL_POPULATION_RARITY,PHASE8B_R2,F2 - External Population Rarity,True,False,False,SELECT_AUTHORITATIVE_SOURCE
C:\RSOS\Training data\F2_EXTERNAL_POPULATION_RARITY\F2_FROZEN_IMPLEMENTATION_SPEC.json,F2_FROZEN_IMPLEMENTATION_SPEC.json,.json,2286,2026-09-11T20:56:04.2931326Z,2026-09-11T17:53:32.0000000Z,AUTHORITY_OR_FREEZE,PRIMARY_OR_UNRESOLVED,NOT_YET_COPIED,EXP-011,CAN-F2-EXTERNAL,True,False,False,False,False,,09_FREEZE,ELIGIBLE_PRIMARY_CANDIDATE,C:\RSOS\Training data\F2_EXTERNAL_POPULATION_RARITY,PHASE8B_R2,F2 - External Population Rarity,True,False,False,SELECT_AUTHORITATIVE_SOURCE
C:\RSOS\Training data\F2_EXTERNAL_POPULATION_RARITY\PORTABLE_FROZEN_BR1_MODELS.json,PORTABLE_FROZEN_BR1_MODELS.json,.json,5407,2026-09-11T20:56:04.3051220Z,2026-09-11T17:53:32.0000000Z,AUTHORITY_OR_FREEZE,PRIMARY_OR_UNRESOLVED,NOT_YET_COPIED,EXP-011,CAN-F2-EXTERNAL,True,False,False,False,False,,09_FREEZE,ELIGIBLE_PRIMARY_CANDIDATE,C:\RSOS\Training data\F2_EXTERNAL_POPULATION_RARITY,PHASE8B_R2,F2 - External Population Rarity,True,False,False,SELECT_AUTHORITATIVE_SOURCE
C:\RSOS\Training data\F2_EXTERNAL_POPULATION_RARITY\README.txt,README.txt,.txt,1013,2026-09-11T20:56:04.3441018Z,2026-09-11T17:53:32.0000000Z,OTHER_SOURCE,PRIMARY_OR_UNRESOLVED,NOT_YET_COPIED,EXP-011,CAN-F2-EXTERNAL,True,False,False,False,False,,00_CONTROL,ELIGIBLE_PRIMARY_CANDIDATE,C:\RSOS\Training data\F2_EXTERNAL_POPULATION_RARITY,PHASE8B_R2,F2 - External Population Rarity,True,False,False,SELECT_AUTHORITATIVE_SOURCE
C:\RSOS\Training data\F2_EXTERNAL_POPULATION_RARITY\RUN_F2_A_WILDCHAT_RARITY.py,RUN_F2_A_WILDCHAT_RARITY.py,.py,33909,2026-09-11T20:56:04.3181161Z,2026-09-11T17:53:32.0000000Z,RUNNER,PRIMARY_OR_UNRESOLVED,NOT_YET_COPIED,EXP-011,CAN-F2-EXTERNAL,True,False,False,False,False,,03_RUNNER,ELIGIBLE_PRIMARY_CANDIDATE,C:\RSOS\Training data\F2_EXTERNAL_POPULATION_RARITY,PHASE8B_R2,F2 - External Population Rarity,True,False,False,SELECT_AUTHORITATIVE_SOURCE
C:\RSOS\Training data\F2_EXTERNAL_POPULATION_RARITY\RUN_F2_A_WILDCHAT_RARITY.ps1,RUN_F2_A_WILDCHAT_RARITY.ps1,.ps1,2280,2026-09-11T20:56:04.3301100Z,2026-09-11T17:53:52.0000000Z,RUNNER,PRIMARY_OR_UNRESOLVED,NOT_YET_COPIED,EXP-011,CAN-F2-EXTERNAL,True,False,False,False,False,,03_RUNNER,ELIGIBLE_PRIMARY_CANDIDATE,C:\RSOS\Training data\F2_EXTERNAL_POPULATION_RARITY,PHASE8B_R2,F2 - External Population Rarity,True,False,False,SELECT_AUTHORITATIVE_SOURCE
